StockCode,Description,Sentiment,Confidence
85048,15CM CHRISTMAS GLASS BALL 20 LIGHTS,Neutral,0.8264
79323P,PINK CHERRY LIGHTS,Neutral,0.5814
79323W, WHITE CHERRY LIGHTS,Neutral,0.7099
22041,"RECORD FRAME 7"" SINGLE SIZE ",Neutral,0.8038
21232,STRAWBERRY CERAMIC TRINKET BOX,Neutral,0.8138
22064,PINK DOUGHNUT TRINKET POT ,Neutral,0.7412
21871,SAVE THE PLANET MUG,Neutral,0.6421
21523,FANCY FONT HOME SWEET HOME DOORMAT,Neutral,0.784
22350,CAT BOWL ,Neutral,0.6625
22349,"DOG BOWL , CHASING BALL DESIGN",Neutral,0.8368
22195,HEART MEASURING SPOONS LARGE,Neutral,0.7802
22353,LUNCHBOX WITH CUTLERY FAIRY CAKES ,Neutral,0.6515
48173C,DOOR MAT BLACK FLOCK ,Neutral,0.7467
21755,LOVE BUILDING BLOCK WORD,Positive,0.8923
21754,HOME BUILDING BLOCK WORD,Neutral,0.778
84879,ASSORTED COLOUR BIRD ORNAMENT,Neutral,0.7253
22119, PEACE WOODEN BLOCK LETTERS,Neutral,0.7418
22142,CHRISTMAS CRAFT WHITE FAIRY ,Neutral,0.7767
22296,HEART IVORY TRELLIS LARGE,Neutral,0.6711
22295,HEART FILIGREE DOVE LARGE,Neutral,0.7481
22109,FULL ENGLISH BREAKFAST PLATE,Neutral,0.8809
22107,PIZZA PLATE IN BOX,Neutral,0.7873
22194,BLACK DINER WALL CLOCK,Neutral,0.8605
35004B,SET OF 3 BLACK FLYING DUCKS,Neutral,0.8328
82582,AREA PATROLLED METAL SIGN,Neutral,0.8456
21181,PLEASE ONE PERSON  METAL SIGN,Neutral,0.7354
21756,BATH BUILDING BLOCK WORD,Neutral,0.7007
21333,CLASSIC WHITE FRAME,Negative,0.6614
84596F,SMALL MARSHMALLOWS PINK BOWL,Neutral,0.8661
84596L,BISCUITS SMALL BOWL LIGHT BLUE,Neutral,0.7518
22111,SCOTTIE DOG HOT WATER BOTTLE,Neutral,0.7418
22143,CHRISTMAS CRAFT HEART DECORATIONS,Neutral,0.8503
22145,CHRISTMAS CRAFT HEART STOCKING ,Neutral,0.7256
22130,PARTY CONE CHRISTMAS DECORATION ,Neutral,0.8307
21364,PEACE SMALL WOOD LETTERS,Neutral,0.805
21360,JOY LARGE WOOD LETTERS,Neutral,0.8031
21351,CINAMMON & ORANGE WREATH,Neutral,0.8227
21352,EUCALYPTUS & PINECONE  WREATH,Neutral,0.8051
35400,WOODEN BOX ADVENT CALENDAR ,Neutral,0.7898
20695,FLORAL BLUE MONSTER,Neutral,0.4831
37370,RETRO COFFEE MUGS ASSORTED,Neutral,0.7866
10002,INFLATABLE POLITICAL GLOBE ,Negative,0.8692
84507B,STRIPES DESIGN MONKEY DOLL,Neutral,0.8442
20703,BLUE PADDED SOFT MOBILE,Neutral,0.6593
21987,PACK OF 6 SKULL PAPER CUPS,Neutral,0.8315
21989,PACK OF 20 SKULL PAPER NAPKINS,Neutral,0.8178
84970S,HANGING HEART ZINC T-LIGHT HOLDER,Neutral,0.6639
20971,PINK BLUE FELT CRAFT TRINKET BOX,Neutral,0.8148
22271,FELTCRAFT DOLL ROSIE,Neutral,0.7716
22272,FELTCRAFT DOLL MARIA,Neutral,0.7801
22274,FELTCRAFT DOLL EMILY,Neutral,0.8175
21912,VINTAGE SNAKES & LADDERS,Neutral,0.7495
22112,CHOCOLATE HOT WATER BOTTLE,Neutral,0.7831
21329,DINOSAURS  WRITING SET ,Neutral,0.8593
21252,SET OF MEADOW  FLOWER STICKERS,Neutral,0.869
21100,CHARLIE AND LOLA CHARLOTTE BAG,Neutral,0.8169
21033,JUMBO BAG CHARLIE AND LOLA TOYS,Neutral,0.7808
20711,JUMBO BAG TOYS ,Neutral,0.7672
21410,COUNTRY COTTAGE  DOORSTOP GREEN,Neutral,0.7698
21411,GINGHAM HEART  DOORSTOP RED,Neutral,0.7103
84031A,CHARLIE+LOLA RED HOT WATER BOTTLE ,Neutral,0.7034
84031B,CHARLIE LOLA BLUE HOT WATER BOTTLE ,Neutral,0.7115
84032A,CHARLIE+LOLA PINK HOT WATER BOTTLE,Neutral,0.6857
84032B,CHARLIE + LOLA RED HOT WATER BOTTLE,Neutral,0.7259
84519A,TOMATO CHARLIE+LOLA COASTER SET,Neutral,0.8546
84519B,CARROT CHARLIE+LOLA COASTER SET,Neutral,0.8474
85132A,CHARLIE + LOLA BISCUITS TINS,Neutral,0.8264
85132C,CHARLIE AND LOLA FIGURES TINS,Neutral,0.8216
85183A,CHARLIE & LOLA WASTEPAPER BIN BLUE,Neutral,0.8254
85183B,CHARLIE & LOLA WASTEPAPER BIN FLORA,Neutral,0.8412
22065,CHRISTMAS PUDDING TRINKET POT ,Neutral,0.7611
22138,BAKING SET 9 PIECE RETROSPOT ,Neutral,0.8246
22139,RETRO SPOT TEA SET CERAMIC 11 PC ,Neutral,0.8788
22352,LUNCHBOX WITH CUTLERY RETROSPOT ,Neutral,0.819
85014A,BLACK/BLUE DOTS RUFFLED UMBRELLA,Neutral,0.8647
85014B,RED/WHITE DOTS RUFFLED UMBRELLA,Neutral,0.8103
16161P,WRAP ENGLISH ROSE ,Neutral,0.8368
16169N,WRAP BLUE RUSSIAN FOLKART,Neutral,0.7797
21491,SET OF THREE VINTAGE GIFT WRAPS,Neutral,0.8652
22333,RETRO SPORT PARTY BAG + STICKER SET,Neutral,0.8739
85216,ASSORTED CAKES FRIDGE MAGNETS,Neutral,0.757
21493, VINTAGE DESIGN GIFT TAGS,Neutral,0.8581
21731,RED TOADSTOOL LED NIGHT LIGHT,Neutral,0.8224
85232B,SET/3 RUSSIAN DOLL STACKING TINS,Neutral,0.8246
84691,PACK 20 DOLLY PEGS,Neutral,0.8124
20749,ASSORTED COLOUR MINI CASES,Neutral,0.7502
POST,POSTAGE,Neutral,0.6095
22321,BIRD DECORATION RED SPOT,Neutral,0.7664
84029E,RED WOOLLY HOTTIE WHITE HEART.,Neutral,0.6381
21955,UNION JACK GUNS & ROSES  DOORMAT,Neutral,0.7179
84899E,YELLOW + BROWN BEAR FELT PURSE KIT,Neutral,0.8479
85123A,WHITE HANGING HEART T-LIGHT HOLDER,Neutral,0.717
21582,KINGS CHOICE SMALL TUBE MATCHES,Neutral,0.8643
21586,KINGS CHOICE GIANT TUBE MATCHES,Neutral,0.8562
21590,KINGS CHOICE CIGAR BOX MATCHES ,Neutral,0.8418
22091,EMPIRE TISSUE BOX,Neutral,0.7105
84251J,"GREETING CARD, THE BLACK CAT",Neutral,0.8367
22024,RAINY LADIES BIRTHDAY CARD,Neutral,0.7996
22026,BANQUET BIRTHDAY  CARD  ,Neutral,0.813
22029,SPACE BOY BIRTHDAY CARD,Neutral,0.8152
22025,RING OF ROSES BIRTHDAY CARD,Neutral,0.7165
22031,BOTANICAL LAVENDER BIRTHDAY CARD,Neutral,0.8749
21428,SET3 BOOK BOX GREEN GINGHAM FLOWER ,Neutral,0.8466
21430,SET/3 RED GINGHAM ROSE STORAGE BOX,Neutral,0.8435
21916,SET 12 RETRO WHITE CHALK STICKS,Neutral,0.8946
21790,VINTAGE SNAP CARDS,Neutral,0.7403
21888,BINGO SET,Neutral,0.6846
85178,VICTORIAN SEWING KIT,Negative,0.7035
20754,RETRO RED SPOTTY WASHING UP GLOVES,Positive,0.4989
21035,SET/2 RED SPOTTY TEA TOWELS ,Neutral,0.8313
82001S,VINYL RECORD FRAME SILVER,Neutral,0.8413
82580,BATHROOM METAL SIGN,Neutral,0.8056
85150,LADIES & GENTLEMEN METAL SIGN,Neutral,0.8831
21041,RED SPOTTY OVEN GLOVE DOUBLE,Neutral,0.7393
35916C,PINK FELT HANGING HEART W FLOWER,Neutral,0.742
35916B,BLUE FELT HANGING HEART W FLOWER,Neutral,0.7714
22180,RETRO SPOT LAMP,Neutral,0.8284
22128,PARTY CONES CANDY ASSORTED,Neutral,0.8002
22163,HEART STRING MEMO HOLDER HANGING,Neutral,0.7521
35951,FOLKART BAUBLE CHRISTMAS DECORATION,Neutral,0.8496
22253,6 CROCHET STRAWBERRIES,Neutral,0.7858
84988,SET OF 72 PINK HEART PAPER DOILIES,Neutral,0.858
22219,LOVEBIRD HANGING DECORATION WHITE ,Positive,0.6144
18097C,WHITE TALL PORCELAIN T-LIGHT HOLDER,Neutral,0.8444
21299,EDWARDIAN TOILET ROLL UNIT ,Neutral,0.8408
21099,SET/6 STRAWBERRY PAPER CUPS,Neutral,0.855
21085,SET/6 WOODLAND PAPER CUPS,Neutral,0.8607
21929,JUMBO BAG PINK VINTAGE PAISLEY,Neutral,0.843
22241,"GARLAND , WOODEN  "" HAPPY EASTER""",Positive,0.8259
21091,SET/6 WOODLAND PAPER PLATES,Neutral,0.9039
21733,RED HANGING HEART T-LIGHT HOLDER,Neutral,0.7448
22178,VICTORIAN GLASS HANGING T-LIGHT,Neutral,0.8598
22125,UNION JACK HOT WATER BOTTLE ,Neutral,0.7673
21671,RED SPOT CERAMIC DRAWER KNOB,Neutral,0.788
22086,PAPER CHAIN KIT 50'S CHRISTMAS ,Neutral,0.8211
22294,HEART FILIGREE DOVE  SMALL,Neutral,0.6996
22199,FRYING PAN RED POLKADOT ,Neutral,0.6916
22083,PAPER CHAIN KIT RETRO SPOT,Neutral,0.8054
22114,HOT WATER BOTTLE TEA AND SYMPATHY,Neutral,0.8379
21485,RED SPOT HEART HOT WATER BOTTLE,Neutral,0.6777
21928,JUMBO BAG SCANDINAVIAN PAISLEY,Neutral,0.8477
85099B,JUMBO BAG RED WHITE SPOTTY ,Neutral,0.7818
22356,"CHARLOTTE BAG , PINK/WHITE SPOTS",Neutral,0.8308
20724,RED SPOTTY CHARLOTTE BAG,Neutral,0.7444
21592,RETRO SPOT  CIGAR BOX MATCHES ,Neutral,0.8333
20725,LUNCH BAG RED SPOTTY,Neutral,0.7735
20728,LUNCH BAG CARS BLUE,Neutral,0.7862
20726,LUNCH BAG WOODLAND,Neutral,0.8479
21217,RED SPOTTY ROUND CAKE TINS,Neutral,0.7379
22195,LARGE HEART MEASURING SPOONS,Neutral,0.8081
85066,CREAM SWEETHEART MINI CHEST,Neutral,0.493
20827,GOLD APERITIF GLASS,Neutral,0.7243
20825,GOLD WINE GLASS,Neutral,0.7013
20823,GOLD WINE GOBLET,Neutral,0.7182
20826,SILVER APERITIF GLASS,Neutral,0.7499
22087,PAPER BUNTING WHITE LACE,Neutral,0.5903
85206A,CREAM FELT EASTER EGG BASKET,Neutral,0.7625
21895,POTTING SHED SOW 'N' GROW SET,Neutral,0.8779
21896,POTTING SHED TWINE,Neutral,0.8324
84946,ANTIQUE SILVER TEA GLASS ETCHED,Neutral,0.798
22090,PAPER BUNTING RETRO SPOTS,Neutral,0.7977
90200A,PURPLE SWEETHEART BRACELET,Neutral,0.6233
90200D,PINK SWEETHEART BRACELET,Neutral,0.6492
90200B,BLACK SWEETHEART BRACELET,Neutral,0.7299
90200E,GREEN SWEETHEART BRACELET,Positive,0.5285
90200C,BLUE SWEETHEART BRACELET,Neutral,0.6161
90185C,BLACK DIAMANTE EXPANDABLE RING,Neutral,0.8568
90185B,AMETHYST DIAMANTE EXPANDABLE RING,Neutral,0.7425
90003C,MIDNIGHT BLUE PAIR HEART HAIR SLIDE,Neutral,0.7784
90003D,CRYSTAL PAIR HEART HAIR SLIDES,Neutral,0.7481
90003B,ROSE COLOUR PAIR HEART HAIR SLIDES,Neutral,0.8352
90209C,PINK ENAMEL+GLASS HAIR COMB,Neutral,0.8464
90209A,PURPLE ENAMEL+GLASS HAIR COMB,Neutral,0.865
90082D,DIAMANTE BOW BROOCH BLACK COLOUR,Neutral,0.8078
21977,PACK OF 60 PINK PAISLEY CAKE CASES,Neutral,0.8494
84991,60 TEATIME FAIRY CAKE CASES,Neutral,0.8398
22273,FELTCRAFT DOLL MOLLY,Neutral,0.7708
22179,SET 10 LIGHTS NIGHT OWL,Neutral,0.8924
22320,BIRDS MOBILE VINTAGE DESIGN,Neutral,0.8406
22232,3 PIECE JIGSAW TOADSTOOLS,Neutral,0.8265
84598,BOYS ALPHABET IRON ON PATCHES,Neutral,0.8651
79323S, SILVER CHERRY LIGHTS,Neutral,0.7161
84568,GIRLS ALPHABET IRON ON PATCHES ,Neutral,0.8601
21668,RED STRIPE CERAMIC DRAWER KNOB,Neutral,0.7867
21669,BLUE STRIPE CERAMIC DRAWER KNOB,Neutral,0.8233
21670,BLUE SPOT CERAMIC DRAWER KNOB,Neutral,0.82
21672,WHITE SPOT RED CERAMIC DRAWER KNOB,Neutral,0.8198
21673,WHITE SPOT BLUE CERAMIC DRAWER KNOB,Neutral,0.8145
85071A,BLUE CHARLIE+LOLA PERSONAL DOORSIGN,Neutral,0.8763
85071B,RED CHARLIE+LOLA PERSONAL DOORSIGN,Neutral,0.869
21161,KEEP OUT BOYS DOOR HANGER ,Neutral,0.7225
21162,TOXIC AREA  DOOR HANGER ,Neutral,0.5749
21248,DOOR HANGER  MUM + DADS ROOM,Neutral,0.8241
21159,MOODY BOY  DOOR HANGER ,Neutral,0.754
82494L,WOODEN FRAME ANTIQUE WHITE ,Neutral,0.7288
82486,WOOD S/3 CABINET ANT WHITE FINISH,Neutral,0.9133
82483,WOOD 2 DRAWER CABINET WHITE FINISH,Neutral,0.8947
21212,PACK OF 72 RETRO SPOT CAKE CASES,Neutral,0.8932
72756,FAIRY CAKE CANDLES,Neutral,0.6443
22063,CERAMIC BOWL WITH STRAWBERRY DESIGN,Neutral,0.855
37450,CERAMIC CAKE BOWL + HANGING CAKES,Neutral,0.7752
21707,"FOLDING UMBRELLA , BLACK/BLUE  SPOT",Neutral,0.8363
21710,FOLDING UMBRELLA  PINK/WHITE  SPOT,Neutral,0.8072
21708,FOLDING UMBRELLA  CREAM/MULTI  SPOT,Neutral,0.833
21706,"FOLDING UMBRELLA , RED/WHITE SPOT",Neutral,0.8156
21711,FOLDING UMBRELLA  WHITE/RED  SPOT,Neutral,0.849
20747,PICCADILLY TEA SET,Neutral,0.8382
20752,RETRO BLUE SPOTTY WASHING UP GLOVES,Positive,0.5067
20753,RETRO PINK SPOT WASHING UP GLOVES,Positive,0.6036
20751,FUNKY WASHING UP GLOVES ASSORTED,Neutral,0.6272
48185,DOOR MAT FAIRY CAKE,Neutral,0.6973
21481,FAWN BLUE HOT WATER BOTTLE,Neutral,0.7595
85042,ANTIQUE LILY FAIRY LIGHTS,Neutral,0.6674
72760B,VINTAGE CREAM 3 BASKET CAKE STAND,Neutral,0.8644
22149,FELTCRAFT 6 FLOWER FRIENDS,Neutral,0.8347
21482,MUSHROOM BLUE HOT WATER BOTTLE,Neutral,0.7812
21484,CHICK GREY HOT WATER BOTTLE,Neutral,0.747
20967,GREY FLORAL FELTCRAFT SHOULDER BAG,Neutral,0.7845
20970,PINK FLORAL FELTCRAFT SHOULDER BAG,Neutral,0.8349
84582,PINK CROCHET CAT WITH SCARF,Neutral,0.8205
20972,PINK CREAM FELT CRAFT TRINKET BOX ,Neutral,0.7821
84327A,PINK JUMPER LARRY THE LAMB,Neutral,0.8108
21490,SET OF THREE 50'S GIFT WRAPS ,Neutral,0.8591
21063,PARTY INVITES JAZZ HEARTS,Neutral,0.8377
21058,PARTY INVITES WOODLAND,Neutral,0.8574
84997D,PINK 3 PIECE MINI DOTS CUTLERY SET,Neutral,0.8577
84997C,BLUE 3 PIECE MINI DOTS CUTLERY SET,Neutral,0.8809
22301,COFFEE MUG CAT + BIRD DESIGN,Neutral,0.8175
22300,COFFEE MUG DOG + BALL DESIGN,Neutral,0.8399
21231,SWEETHEART CERAMIC TRINKET BOX,Neutral,0.7169
20870,OPULENT VELVET CANDLE IN BOX,Neutral,0.8243
90121B,VINTAGE ROSE BEAD BRACELET BLUE,Neutral,0.6857
90175A,WHITE GLASS CHUNKY CHARM BRACELET,Neutral,0.8007
90195B,BLACK GEMSTONE BRACELET,Neutral,0.8683
90062,CARNIVAL BRACELET,Neutral,0.7428
21930,JUMBO STORAGE BAG SKULLS,Neutral,0.6733
21540,DAIRY MAID CERAMIC BUTTER DISH,Neutral,0.7375
21533,RETRO SPOT LARGE MILK JUG,Neutral,0.846
85083,KISS REINDEER SCANDINAVIAN STOCKING,Neutral,0.8735
21472,LADYBIRD + BEE RAFFIA FOOD COVER,Neutral,0.8068
47566B,TEA TIME PARTY BUNTING,Neutral,0.7931
22275,WEEKEND BAG VINTAGE ROSE PAISLEY,Neutral,0.8805
21479,WHITE SKULL HOT WATER BOTTLE ,Neutral,0.7725
21791,VINTAGE HEADS AND TAILS CARD GAME ,Neutral,0.8366
71477,COLOUR GLASS. STAR T-LIGHT HOLDER,Neutral,0.7624
37449,CERAMIC CAKE STAND + HANGING CAKES,Neutral,0.8241
37446,MINI CAKE STAND WITH HANGING CAKES,Neutral,0.8833
21258,VICTORIAN SEWING BOX LARGE,Neutral,0.8046
20892,SET/3 TALL GLASS CANDLE HOLDER PINK,Neutral,0.896
47591D,PINK FAIRY CAKE CHILD'S APRON,Neutral,0.7425
21867,PINK UNION JACK  LUGGAGE TAG,Neutral,0.8561
82551,LAUNDRY 15C METAL SIGN,Neutral,0.8081
82567,"AIRLINE LOUNGE,METAL SIGN",Neutral,0.8098
82613D,METAL SIGN CUPCAKE SINGLE HOOK,Neutral,0.8571
21179,NO JUNK MAIL METAL SIGN,Negative,0.5059
21865,PINK UNION JACK  PASSPORT COVER ,Neutral,0.7918
72783,BLACK SIL'T SQU CANDLE PLATE ,Neutral,0.7216
20719,WOODLAND CHARLOTTE BAG,Neutral,0.7988
21869,POTTING SHED COFFEE MUG,Neutral,0.7756
21876,POTTERING MUG,Neutral,0.592
84849B,FAIRY SOAP SOAP HOLDER,Neutral,0.7631
21864,UNION JACK FLAG PASSPORT COVER ,Neutral,0.8449
21470,FLOWER VINE RAFFIA FOOD COVER,Neutral,0.8531
20897,VINTAGE NOTEBOOK PARIS DAYS,Neutral,0.8838
44230,SQUARE MIRROR CURTAIN,Neutral,0.8257
37485,ENGLISH ROSE TEA SET IN GIFT BOX,Neutral,0.8791
84997A,GREEN 3 PIECE MINI DOTS CUTLERY SET,Neutral,0.8742
21245,GREEN  SPOTTY PLATE ,Neutral,0.7331
21241,GREEN SPOTTY CUP,Neutral,0.6724
21705,BAG 500g SWIRLY MARBLES,Neutral,0.8266
21913,VINTAGE SEASIDE JIGSAW PUZZLES,Neutral,0.8422
16207A,PINK STRAWBERRY HANDBAG ,Neutral,0.7503
21821,GLITTER STAR GARLAND WITH BELLS ,Neutral,0.7622
22319,HAIRCLIPS FORTIES FABRIC ASSORTED,Neutral,0.7655
21584,RETRO SPOT SMALL TUBE MATCHES,Neutral,0.859
21931,JUMBO STORAGE BAG SUKI,Neutral,0.7618
47591A,CAROUSEL DES CHILD'S APRON,Neutral,0.7054
84997B,RED 3 PIECE MINI DOTS CUTLERY SET,Neutral,0.8535
22122,SET OF 2 FANCY FONT TEA TOWELS,Neutral,0.862
21837,CROSS STITCH ALPHABET CUSHION COVER,Neutral,0.839
84951A,S/4 PISTACHIO LOVEBIRD COASTERS,Neutral,0.6883
22335,HEART DECORATION PAINTED ZINC ,Neutral,0.7475
85129A,"WHITE PEARL BEADED HEART, SMALL",Neutral,0.749
84791,GINGHAM HEART DECORATION,Neutral,0.8199
21244,BLUE  SPOTTY PLATE ,Neutral,0.7627
20675,BLUE SPOTTY BOWL,Neutral,0.6932
82616B,FRAPPUCINO SCARF KNITTING KIT,Neutral,0.5986
22276,WASH BAG VINTAGE ROSE PAISLEY,Neutral,0.8741
84912B,GREEN ROSE WASHBAG,Neutral,0.7517
85014C,BLUE/BROWN DOTS RUFFLED UMBRELLA,Neutral,0.8464
85014D,PINK/BROWN DOTS RUFFLED UMBRELLA,Neutral,0.8441
21326,AGED GLASS SILVER T-LIGHT HOLDER,Neutral,0.7401
84949,SILVER HANGING T-LIGHT HOLDER,Neutral,0.847
21908,CHOCOLATE THIS WAY METAL SIGN,Neutral,0.7932
21371,MIRRORED WALL ART POPPIES,Neutral,0.8253
85152,HAND OVER THE CHOCOLATE   SIGN ,Neutral,0.6696
21133,PAINTED BIRD ASSORTED CHRISTMAS,Neutral,0.7765
20984,12 PENCILS TALL TUBE POSY,Neutral,0.7824
20982,12 PENCILS TALL TUBE SKULLS,Neutral,0.7841
84971L,LARGE HEART FLOWERS HOOK   ,Neutral,0.6185
90168,2 DAISIES HAIR COMB,Neutral,0.8278
84884A,ANT WHITE WIRE HEART SPIRAL,Neutral,0.7875
90013C,GREEN VINTAGE EARRINGS ,Neutral,0.8119
90023,FILIGREE DIAMANTE EARRINGS,Neutral,0.7077
90067A,PINK VINTAGE VICTORIAN EARRINGS,Neutral,0.8236
90067B,BROWN VINTAGE VICTORIAN EARRINGS,Neutral,0.8049
90145,SILVER HOOP EARRINGS WITH FLOWER,Neutral,0.8542
90000A,RASPBERRY ANT COPPER FLOWER NECKLAC,Neutral,0.7879
90024B,NEW BAROQUE B'FLY NECKLACE RED,Neutral,0.8274
90036D,"FLOWER GLASS GARLAND NECKL.36""BLACK",Neutral,0.8706
90134,OLD ROSE COMBO BEAD NECKLACE,Neutral,0.7839
90131,PINK/AMETHYST/GOLD NECKLACE,Neutral,0.8599
90199C,5 STRAND GLASS NECKLACE CRYSTAL,Neutral,0.7279
35751C,PURPLE CURRENT CANDLE RING,Neutral,0.85
72739B,WHITE CHOCOLATE SCENT CANDLE,Neutral,0.7925
22212,FOUR HOOK  WHITE LOVEBIRDS,Neutral,0.6455
48187,DOOR MAT NEW ENGLAND,Neutral,0.8454
48195,DOOR MAT GREEN PAISLEY ,Neutral,0.8056
72741,GRAND CHOCOLATECANDLE,Neutral,0.7685
85232D,SET/3 DECOUPAGE STACKING TINS,Neutral,0.7882
20828,GLITTER BUTTERFLY CLIPS,Neutral,0.7643
22080,RIBBON REEL SPOTS DESIGN ,Neutral,0.7978
22082,RIBBON REEL STRIPES DESIGN ,Neutral,0.8085
21784,SHOE SHINE BOX ,Neutral,0.7694
21172,PARTY METAL SIGN ,Neutral,0.8102
82600,NO SINGING METAL SIGN,Neutral,0.5265
22282,12 EGG HOUSE PAINTED WOOD,Neutral,0.8351
21842,PINK HEART CANDY BUTTON CALCULATOR,Neutral,0.7682
22089,PAPER BUNTING VINTAGE PAISLEY,Neutral,0.8136
20734,SILVER MINI TAPE MEASURE ,Neutral,0.8254
35071,ASSORTED SANTA CHRISTMAS DECORATION,Neutral,0.8094
22121,NOEL WOODEN BLOCK LETTERS ,Neutral,0.7053
84836,ZINC METAL HEART DECORATION,Neutral,0.8642
37492A,YELLOW RED FLOWER PIGGY BANK,Neutral,0.7892
10133,COLOURING PENCILS BROWN TUBE,Neutral,0.8106
22113,GREY HEART HOT WATER BOTTLE,Neutral,0.6032
20782,CAMOUFLAGE EAR MUFF HEADPHONES,Neutral,0.8428
22190,LOCAL CAFE MUG,Neutral,0.7858
84029G,KNITTED UNION FLAG HOT WATER BOTTLE,Neutral,0.8388
21489,BLUE WHITE SCARF HOT WATER BOTTLE,Neutral,0.7938
20987,GEISHA GIRL CHOPSTICKS SET/5,Neutral,0.8953
20989,URBAN CHIC CHOPSTICKS SET/5,Neutral,0.8221
21868,POTTING SHED TEA MUG,Neutral,0.749
21875,KINGS CHOICE MUG,Neutral,0.7938
21826,EIGHT PIECE DINOSAUR SET,Neutral,0.8084
21827,EIGHT PIECE CREEPY CRAWLIE SET,Neutral,0.7849
21828,EIGHT PIECE SNAKE  SET,Neutral,0.7743
16225,RATTLE SNAKE EGGS,Neutral,0.5884
21829,DINOSAUR KEYRINGS ASSORTED,Neutral,0.802
21638,ASSORTED TUTTI FRUTTI NOTEBOOK,Neutral,0.77
22218,CAKE STAND LACE WHITE,Neutral,0.7882
22222,CAKE PLATE LOVEBIRD WHITE,Neutral,0.7473
22305,COFFEE MUG PINK PAISLEY DESIGN,Neutral,0.8766
22304,COFFEE MUG BLUE PAISLEY DESIGN,Neutral,0.8454
22302,COFFEE MUG PEARS  DESIGN,Neutral,0.8229
22303,COFFEE MUG APPLES DESIGN,Neutral,0.8301
22127,PARTY CONES CARNIVAL ASSORTED,Neutral,0.8426
21143,ANTIQUE GLASS HEART DECORATION ,Neutral,0.7983
21639,ASSORTED TUTTI FRUTTI KEYRING,Neutral,0.7309
22154,ANGEL DECORATION 3 BUTTONS ,Neutral,0.8275
22155,STAR DECORATION RUSTIC,Neutral,0.5583
21889,WOODEN BOX OF DOMINOES,Neutral,0.5445
85045,GREEN CHRISTMAS TREE STRING 20LIGHT,Neutral,0.7827
85044,RED REINDEER STRING OF 20 LIGHTS,Neutral,0.8116
21587,COSY HOUR GIANT TUBE MATCHES,Neutral,0.8452
21588,RETRO SPOT GIANT  TUBE MATCHES,Neutral,0.8571
21818,GLITTER CHRISTMAS HEART ,Positive,0.519
21819,GLITTER CHRISTMAS STAR ,Neutral,0.7339
21817,GLITTER CHRISTMAS TREE,Neutral,0.7861
48111,DOOR MAT 3 SMILEY CATS,Neutral,0.831
20685,RED SPOTTY COIR DOORMAT,Neutral,0.6837
48194,DOORMAT HEARTS,Neutral,0.7493
21495,SKULLS WRAP,Negative,0.5564
47505,MINATURE COLOURED GARDENING SET,Neutral,0.8492
10135,COLOURING PENCILS BROWN TUBE,Neutral,0.8106
37492C,GREEN BLUE FLOWER PIGGY BANK,Neutral,0.7682
20677,PINK SPOTTY BOWL,Neutral,0.6779
20676,RED SPOTTY BOWL,Neutral,0.6436
21086,SET/6 RED SPOTTY PAPER CUPS,Neutral,0.8374
21948,SET OF 6 CAKE CHOPSTICKS,Neutral,0.8436
21833,CAMOUFLAGE LED TORCH,Neutral,0.783
21832,CHOCOLATE CALCULATOR,Neutral,0.662
22315,200 RED + WHITE BENDY STRAWS,Neutral,0.8415
21870,I CAN ONLY PLEASE ONE PERSON MUG,Neutral,0.4715
22115,METAL SIGN EMPIRE TEA,Neutral,0.8496
21166,COOK WITH WINE METAL SIGN ,Neutral,0.805
21175,GIN + TONIC DIET METAL SIGN,Neutral,0.8418
21174,POTTERING IN THE SHED METAL SIGN,Neutral,0.8145
22197,"POPCORN HOLDER , SMALL ",Neutral,0.774
21094,SET/6 RED SPOTTY PAPER PLATES,Neutral,0.8745
72724,SET/6 CHRISTMAS ICICLE T-LIGHTS,Neutral,0.8835
22103,MIRROR MOSAIC T-LIGHT HOLDER ROUND,Neutral,0.8698
37424,WHITE WITH BLACK CATS MUG,Neutral,0.838
21136,PAINTED METAL PEARS ASSORTED,Neutral,0.7895
21238,RED SPOTTY CUP,Neutral,0.5842
21240,BLUE  SPOTTY CUP,Neutral,0.7285
21239,PINK  SPOTTY CUP,Neutral,0.6876
84007,MAGIC GARDEN MOUNT FUJI,Neutral,0.8248
84012,MAGIC SHEEP WOOL GROWING FROM PAPER,Neutral,0.6848
22077,6 RIBBONS RUSTIC CHARM,Neutral,0.8452
85049A,TRADITIONAL CHRISTMAS RIBBONS,Neutral,0.8283
85049E,SCANDINAVIAN REDS RIBBONS,Neutral,0.8338
22075,6 RIBBONS ELEGANT CHRISTMAS ,Neutral,0.8145
22076,6 RIBBONS EMPIRE  ,Neutral,0.8377
79323LP,LIGHT PINK CHERRY LIGHTS,Neutral,0.5473
79342B,BROWN FLOWER LIGHTS,Neutral,0.7308
79341,WILLOW BRANCH LIGHTS.,Neutral,0.7388
21976,PACK OF 60 MUSHROOM CAKE CASES,Neutral,0.8776
21498,RED SPOTS  WRAP ,Neutral,0.6171
84948,SILVER HANGING T-LIGHT HOLDER DOME,Neutral,0.8522
21537,RETRO SPOTS PUDDING BOWL,Neutral,0.8173
20718,RED SPOTTY SHOPPER BAG,Neutral,0.7275
21173,LOO ROLL  METAL SIGN ,Neutral,0.691
85124A,PINK JUICY FRUIT PHOTO FRAME,Neutral,0.8212
21539,RETRO SPOTS BUTTER DISH,Neutral,0.8074
16169F,WRAP BLIZZARD,Neutral,0.7543
21527,RETRO SPOT TRADITIONAL TEAPOT ,Neutral,0.8025
21531,RETRO SPOT SUGAR JAM BOWL,Neutral,0.8626
20914,SET/5 RED SPOTTY LID GLASS BOWLS,Neutral,0.8108
21242,RED SPOTTY PLATE ,Neutral,0.6882
22232,JIGSAW TOADSTOOLS 3 PIECE,Neutral,0.8314
21535,RETRO SPOT SMALL MILK JUG,Neutral,0.8413
21844,RETRO SPOT MUG,Neutral,0.8298
22073,RETRO SPOT STORAGE JAR,Neutral,0.8606
22072,TEA CUP AND SAUCER RETRO SPOT,Neutral,0.8344
15056BL,EDWARDIAN PARASOL BLACK,Neutral,0.8379
15056N,EDWARDIAN PARASOL NATURAL,Neutral,0.8305
22254,FELT TOADSTOOL LARGE,Neutral,0.7913
22255,FELT TOADSTOOL  SMALL,Neutral,0.7558
46000S,POLYESTER FILLER PAD 40x40cm,Neutral,0.8628
20964,POLYESTER FILLER PAD 60x40cm,Neutral,0.8648
21788,KIDS RAIN MAC BLUE,Neutral,0.7819
21789,KIDS RAIN MAC PINK,Neutral,0.7971
20682,RED SPOTTY CHILDS UMBRELLA,Neutral,0.7269
84832,ZINC WILLIE WINKIE  CANDLE STICK,Neutral,0.8163
85063,CREAM SWEETHEART MAGAZINE RACK,Neutral,0.5871
48129,DOOR MAT TOPIARY,Neutral,0.6915
22030,SWALLOWS GREETING CARD,Neutral,0.8367
21081,SET/20 POSIES PAPER NAPKINS,Neutral,0.7686
20773,BLUE PAISLEY NOTEBOOK,Neutral,0.8408
20767,BLUE PAISLEY JOURNAL ,Neutral,0.8318
22028,PENNY FARTHING BIRTHDAY CARD,Neutral,0.8469
20622,VIPPASSPORT COVER ,Neutral,0.7698
21122,SET/10 PINK SPOTTY PARTY CANDLES,Neutral,0.7251
21124,SET/10 BLUE SPOTTY PARTY CANDLES,Neutral,0.7911
20657,TROPICAL LUGGAGE TAG,Neutral,0.7497
16156N,"WRAP, FRIENDSHIP ON GREEN",Neutral,0.8076
20673,STRAWBERRIES PRINT BOWL,Neutral,0.81
84520B,PACK 20 ENGLISH ROSE PAPER NAPKINS,Neutral,0.8886
20619,TROPICAL PASSPORT COVER ,Neutral,0.8049
21866,UNION JACK FLAG LUGGAGE TAG,Neutral,0.8509
20660,VIP LUGGAGE TAG ,Neutral,0.8215
20777,CHRYSANTHEMUM NOTEBOOK,Neutral,0.7898
20774,GREEN FERN NOTEBOOK,Neutral,0.8172
22037,ROBOT BIRTHDAY CARD,Neutral,0.8229
22036,DINOSAUR BIRTHDAY CARD,Neutral,0.8585
21726,MULTI HEARTS  STICKERS,Neutral,0.8134
21544,SKULLS  WATER TRANSFER TATTOOS ,Neutral,0.8193
21004,ROSE DU SUD CHILDS APRON,Neutral,0.8059
84402D,PINK DRESS JEWELLERY STAND ,Neutral,0.8392
84660B,BLACK STITCHED WALL CLOCK,Neutral,0.8536
21429,RED GINGHAM ROSE JEWELLERY BOX,Neutral,0.8243
72754B,F FAIRY POTPOURRI CUSHIONS LAVENDER,Neutral,0.8002
21500,PINK SPOTS  WRAP ,Neutral,0.6962
21431,GREEN GINGHAM FLOWER JEWELLERY BOX,Neutral,0.8075
20748,KENSINGTON COFFEE SET,Neutral,0.8451
72802B,OCEAN SCENT CANDLE IN JEWELLED BOX,Neutral,0.8229
72803A,ROSE SCENT CANDLE JEWELLED DRAWER,Neutral,0.8551
79029,GLASS HONEYPOT WASP CATCHER,Neutral,0.7702
21591,COSY HOUR CIGAR BOX MATCHES ,Neutral,0.8263
72801E,S/4 FESTIVE GREEN DINNER CANDLES,Neutral,0.8724
21034,REX CASH+CARRY JUMBO SHOPPER,Neutral,0.888
85049D,BRIGHT BLUES RIBBONS ,Neutral,0.7322
21985,PACK OF 12 HEARTS DESIGN TISSUES ,Neutral,0.865
21980,PACK OF 12 RED SPOTTY TISSUES ,Neutral,0.7969
16235,RECYCLED PENCIL WITH RABBIT ERASER,Neutral,0.7761
84347,ROTATING SILVER ANGELS T-LIGHT HLDR,Neutral,0.8906
84990,60 GOLD AND SILVER FAIRY CAKE CASES,Neutral,0.8122
85231E,STRAWBERRY SCENTED SET/9 T-LIGHTS,Neutral,0.8887
85231B,CINAMMON SET OF 9 T-LIGHTS,Neutral,0.8852
72008,FROSTED BOX 9 WHITE T-LIGHT CANDLES,Neutral,0.8842
22071,SMALL RETRO SPOT MUG IN BOX  WHITE,Neutral,0.8538
22070,SMALL RETRO SPOT MUG IN BOX  RED,Neutral,0.846
84270,ASSTD DESIGN BUBBLE GUM RING,Negative,0.5536
85049C,ROMANTIC PINKS RIBBONS ,Neutral,0.7232
84352,SILVER CHRISTMAS TREE BAUBLE STAND ,Neutral,0.8144
79067,CORONA MEXICAN TRAY,Neutral,0.8247
22203,MILK PAN RED RETROSPOT,Neutral,0.8139
21353,SILVER SLEIGHBELL  WREATH,Neutral,0.7997
21538,DAIRY MAID  PUDDING BOWL,Neutral,0.7275
21534,DAIRY MAID LARGE MILK JUG,Neutral,0.7653
85053,FRENCH ENAMEL CANDLEHOLDER,Neutral,0.8388
22118,JOY WOODEN BLOCK LETTERS,Neutral,0.762
35832,WOOLLY HAT SOCK GLOVE ADVENT STRING,Neutral,0.7859
D,Discount,Neutral,0.737
21375,LARGE CAMPHOR WOOD FIELD MUSHROOM ,Neutral,0.8248
22186,RED STAR CARD HOLDER,Neutral,0.7928
47504K,ENGLISH ROSE GARDEN SECATEURS,Neutral,0.8633
47504F,ENGLISH ROSE TORCH,Neutral,0.8247
21809,CHRISTMAS HANGING TREE WITH BELL,Neutral,0.7669
21186,WHITE DOVE HONEYCOMB PAPER GARLAND,Neutral,0.8243
21611,SET OF 12 LILY BOTANICAL T-LIGHTS,Neutral,0.8794
21480,PINK STRIPE HOT WATER BOTTLE,Neutral,0.73
85170A,SET/6 IVORY BIRD T-LIGHT CANDLES,Neutral,0.8543
85033S,SET/6 SILVER REINDEER T-LIGHTS,Neutral,0.8736
35991,SET/6 BLACK SNOWFLAKE T-LIGHTS ,Neutral,0.8836
22185,SLATE TILE NATURAL HANGING,Neutral,0.8301
21786,RAIN HAT WITH RED SPOTS,Neutral,0.7365
84388,WISE MAN STAR SHAPE EGG PAN,Neutral,0.7927
21918,SET 12 KIDS COLOUR  CHALK STICKS,Neutral,0.8364
51012C,"FEATHER DUSTER, COAL BLACK",Neutral,0.8133
84671B,CROCHET BEAR WITH BLUE STRIPES,Neutral,0.7465
21747,SMALL SKULL WINDMILL,Neutral,0.717
22330,72 ROUND PINK DOILIES,Neutral,0.8344
84375,SET OF 20 KIDS COOKIE CUTTERS,Neutral,0.7443
84952B,BLACK LOVE BIRD T-LIGHT HOLDER,Positive,0.7353
20961,STRAWBERRY BATH SPONGE ,Neutral,0.7755
20960,WATERMELON BATH SPONGE,Neutral,0.8363
20966,SANDWICH BATH SPONGE,Neutral,0.7523
17164D,ASS COL SMALL SAND FROG P'WEIGHT,Neutral,0.7814
21890,S/6 WOODEN SKITTLES IN COTTON BAG,Neutral,0.8911
85170D,SET/6 PINK BIRD T-LIGHT CANDLES,Neutral,0.8755
17091J,VANILLA INCENSE IN TIN,Neutral,0.7633
20975,12 PENCILS SMALL TUBE RED SPOTTY,Neutral,0.8291
21440,12 MINI TOADSTOOL PEGS,Neutral,0.8261
22174,PHOTO CUBE,Neutral,0.73
22150, 3 STRIPEY MICE FELTCRAFT,Neutral,0.7894
22147,FELTCRAFT BUTTERFLY HEARTS,Neutral,0.8165
21356,TOAST ITS - FAIRY FLOWER,Neutral,0.7999
21357,TOAST ITS - DINOSAUR,Neutral,0.8403
21677,HEARTS  STICKERS,Neutral,0.7294
21680,WOODLAND  STICKERS,Neutral,0.7283
21730,GLASS STAR FROSTED T-LIGHT HOLDER,Neutral,0.8018
70007,HI TEC ALPINE HAND WARMER,Neutral,0.8447
70006,LOVE HEART POCKET WARMER,Positive,0.929
21650,ASSORTED TUTTI FRUTTI BRACELET,Neutral,0.7409
21892,TRADITIONAL WOODEN CATCH CUP GAME ,Neutral,0.8133
85227,SET/6 3D KIT CARDS FOR KIDS,Neutral,0.8791
20655,QUEEN OF SKIES LUGGAGE TAG,Neutral,0.8845
21990,MODERN FLORAL STATIONERY SET,Neutral,0.8309
21934,SKULL SHOULDER BAG,Neutral,0.6635
21578,WOODLAND DESIGN  COTTON TOTE BAG,Neutral,0.8215
21579,LOLITA  DESIGN  COTTON TOTE BAG,Neutral,0.6927
21577,SAVE THE PLANET COTTON TOTE BAG,Neutral,0.7013
20713,JUMBO BAG OWLS,Neutral,0.7483
20712,JUMBO BAG WOODLAND ANIMALS,Neutral,0.8514
16047,POP ART PEN CASE & PENS,Neutral,0.8733
21561,DINOSAUR LUNCHBOX WITH CUTLERY,Neutral,0.8617
20814,SILVER FINCH DECORATION,Neutral,0.7767
22068, BLACK PIRATE TREASURE CHEST,Neutral,0.8124
21377,SMALL CAMPHOR WOOD FIELD  MUSHROOM,Neutral,0.8413
21379, CAMPHOR WOOD PORTOBELLO MUSHROOM,Neutral,0.8396
20956,PORCELAIN T-LIGHT HOLDERS ASSORTED,Neutral,0.7295
21018,BIRD BOX CHRISTMAS TREE DECORATION,Neutral,0.851
35995,SET/6 BLACK GLITTER REINDEER CANDLE,Neutral,0.906
22355,"CHARLOTTE BAG , SUKI DESIGN",Neutral,0.8015
21581,SKULLS  DESIGN  COTTON TOTE BAG,Neutral,0.7759
20727,LUNCH BAG  BLACK SKULL.,Neutral,0.8079
21071,VINTAGE BILLBOARD DRINK ME MUG,Neutral,0.7491
21068,VINTAGE BILLBOARD LOVE/HATE MUG,Neutral,0.4992
22189,CREAM HEART CARD HOLDER,Neutral,0.7152
48179,DOOR MAT SWEET HOME,Neutral,0.7555
48188,DOOR MAT WELCOME PUPPIES,Positive,0.6419
48184,DOOR MAT ENGLISH ROSE ,Neutral,0.8433
21777,RECIPE BOX WITH METAL HEART,Neutral,0.7999
20969,RED FLORAL FELTCRAFT SHOULDER BAG,Neutral,0.7939
20968,GREEN FLORAL FELTCRAFT SHOULDER BAG,Neutral,0.7867
21737,SET 3 WICKER LOG BASKETS,Neutral,0.8492
84899F,YELLOW PURPLE DAISY FELT PURSE KIT,Neutral,0.812
84898F,YELLOW FLOWERS FELT HANDBAG KIT,Neutral,0.7417
22207,FRYING PAN UNION FLAG,Neutral,0.7093
21016,LIGHT BIRD HOUSE TREE DECORATION,Neutral,0.8042
20829,GLITTER HANGING BUTTERFLY STRING,Neutral,0.8342
85231G,ORANGE SCENTED SET/9 T-LIGHTS,Neutral,0.864
21407,BROWN CHECK CAT DOORSTOP ,Neutral,0.756
72800F,4 IVORY DINNER CANDLES GOLD FLOCK,Neutral,0.8127
21993,FLORAL FOLK STATIONERY SET,Neutral,0.816
21486,PINK HEART DOTS HOT WATER BOTTLE,Neutral,0.6838
21813,GARLAND WITH STARS AND BELLS,Neutral,0.706
21812,GARLAND WITH HEARTS AND BELLS,Neutral,0.799
21488,RED WHITE SCARF  HOT WATER BOTTLE,Neutral,0.7955
75013B,"STRING OF 8 BUTTERFLIES,PINK",Neutral,0.7981
72800E,4 IVORY DINNER CANDLES SILVER FLOCK,Neutral,0.8227
72801G,S/4 BURGUNDY WINE DINNER CANDLES,Neutral,0.8776
72801F,S/4 FESTIVE RED DINNER CANDLES,Neutral,0.8667
22183,CAKE STAND VICTORIAN FILIGREE MED,Neutral,0.8072
21732,RED HANGING METAL STAR TLIGHT HLDR,Neutral,0.8952
21254,SET OF KITCHEN WALL  STICKERS,Neutral,0.7807
85041,SET/4 PINK ORCHID CANDLES IN BOWL,Neutral,0.8735
85040B,SET/4 BLUE FLOWER CANDLES IN BOWL,Neutral,0.8596
37461,FUNKY MONKEY MUG,Neutral,0.5251
21700,BIG DOUGHNUT FRIDGE MAGNETS,Neutral,0.7136
20692,FLORAL ELEPHANT SOFT TOY,Neutral,0.6359
16237,SLEEPING CAT ERASERS,Neutral,0.7369
37410,BLACK AND WHITE PAISLEY FLOWER MUG,Neutral,0.8649
84251F,"GREETING CARD, RITA",Neutral,0.7811
21080,SET/20 RED SPOTTY PAPER NAPKINS ,Neutral,0.8562
21967,PACK OF 12 SKULL TISSUES,Neutral,0.8346
22110,BIRD HOUSE HOT WATER BOTTLE,Neutral,0.7809
84977,WIRE FLOWER T-LIGHT HOLDER,Neutral,0.8245
18010,ASSORTED FRAGRANCE BATH CONFETTI,Neutral,0.8064
22152,PLACE SETTING WHITE STAR,Neutral,0.8673
72267,PREMIUM CHURCH CANDLE,Neutral,0.7981
22081,RIBBON REEL FLORA + FAUNA ,Neutral,0.7787
22079,RIBBON REEL HEARTS DESIGN ,Neutral,0.8233
20758,ABSTRACT CIRCLES POCKET BOOK,Neutral,0.8213
20756,GREEN FERN POCKET BOOK,Neutral,0.7232
21126,SET OF 6 GIRLS CELEBRATION CANDLES,Neutral,0.8695
21125,SET 6 FOOTBALL CELEBRATION CANDLES,Neutral,0.8975
22102,MIRROR MOSAIC T-LIGHT HOLDER ,Neutral,0.8235
35955,SMALL FOLKART CHRISTMAS TREE DEC,Neutral,0.8373
35954,SMALL FOLKART STAR CHRISTMAS DEC,Neutral,0.8348
35957,SMALLFOLKART BAUBLE CHRISTMAS DEC,Neutral,0.8128
84050,PINK HEART SHAPE EGG FRYING PAN,Neutral,0.4948
47568,ENGLISH ROSE DESIGN PEG BAG,Neutral,0.8735
84782A,PINK 3 TIER GLASS PLATE STAND,Neutral,0.8563
84782C,GREEN 3 TIER GLASS PLATE STAND,Neutral,0.8463
22169,FAMILY ALBUM WHITE PICTURE FRAME,Neutral,0.8538
84933A,LARGE GREEN PEONY FOLDING STOOL,Neutral,0.8171
84933B,LARGE PINK PEONY FOLDING STOOL,Neutral,0.8172
22201,FRYING PAN BLUE POLKADOT ,Neutral,0.7213
37503,TEA TIME CAKE STAND IN GIFT BOX,Neutral,0.8685
21593,SWALLOW CIGAR BOX MATCHES ,Neutral,0.8193
22085,PAPER CHAIN KIT SKULLS ,Neutral,0.6247
85099C,JUMBO  BAG BAROQUE BLACK WHITE,Neutral,0.8583
22348,TEA BAG PLATE RED SPOTTY ,Neutral,0.7736
85061W,WHITE JEWELLED HEART DECORATION,Neutral,0.8032
21781,MA CAMPAGNE CUTLERY BOX,Neutral,0.823
20768,GREEN FERN JOURNAL ,Neutral,0.7742
21082,SET/20 FRUIT SALAD PAPER NAPKINS ,Neutral,0.8794
47591B,SCOTTIES DES CHILD'S APRON,Neutral,0.7689
22196,SMALL HEART MEASURING SPOONS,Neutral,0.7872
84968C,S/16 VINTAGE PISTACHIO CUTLERY,Neutral,0.8455
84968F,S/16 VINTAGE SKY BLUE CUTLERY,Neutral,0.8596
84968B,S/16 VINTAGE IVORY CUTLERY,Neutral,0.8534
85231L,LAVENDER SCENTED SET/9 T-LIGHTS,Neutral,0.8961
21618,4 WILDFLOWER BOTANICAL CANDLES,Neutral,0.8341
21615,4 LAVENDER BOTANICAL DINNER CANDLES,Neutral,0.8657
21619,4 VANILLA BOTANICAL CANDLES,Neutral,0.8298
21612,SET 12 WILDFLOWER BOTANICAL T-LIGHT,Neutral,0.8929
85049B,LUSH GREENS RIBBONS,Neutral,0.79
85049G,CHOCOLATE BOX RIBBONS ,Neutral,0.7579
21770,OPEN CLOSED METAL SIGN,Neutral,0.8188
37500,TEA TIME TEAPOT IN GIFT BOX,Neutral,0.8482
21637,ASSORTED SANSKRIT MINI NOTEBOOK,Neutral,0.7292
21901,"KEY FOB , BACK DOOR ",Neutral,0.6914
21900,"KEY FOB , SHED",Neutral,0.5593
21902,"KEY FOB , FRONT  DOOR ",Neutral,0.7216
21223,SET/4 BADGES WOODLAND ANIMAL,Neutral,0.8058
85049H,URBAN BLACK RIBBONS ,Neutral,0.7844
21576,LETS GO SHOPPING COTTON TOTE BAG,Neutral,0.7423
21580,RABBIT  DESIGN  COTTON TOTE BAG,Neutral,0.7849
35004S,SET OF 3 SILVER FLYING DUCKS,Neutral,0.8299
35001W,HAND OPEN SHAPE DECO.WHITE,Neutral,0.7814
35001B,HAND OPEN SHAPE BLACK,Neutral,0.725
21260,FIRST AID TIN,Neutral,0.779
20866,BLUE ROSE FABRIC MIRROR,Neutral,0.7766
20867,PINK ROSE FABRIC MIRROR,Neutral,0.7917
20979,36 PENCILS TUBE RED SPOTTY,Neutral,0.8252
20983,12 PENCILS TALL TUBE RED SPOTTY,Neutral,0.8136
20981,12 PENCILS TALL TUBE WOODLAND,Neutral,0.8331
20977,36 PENCILS TUBE WOODLAND,Neutral,0.8587
20974,12 PENCILS SMALL TUBE SKULL,Neutral,0.8166
21114,LAVENDER SCENTED FABRIC HEART,Neutral,0.7076
85232A,SET/3 POLKA DOT STACKING TINS,Neutral,0.8141
35971,ROSE FOLKART HEART DECORATIONS,Neutral,0.8367
21740,COSY SLIPPER SHOES LARGE RED,Neutral,0.7317
21624,VINTAGE UNION JACK DOORSTOP,Neutral,0.8338
21738,COSY SLIPPER SHOES SMALL  RED ,Neutral,0.7487
22280,POCKET BAG PINK PAISELY BROWN SPOT,Neutral,0.834
21841,BABY MOUSE RED GINGHAM DRESS,Neutral,0.7445
21621,VINTAGE UNION JACK BUNTING,Neutral,0.7994
21622,VINTAGE UNION JACK CUSHION COVER,Neutral,0.8727
20750, RED/WHITE DOT MINI CASES,Neutral,0.795
82482,WOODEN PICTURE FRAME WHITE FINISH,Neutral,0.8637
20665,RED SPOTTY PURSE ,Neutral,0.656
84837,WHITE SWEETHEARTS CABINET 4 DRAWERS,Neutral,0.8947
21439,BASKET OF TOADSTOOLS,Neutral,0.8031
16169D,WRAP WINTER FOREST,Neutral,0.8527
16169C,WRAP BLUE REINDEER,Neutral,0.7848
21017,RED BIRD HOUSE TREE DECORATION,Neutral,0.8223
21210,SET OF 72 RETRO SPOT PAPER  DOILIES,Neutral,0.8479
21039,RED SPOTTY SHOPPING BAG,Neutral,0.7172
21432,SET OF 3 CASES WOODLAND DESIGN,Neutral,0.9121
21424,WOODLAND STORAGE BOX LARGE ,Neutral,0.7597
21426,WOODLAND STORAGE BOX SMALL,Neutral,0.849
21891,TRADITIONAL WOODEN SKIPPING ROPE,Neutral,0.8429
21098,CHRISTMAS TOILET ROLL,Neutral,0.7496
22415,WHITE TISSUE REAM,Neutral,0.7321
17165D,ASS COL LARGE SAND FROG P'WEIGHT,Neutral,0.7625
17165B,ASS COL LARGE SAND GECKO P'WEIGHT,Neutral,0.7632
85208,SET/12 FUNKY FELT FLOWER PEG IN BAG,Neutral,0.8776
90090,PINK CRYSTAL HEART PHONE CHARM,Neutral,0.8106
90092,BLUE CRYSTAL BOOT PHONE CHARM,Neutral,0.796
16161C,WRAP SPEED DEMONS ,Negative,0.6037
35160,BUDDHA INCENSE HOLDER ASSORTED,Neutral,0.8007
17108D,FLOWER FAIRY SUMMER BOUQUET SACHET,Neutral,0.763
21805,WHITE CHRISTMAS TREE DECORATION ,Neutral,0.8437
90125A,PINK BERTIE GLASS BEAD BAG CHARM,Neutral,0.7824
84578,ELEPHANT TOY WITH BLUE T-SHIRT,Neutral,0.7808
84901,BLACK FACE LAMB WITH PANTS,Neutral,0.8426
35931,PINK STAR CHRISTMAS DECORATION,Neutral,0.7247
35933,PINK STOCKING CHRISTMAS DECORATION,Neutral,0.7406
90087,CRYSTAL SEA HORSE PHONE CHARM,Neutral,0.784
90085,CRYSTAL STILETTO PHONE CHARM,Neutral,0.8284
90093,CLEAR CRYSTAL STAR PHONE CHARM,Neutral,0.8375
90084,PINK CRYSTAL GUITAR PHONE CHARM,Neutral,0.8594
90088,CRYSTAL KEY+LOCK PHONE CHARM,Neutral,0.8064
21807,WHITE CHRISTMAS STAR DECORATION,Neutral,0.8354
21806,WHITE CHRISTMAS HEART DECORATION,Neutral,0.7937
21815, STAR  T-LIGHT HOLDER ,Neutral,0.7739
21816,CHRISTMAS TREE T-LIGHT HOLDER,Neutral,0.7767
35051B,PINK BEADED CONE CHRISTMAS,Neutral,0.7222
22153,ANGEL DECORATION STARS ON DRESS,Neutral,0.8687
20943,SET/6 GINGERBREAD STAR T-LIGHTS,Neutral,0.8822
72816,SET/3 CHRISTMAS DECOUPAGE CANDLES,Neutral,0.8613
85038,6 CHOCOLATE LOVE HEART T-LIGHTS,Positive,0.7133
20978,36 PENCILS TUBE SKULLS,Neutral,0.7724
20942,SET/6 GINGERBREAD TREE T-LIGHTS,Neutral,0.864
84559A,3D SHEET OF DOG STICKERS,Neutral,0.8033
84466,TOP SECRET PEN SET,Neutral,0.8406
20994,JAZZ HEARTS SPIRAL NOTEPAD,Neutral,0.8415
20992,JAZZ HEARTS PURSE NOTEBOOK,Neutral,0.8654
84670,JAPANESE CROCHETED ANIMAL,Neutral,0.7136
84077,WORLD WAR 2 GLIDERS ASSTD DESIGNS,Neutral,0.8127
84029C,BROWN FURRY HOT WATER BOTTLE,Neutral,0.7617
22336,DOVE DECORATION PAINTED ZINC ,Neutral,0.8162
22156,HEART DECORATION WITH PEARLS ,Neutral,0.6905
22338,STAR DECORATION PAINTED ZINC ,Neutral,0.8394
21825,PAINTED METAL TREE WITH HOLLY BELLS,Neutral,0.8718
21822,GLITTER CHRISTMAS TREE WITH BELLS,Neutral,0.7704
22277,COSMETIC BAG VINTAGE ROSE PAISLEY,Neutral,0.8726
35979,SIX STRING SCANDINAVIAN HEART DECS,Neutral,0.819
47566,PARTY BUNTING,Neutral,0.5383
21344,MOROCCAN BEATEN METAL DISH,Neutral,0.7772
21477,STRING OF 20 ROSE LIGHTS,Neutral,0.821
85047,WHITE BEADED GARLAND STRING 20LIGHT,Neutral,0.8446
20681,PINK SPOTTY CHILDS UMBRELLA,Neutral,0.71
84648,NEW BAROQUE WALL MIRROR,Neutral,0.8585
84472,PINK AND LILAC QUILTED THROW ,Neutral,0.7476
84910A,PINK PAISLEY CUSHION COVER ,Neutral,0.8067
84656,WHITE ROSE C/COVER,Neutral,0.7461
84580,MOUSE TOY WITH PINK T-SHIRT,Neutral,0.804
84622,PINK GINGHAM ROSE CUSHION COVER,Neutral,0.8195
22151,PLACE SETTING WHITE HEART,Neutral,0.7629
35962,12 ASS ZINC CHRISTMAS DECORATIONS,Neutral,0.8522
22337,ANGEL DECORATION PAINTED ZINC ,Neutral,0.7569
90125C,TURQUOISE BERTIE GLASS BEAD CHARM,Neutral,0.8065
90125D,PURPLE BERTIE GLASS BEAD BAG CHARM,Neutral,0.7667
90214H,"LETTER ""H"" BLING KEY RING",Neutral,0.8229
20901,VINTAGE KEEPSAKE BOX PINK FLOWER,Neutral,0.8401
22172,METAL SHELF WITH RAIL ,Neutral,0.8023
85067,CREAM SWEETHEART WALL CABINET,Neutral,0.5735
21156,RED SPOTTY CHILDS APRON,Neutral,0.7263
72127,COLUMBIAN CANDLE ROUND ,Neutral,0.7915
84992,72 SWEETHEART FAIRY CAKE CASES,Neutral,0.6045
84929,ASSTD FRUIT+FLOWERS FRIDGE MAGNETS,Neutral,0.8415
21649,ASSORTED TUTTI FRUTTI PHOTO FRAME,Neutral,0.6089
21463,MIRRORED DISCO BALL ,Neutral,0.7385
85162A,SILVER RETRODISC LAMPSHADE,Neutral,0.7903
21761,WOOD AND GLASS MEDICINE CABINET,Neutral,0.8661
84839,SWEETHEART KEY CABINET,Neutral,0.7762
85064,CREAM SWEETHEART LETTER RACK,Neutral,0.6373
84706C,PINK FLOCK TABLE CLOCK ,Neutral,0.8179
21804,WHITE CHRISTMAS GARLAND STARS TREES,Neutral,0.7904
21218,RED SPOTTY BISCUIT TIN,Neutral,0.7529
85103, SILVER T-LIGHT SETTING,Neutral,0.789
20894,HANGING BAUBLE T-LIGHT HOLDER LARGE,Neutral,0.8553
85036C,ROSE 1 WICK MORRIS BOXED CANDLE,Neutral,0.8703
22162,HEART GARLAND RUSTIC PADDED,Neutral,0.6633
22297,HEART IVORY TRELLIS SMALL,Neutral,0.6984
85104,SILVER GLASS T-LIGHT SET,Neutral,0.8184
84813,SET OF 4 DIAMOND NAPKIN RINGS,Neutral,0.8585
72799D,BLUE PILLAR CANDLE SILVER FLOCK,Neutral,0.751
21741,COSY SLIPPER SHOES LARGE GREEN,Neutral,0.7515
85071D,CHARLIE+LOLA MY ROOM DOOR SIGN,Neutral,0.8387
21724,PANDA AND BUNNIES STICKER SHEET,Neutral,0.8436
21524,SPOTTY  HOME SWEET HOME DOORMAT,Neutral,0.6125
48197,DOOR MAT BIRD ON THE WIRE,Neutral,0.8107
84684,BEACH HUT PHOTO FRAME,Neutral,0.5826
20812,EMBOSSED FLOWER TRELLIS PHOTO FRAME,Neutral,0.7904
22035,VINTAGE CARAVAN GREETING CARD ,Neutral,0.8336
21508,VINTAGE KID DOLLY CARD ,Neutral,0.819
22027,TEA PARTY BIRTHDAY CARD,Neutral,0.8214
85059,FRENCH ENAMEL WATER BASIN,Neutral,0.8223
21465,PINK FLOWER CROCHET FOOD COVER,Neutral,0.7785
21466,RED FLOWER CROCHET FOOD COVER,Neutral,0.7905
21467,CHERRY CROCHET FOOD COVER,Neutral,0.787
21471,STRAWBERRY RAFFIA FOOD COVER,Neutral,0.817
21314,SMALL GLASS HEART TRINKET POT,Neutral,0.7787
84975,HEART SHAPED MIRROR,Neutral,0.6959
21949,SET OF 6 STRAWBERRY CHOPSTICKS,Neutral,0.8693
21947,SET OF 6 HEART CHOPSTICKS,Neutral,0.8397
21528,DAIRY MAID TRADITIONAL TEAPOT ,Neutral,0.7611
21548,CERAMIC BIRDHOUSE FINCH BLUE ROOF,Neutral,0.8077
21684,SMALL MEDINA STAMPED METAL BOWL ,Neutral,0.8403
21549,CERAMIC BIRDHOUSE RED ROOF SMALL,Neutral,0.8221
21545,CERAMIC BIRDHOUSE BUTTERFLY SMALL,Neutral,0.806
21547,CERAMIC BIRDHOUSE CRESTED TIT SMALL,Neutral,0.8301
85054,FRENCH ENAMEL POT W LID,Neutral,0.785
21532,DAIRY MAID SUGAR JAM BOWL,Neutral,0.7862
21530,DAIRY MAID CERAMIC TOASTRACK,Neutral,0.7831
37444A,YELLOW BREAKFAST CUP AND SAUCER,Neutral,0.8124
37444B,BLUE BREAKFAST CUP AND SAUCER ,Neutral,0.7709
22042,CHRISTMAS CARD SINGING ANGEL,Positive,0.5315
84247C,PACK/12 BLUE REINDEER CARD,Neutral,0.8379
22034,ROBIN CHRISTMAS CARD,Neutral,0.7629
84754,S/15 SILVER GLASS BAUBLES IN BAG,Neutral,0.8773
21313,GLASS HEART T-LIGHT HOLDER ,Neutral,0.6889
84509A,ENGLISH ROSE PLACEMATS,Neutral,0.8546
84510A,SET OF 4 ENGLISH ROSE COASTERS,Neutral,0.8944
84340,LARGE FIBRE OPTIC CHRISTMAS TREE,Neutral,0.8323
21625,VINTAGE UNION JACK APRON,Neutral,0.8498
18096C,WHITE ROUND PORCELAIN TLIGHT HOLDER,Neutral,0.8802
85147,JARDIN ETCHED GLASS CANDLEHLDR LONG,Neutral,0.7975
37444C,PINK BREAKFAST CUP AND SAUCER ,Neutral,0.7181
85055,FRENCH ENAMEL UTENSIL HOLDER,Neutral,0.8304
85028L,FRENCH CHATEAU LARGE FRUIT BOWL ,Neutral,0.7322
85028S,FRENCH CHATEAU SMALL FRUITBOWL,Neutral,0.8175
21214,SET OF 72 IVORY PAPER DOILIES,Neutral,0.8447
84985B,SET OF 72 BLACK PAPER DOILIES ,Neutral,0.8616
84985A,SET OF 72 GREEN PAPER DOILIES,Neutral,0.8483
47021G,SET/6 BEAD COASTERS GAUZE BAG GOLD,Neutral,0.8787
21911,GARDEN METAL SIGN ,Neutral,0.7654
21070,VINTAGE BILLBOARD MUG ,Neutral,0.819
21066,VINTAGE RED MUG,Neutral,0.7689
21067,VINTAGE RED TEATIME MUG,Neutral,0.8063
21069,VINTAGE BILLBOARD TEA MUG,Neutral,0.8456
21986,PACK OF 12 PINK SPOT TISSUES ,Neutral,0.8443
22325,MOBILE VINTAGE HEARTS ,Neutral,0.7999
20940,SET/6 GARDEN GNOME T-LIGHT CANDLES,Neutral,0.8903
72798C,SET/4 GARDEN ROSE DINNER CANDLE,Neutral,0.8656
40018F,CHERRY DESIGN PAPERLANTERNS,Neutral,0.8371
40018E,TEA TIME PAPER LANTERNS,Neutral,0.8266
85176,SEWING SUSAN 21 NEEDLE SET,Neutral,0.892
21893,POTTING SHED SEED TIN,Neutral,0.8072
21745,GAOLERS KEYS DECORATIVE GARDEN ,Neutral,0.7632
17084J,LOVE POTION MASALA INCENSE,Positive,0.8199
71279,PINK GLASS CANDLEHOLDER,Neutral,0.8142
21417,COCKLE SHELL DISH,Negative,0.7591
22088,PAPER BUNTING COLOURED LACE,Neutral,0.7366
22093,MOTORING TISSUE BOX,Neutral,0.8003
84288B,SET/2 BLUE  NOODLE BASKETS,Neutral,0.7779
35924,HANGING FAIRY CAKE DECORATION,Neutral,0.8259
20941,FROG CANDLE,Neutral,0.6877
21553,CERAMIC BIRDHOUSE FINCH BLUE  LARGE,Neutral,0.7533
21554,CERAMIC BIRDHOUSE RED ROOF LARGE,Neutral,0.8052
22215,CAKE STAND WHITE TWO TIER LACE,Neutral,0.8065
20804,GLASS CHICKEN BUTTER DISH,Neutral,0.7512
21015,DARK BIRD HOUSE TREE DECORATION,Neutral,0.8314
21014,SWISS CHALET TREE DECORATION ,Neutral,0.8358
21917,SET 12 KIDS  WHITE CHALK STICKS,Neutral,0.6858
22069, BROWN  PIRATE TREASURE CHEST ,Neutral,0.7743
47591C,BLUE FAIRY CAKE CHILD'S APRON,Neutral,0.7626
21743,STAR PORTABLE TABLE LIGHT ,Neutral,0.7742
21744,SNOWFLAKE PORTABLE TABLE LIGHT ,Neutral,0.8193
37501,TEA TIME TEA SET IN GIFT BOX,Neutral,0.8884
21385,IVORY HANGING DECORATION  HEART,Neutral,0.7431
85099F,JUMBO BAG STRAWBERRY,Neutral,0.7638
35001G,HAND OPEN SHAPE GOLD,Neutral,0.7255
84855,BLOKEY SILVER TOOL SET,Neutral,0.8285
84854,GIRLY PINK TOOL SET,Neutral,0.7733
21216,"SET 3 RED SPOT TIN TEA,COFFEE,SUGAR",Neutral,0.8448
21243,PINK  SPOTTY PLATE ,Neutral,0.7214
21155,RED SPOTTY PEG BAG,Neutral,0.6905
21412,VINTAGE GOLD TINSEL REEL,Neutral,0.7811
72799F,IVORY PILLAR CANDLE GOLD FLOCK,Neutral,0.7194
72799E,IVORY PILLAR CANDLE SILVER FLOCK,Neutral,0.7398
72799C,PINK PILLAR CANDLE SILVER FLOCK,Neutral,0.7857
21499,BLUE SPOTS  WRAP,Neutral,0.701
21246,RED SPOTTY BIG BOWL,Neutral,0.6123
21247,SET OF RED SALAD SERVERS ,Neutral,0.8136
85136C,RED SHARK HELICOPTER,Neutral,0.7965
21975,PACK OF 60 DINOSAUR CAKE CASES,Neutral,0.8769
21213,PACK OF 72 SKULL CAKE CASES,Neutral,0.8631
72807B,SET/3 OCEAN SCENT CANDLE JEWEL BOX,Neutral,0.8829
72802C,VANILLA SCENT CANDLE JEWELLED BOX,Neutral,0.8446
72799B,PURPLE PILLAR CANDLE BLACK FLOCK,Neutral,0.7639
84970L,SINGLE HEART ZINC T-LIGHT HOLDER,Neutral,0.7453
21768,WALL MOUNTED VINTAGE ORGANISER,Neutral,0.8136
84984D,ORIENTAL RED C/COVER ,Neutral,0.7727
84773,RED ROSE AND LACE C/COVER,Neutral,0.8
84601A,NEW BAROQUE IVORY CUSHION COVER ,Neutral,0.805
85174,S/4 CACTI CANDLES,Neutral,0.7572
71028B,SILVER BLUE EGG T-LIGHT HOLDER,Neutral,0.7402
84755,COLOUR GLASS T-LIGHT HOLDER HANGING,Neutral,0.8444
72140F,HAPPY ANNIVERSARY CANDLE LETTERS,Positive,0.9745
84950,ASSORTED COLOUR T-LIGHT HOLDER,Neutral,0.7669
85175,CACTI T-LIGHT CANDLES,Neutral,0.7335
72487,ROSES WHITE ROUND CANDLE,Neutral,0.8261
84360,TABLE LAMP WHITE SHADE WOOD BASE,Neutral,0.8576
21335,LIBRARY LAMP,Neutral,0.7045
84396,6 HOOK JEWELLERY STAND BLACK DRESS,Neutral,0.8962
72753A,S/3 FLWR FAIRY LILLY CANDLES,Neutral,0.8455
72750C,"F.FAIRY S/3 CANDLE/GLASS, ROSE",Neutral,0.8299
79323GR,GREEN CHERRY LIGHTS,Neutral,0.6046
22120,WELCOME  WOODEN BLOCK LETTERS,Positive,0.5704
85211,S/4 GROOVY CAT MAGNETS,Neutral,0.8644
84341B,SMALL PINK MAGIC CHRISTMAS TREE,Neutral,0.6706
22211,WOOD STAMP SET FLOWERS,Neutral,0.8532
22283,6 EGG HOUSE PAINTED WOOD,Neutral,0.8128
22187,GREEN CHRISTMAS TREE CARD HOLDER,Neutral,0.809
21735,TWO DOOR CURIO CABINET,Neutral,0.7838
48189,DOOR MAT FRIENDSHIP ,Neutral,0.8142
48116,DOOR MAT MULTICOLOUR STRIPE,Neutral,0.793
79323B,BLACK CHERRY LIGHTS,Neutral,0.7197
21257,VICTORIAN SEWING BOX MEDIUM,Neutral,0.6827
21767,FRENCH STYLE WIRE DOOR CABINET ,Neutral,0.8098
85068,CREAM SWEETHEART SHELF + HOOKS,Neutral,0.6608
22171,3 HOOK PHOTO SHELF ANTIQUE WHITE,Neutral,0.8679
72349B,SET/6 PURPLE BUTTERFLY T-LIGHTS,Neutral,0.8397
84596K,JELLY BABIES YELLOW SMALL BOWL,Neutral,0.5379
84596E,SMALL LICORICE DES PINK BOWL,Neutral,0.808
84596G,SMALL CHOCOLATES PINK BOWL,Neutral,0.7888
37448,CERAMIC CAKE DESIGN SPOTTED MUG,Neutral,0.7692
22131,FOOD CONTAINER SET 3 LOVE HEART ,Positive,0.7774
37447,CERAMIC CAKE DESIGN SPOTTED PLATE,Neutral,0.8222
22055,MINI CAKE STAND  HANGING STRAWBERY,Neutral,0.8633
22062,CERAMIC BOWL WITH LOVE HEART DESIGN,Positive,0.5293
84596B,SMALL DOLLY MIX DESIGN ORANGE BOWL,Neutral,0.8702
22347,PIZZA SLICE DISH,Neutral,0.7044
84507C,BLUE CIRCLES DESIGN MONKEY DOLL,Neutral,0.8633
84508A,CAMOFLAGE DESIGN TEDDY,Neutral,0.8383
79302M,"ART LIGHTS,FUNK MONKEY",Neutral,0.6531
37502,TEA TIME MUG IN GIFT BOX,Neutral,0.8513
84534B,FAIRY CAKE NOTEBOOK A5 SIZE,Neutral,0.8271
84535B,FAIRY CAKES NOTEBOOK A6 SIZE,Neutral,0.8548
84536B,FAIRY CAKES NOTEBOOK A7 SIZE,Neutral,0.8553
21752,GLASS CAKE STAND MIRRORED BASE,Neutral,0.8101
85090,CANDY SPOT APRON,Neutral,0.7372
21121,SET/10 RED SPOTTY PARTY CANDLES,Neutral,0.7538
90167,BEADED LOVE HEART JEWELLERY SET,Positive,0.6928
21543,BUTTERFLY WATER TRANSFER TATTOOS ,Neutral,0.814
21642,ASSORTED TUTTI FRUTTI PEN,Neutral,0.6666
72023F,RED ORGANIC CANDLE IN GLASS,Neutral,0.7799
20886,BOX OF 9 PEBBLE CANDLES,Neutral,0.8141
85172,HYACINTH BULB T-LIGHT CANDLES,Neutral,0.8199
21469,POLKA DOT RAFFIA FOOD COVER,Neutral,0.8355
21897,POTTING SHED CANDLE CITRONELLA,Neutral,0.8502
21898,POTTING SHED ROSE CANDLE,Neutral,0.8476
20771,CHRYSANTHEMUM  JOURNAL,Neutral,0.7964
72815,3 WICK CHRISTMAS BRIAR CANDLE ,Neutral,0.8012
47504G,ENGLISH ROSE TAPE MEASURE,Neutral,0.8611
84986B,SET OF 36 SILVER PAPER DOILIES,Neutral,0.8513
20684,STRAWBERRY DREAM CHILDS UMBRELLA,Neutral,0.8272
85006,SET 4 NURSERY DES ROUND BOXES,Neutral,0.8282
85199S,SMALL HANGING IVORY/RED WOOD BIRD,Neutral,0.8832
85199L,LARGE HANGING IVORY & RED WOOD BIRD,Neutral,0.8686
21556,CERAMIC STRAWBERRY MONEY BOX,Neutral,0.7797
82081,PINK HEARTS PHOTO ALBUM,Neutral,0.861
21164,HOME SWEET HOME METAL SIGN ,Neutral,0.5483
21843,RETRO SPOT CAKE STAND,Neutral,0.8604
47504E,ENGLISH ROSE SCISSORS,Neutral,0.8428
84934,ASSTD DESIGN POP ART SLIM PEN,Neutral,0.8613
21165,BEWARE OF THE CAT METAL SIGN ,Neutral,0.6415
21877,HOME SWEET HOME MUG,Neutral,0.5058
21398,RED  SPOTTY COFFEE  MUG,Neutral,0.6376
16161U,"WRAP,SUKI AND FRIENDS",Neutral,0.8169
21497,FANCY FONTS BIRTHDAY WRAP,Neutral,0.7964
22051,BLUE SCANDINAVIAN PAISLEY WRAP,Neutral,0.8646
22117,METAL SIGN HER DINNER IS SERVED ,Neutral,0.8398
22116,METAL SIGN HIS DINNER IS SERVED,Neutral,0.8786
21042,RED SPOTTY APRON ,Neutral,0.6708
22164,STRING OF STARS CARD HOLDER,Neutral,0.8499
22165,"DIAMANTE HEART SHAPED WALL MIRROR, ",Neutral,0.7751
46000P,POLYESTER FILLER PAD 65CMx65CM,Neutral,0.8665
46000M,POLYESTER FILLER PAD 45x45cm,Neutral,0.8524
21685,MEDINA STAMPED METAL TRAY ,Neutral,0.8434
84658,WHITE STITCHED CUSHION COVER,Neutral,0.8097
20887,BOX OF 6 PEBBLE CANDLES,Neutral,0.7888
21692,SILVER LATTICE VANILLA CANDLE POT,Neutral,0.8151
21691,SILVER VANILLA FLOWER CANDLE POT,Neutral,0.7996
21814,HEART T-LIGHT HOLDER ,Neutral,0.5415
47570B,TEA TIME TABLE CLOTH,Neutral,0.8444
21541,DINOSAURS WATER TRANSFER TATTOOS ,Neutral,0.8544
51014C,"FEATHER PEN,COAL BLACK",Neutral,0.787
20659,ECONOMY LUGGAGE TAG,Neutral,0.775
20658,RED SPOTTY LUGGAGE TAG,Neutral,0.7422
21355,TOAST ITS - I LOVE YOU ,Positive,0.9052
84378,SET OF 3 HEART COOKIE CUTTERS,Neutral,0.5917
84380,SET OF 3 BUTTERFLY COOKIE CUTTERS,Neutral,0.6802
22144,CHRISTMAS CRAFT LITTLE FRIENDS,Neutral,0.7038
21330,WOODLAND ANIMAL  WRITING SET ,Neutral,0.8491
72814,SET/3 CHRISTMAS BRIAR CANDLES,Neutral,0.8528
85125,SMALL ROUND CUT GLASS CANDLESTICK,Neutral,0.8165
85126,LARGE ROUND CUTGLASS CANDLESTICK,Neutral,0.8204
72529W,WHITE ADVENT CANDLE,Neutral,0.8006
21795,SET OF 3 BLUE STRIPE BASKET,Neutral,0.8068
21796,SET OF 3 RED STRIPE BASKETS,Neutral,0.8401
15036,ASSORTED COLOURS SILK FAN,Neutral,0.741
21742,LARGE ROUND WICKER PLATTER ,Neutral,0.8149
21221,SET/4 BADGES CUTE CREATURES,Positive,0.6737
84559B,3D SHEET OF CAT STICKERS,Neutral,0.8478
84559D,3D SHEET OF SEA WORLD STICKERS,Neutral,0.9077
15056P,EDWARDIAN PARASOL PINK,Neutral,0.8723
84199,GLOW IN DARK DOLPHINS,Neutral,0.8405
17003,BROCADE RING PURSE ,Neutral,0.7798
15034,PAPER POCKET TRAVELING FAN ,Neutral,0.8262
16238,PARTY TIME PENCIL ERASERS,Neutral,0.8347
35085E,IVORY ROSE LAMPSHADE ,Neutral,0.7782
10120,DOGGY RUBBER,Neutral,0.6345
17164B,ASS COL SMALL SAND GECKO P'WEIGHT,Neutral,0.776
84006,MAGIC TREE -PAPER FLOWERS,Neutral,0.7675
20723,STRAWBERRY CHARLOTTE BAG,Neutral,0.8171
20686,DOLLY MIXTURE CHILDREN'S UMBRELLA,Neutral,0.8291
22167,"WALL MIRROR , DIAMANTE OVAL SHAPE",Neutral,0.8221
47594B,SCOTTIES DESIGN WASHBAG,Neutral,0.8133
47556B,TEA TIME TEA TOWELS ,Neutral,0.7602
84750A,PINK SMALL GLASS CAKE STAND,Neutral,0.8436
84987,SET OF 36 TEATIME PAPER DOILIES,Neutral,0.835
85008,SET OF 3 CONEY ISLAND OVAL BOXES,Neutral,0.8941
85184C,S/4 VALENTINE DECOUPAGE HEART BOX,Neutral,0.8832
84709B,PINK OVAL JEWELLED MIRROR,Neutral,0.8305
35095A,BLUE VICTORIAN FABRIC OVAL BOX,Neutral,0.8174
82583,HOT BATHS METAL SIGN,Neutral,0.8728
82578,KITCHEN METAL SIGN,Neutral,0.7633
82581,TOILET METAL SIGN,Neutral,0.8335
20830,SILVER PHOTO FRAME,Negative,0.5951
35095B,RED VICTORIAN FABRIC OVAL BOX,Neutral,0.8062
20831,GOLD PHOTO FRAME,Neutral,0.5755
84533B,FAIRY CAKES ROUND NESTING BOXES,Neutral,0.7953
22173,METAL 4 HOOK HANGER FRENCH CHATEAU,Neutral,0.8399
84792,ENCHANTED BIRD COATHANGER 5 HOOK,Neutral,0.8362
21272,SALLE DE BAIN HOOK,Neutral,0.7277
84406B,CREAM CUPID HEARTS COAT HANGER,Negative,0.6568
22214,CANDLE PLATE LACE WHITE,Neutral,0.8061
M,Manual,Neutral,0.6838
21349,IVY HEART WREATH,Neutral,0.5277
21108,FAIRY CAKE FLANNEL ASSORTED COLOUR,Neutral,0.81
21112,"SWISS ROLL TOWEL, PINK  SPOTS",Neutral,0.772
21111,"SWISS ROLL TOWEL, CHOCOLATE  SPOTS",Neutral,0.7684
85034A,3 GARDENIA MORRIS BOXED CANDLES,Neutral,0.8169
72807A,SET/3 ROSE CANDLE IN JEWELLED BOX,Neutral,0.8775
21640,ASSORTED TUTTI FRUTTI  FOB NOTEBOOK,Neutral,0.793
20716,PARTY FOOD SHOPPER BAG,Neutral,0.8232
20730,STRAWBERRY CANDY BAG,Neutral,0.7494
20729,RED SPOTTY CANDY BAG,Neutral,0.6526
37343,SPOTS DESIGN MUG W PINK INSIDE,Neutral,0.8664
22231,JIGSAW TREE WITH BIRDHOUSE,Neutral,0.8659
10125,MINI FUNKY DESIGN TAPES,Neutral,0.8451
21025,SPACE FROG,Neutral,0.7399
21031,SPACE CADET BLACK,Neutral,0.8026
21589,SWALLOW GIANT TUBE MATCHES,Neutral,0.8743
20770,ABSTRACT CIRCLE JOURNAL ,Neutral,0.8421
22023,EMPIRE BIRTHDAY CARD,Neutral,0.7707
21839,MUMMY MOUSE RED GINGHAM RIBBON,Neutral,0.7808
20776,ABSTRACT CIRCLES NOTEBOOK,Neutral,0.854
20679,EDWARDIAN PARASOL RED,Neutral,0.7971
22193,RED DINER WALL CLOCK,Neutral,0.7682
22191,EAU DE NIL DINER WALL CLOCK,Neutral,0.7565
22192,BLUE DINER WALL CLOCK,Neutral,0.7555
82597,BOMBS AWAY METAL SIGN,Neutral,0.829
40016,CHINESE DRAGON PAPER LANTERNS,Neutral,0.8479
15044B,BLUE PAPER PARASOL ,Neutral,0.7381
15044D,RED PAPER PARASOL,Neutral,0.7203
84814B,RHOMBUS CRYSTAL PERFUME BOTTLE,Neutral,0.7356
79323G,GOLD  CHERRY LIGHTS,Neutral,0.6995
84358,FLOOR LAMP SHADE WOOD BASE,Neutral,0.7504
22101,MIRROR MOSAIC VOTIVE HOLDER,Neutral,0.832
84920,PINK FLOWER FABRIC PONY,Neutral,0.6836
21811,CHRISTMAS HANGING HEART WITH BELL,Positive,0.5031
16156S,WRAP PINK FAIRY CAKES ,Neutral,0.6575
20765,CHRYSANTHEMUM SKETCHBOOK ,Neutral,0.7979
21137,BLACK RECORD COVER FRAME,Neutral,0.8187
22246,"GARLAND, MAGIC GARDEN 1.8M",Neutral,0.8729
51008,AFGHAN SLIPPER SOCK PAIR,Neutral,0.7075
21396,RED SPOTTY EGG CUP ,Neutral,0.6433
20913,SET/5 BLUE SPOTTY LID GLASS BOWLS,Neutral,0.8056
21107,CREAM SLICE FLANNEL PINK SPOT ,Neutral,0.7532
79072,TEATIME CAKE TIN WITH HANDLE,Neutral,0.8245
84510B,SET OF 4 FAIRY CAKES COASTERS ,Neutral,0.7971
84509B,FAIRY CAKE PLACEMATS,Neutral,0.6957
21658,GLASS  BEURRE DISH,Neutral,0.6765
22339,CHRISTMAS TREE PAINTED ZINC ,Neutral,0.8462
21810,CHRISTMAS HANGING STAR WITH BELL,Neutral,0.7908
85112,S/3 TEAR DROP CUT GLASS DECORATION,Neutral,0.8193
79534,MULTICOLOUR GLASS PLATE,Neutral,0.7565
35594,WOODEN CHRISTMAS TREE 3 HANGING,Neutral,0.8626
82615,PINK MARSHMALLOW SCARF KNITTING KIT,Neutral,0.8249
21354,TOAST ITS - BEST MUM,Neutral,0.5588
22095,LADS ONLY TISSUE BOX,Neutral,0.761
20934,SET/3 POT PLANT CANDLES,Neutral,0.8049
21610,SET 12 PEAR BOTANICAL T-LIGHTS,Neutral,0.8749
72802A,ROSE SCENT CANDLE IN JEWELLED BOX,Neutral,0.8457
35004C,SET OF 3 COLOURED  FLYING DUCKS,Neutral,0.7619
85220,SMALL FAIRY CAKE FRIDGE MAGNETS,Neutral,0.7844
21341,KASBAH LANTERN WITH GLASS ,Neutral,0.8292
21323,HANGING MEDINA LANTERN LARGE,Neutral,0.8809
21504,SKULLS GREETING CARD,Neutral,0.7363
21340,CLASSIC METAL BIRDCAGE PLANT HOLDER,Neutral,0.834
21347,GOTHIC CARRIAGE LANTERN,Neutral,0.8157
84947,ANTIQUE SILVER TEA GLASS ENGRAVED,Neutral,0.8285
22184,CAKE STAND VICTORIAN FILIGREE LARGE,Neutral,0.8409
71459,HANGING JAM JAR T-LIGHT HOLDER,Neutral,0.8322
84371,BIG PINK POODLE,Neutral,0.7566
21734,SMALL MARAKESH LANTERN ON STICK,Neutral,0.8649
22181,SNOWSTORM PHOTO FRAME FRIDGE MAGNET,Neutral,0.8494
22134,LADLE LOVE HEART RED ,Positive,0.9259
21448,12 DAISY PEGS IN WOOD BOX,Neutral,0.8322
22322,BIRD DECORATION GREEN  SPOT,Neutral,0.7931
84795C,OCEAN STRIPE HAMMOCK ,Neutral,0.7423
21304,ARCHED GREY MIRROR,Neutral,0.8192
21259,VICTORIAN SEWING BOX SMALL ,Neutral,0.7874
35649,VINTAGE BEAD COSMETIC BAG ,Neutral,0.7951
35646,VINTAGE BEAD PINK EVENING BAG,Neutral,0.8424
35651,VINTAGE BEAD PINK SCARF ,Neutral,0.7944
35648,VINTAGE BEAD PINK PURSE ,Neutral,0.7618
85226C,BLUE PULL BACK RACING CAR,Neutral,0.8289
16212,FUNKY GIRLZ ASST MAGNETIC MEMO PAD,Neutral,0.7659
35096A,BLUE VICTORIAN FABRIC HEART BOX,Neutral,0.7675
84536A,ENGLISH ROSE NOTEBOOK A7 SIZE,Neutral,0.8961
47503K,ASSORTED FLORAL SECATEURS,Neutral,0.6108
85222,ASSORTED COLOUR SILK COSMETIC PURSE,Neutral,0.7893
85230F,JASMINE VOTIVE CANDLE,Neutral,0.8487
21154,RED SPOTTY OVEN GLOVE ,Neutral,0.587
21255,"FRENCH BOTTLE , LAVENDER",Neutral,0.7769
21286,RETRO SPOT CANDLE  LARGE,Neutral,0.773
21359,RELAX LARGE WOOD LETTERS,Neutral,0.8152
21529,RETRO SPOT CERAMIC TOASTRACK,Neutral,0.8694
79191C,RETRO PLASTIC ELEPHANT TRAY,Neutral,0.8541
85031B,BLOSSOM IMAGES SCRAP BOOK SET,Neutral,0.855
22216,T-LIGHT HOLDER WHITE LACE,Neutral,0.8234
22224,WHITE LOVEBIRD LANTERN,Positive,0.5827
21746,SMALL RED SPOT  WINDMILL,Neutral,0.7504
85065,CREAM SWEETHEART TRAYS,Neutral,0.6182
20963,APPLE BATH SPONGE,Neutral,0.7406
20674,GREEN SPOTTY BOWL,Neutral,0.6596
21703,BAG 125g SWIRLY MARBLES,Neutral,0.8477
21205,MULTICOLOUR 3D BALLS GARLAND,Neutral,0.8378
84692,BOX OF 24 COCKTAIL PARASOLS,Neutral,0.7649
22049,WRAP CHRISTMAS SCREEN PRINT,Neutral,0.8646
84926B,SCOTTS ROSES TILE COASTER,Neutral,0.8083
21464,DISCO BALL ROTATOR BATTERY OPERATED,Neutral,0.847
20668,DISCO BALL CHRISTMAS DECORATION,Neutral,0.8225
22340,NOEL GARLAND PAINTED ZINC ,Neutral,0.8234
21009,ETCHED GLASS STAR TREE DECORATION,Neutral,0.8012
84562B,BLUE/WHITE RIBBED MELAMINE JUG,Neutral,0.8968
22198,"POPCORN HOLDER , LARGE",Neutral,0.7544
21558,SKULL LUNCHBOX WITH CUTLERY ,Neutral,0.7767
75049L,LARGE CIRCULAR MIRROR MOBILE,Neutral,0.8455
21192,WHITE BELL HONEYCOMB PAPER ,Neutral,0.7963
22148,EASTER CRAFT 4 CHICKS ,Neutral,0.7786
84078A,SET/4 WHITE RETRO STORAGE CUBES ,Neutral,0.8555
20780,BLACK EAR MUFF HEADPHONES,Neutral,0.8152
20772,GARDEN PATH JOURNAL,Neutral,0.8111
21709,FOLDING UMBRELLA  CHOC/WHITE  SPOT,Neutral,0.8445
22278,OVERNIGHT BAG VINTAGE ROSE PAISLEY,Neutral,0.8756
84925E,FLOWERS WALL THERMOMETER,Neutral,0.7746
84925A,WAKE UP COCKEREL WALL THERMOMETER,Neutral,0.6527
21739,COSY SLIPPER SHOES SMALL GREEN,Neutral,0.7952
21328,BALLOONS  WRITING SET ,Neutral,0.8071
47503F,ASS FLORAL PRINT TORCH,Neutral,0.7686
90042B,FRESHWATER PEARL BRACELET PINK,Neutral,0.7891
90042A,FRESHWATER PEARL BRACELET GOLD,Neutral,0.7441
84989A,75 GREEN FAIRY CAKE CASES,Neutral,0.751
84279B,CHERRY BLOSSOM DECORATIVE FLASK,Neutral,0.7927
20865,PATCHWORK PENCIL CASE BUTTERFLY ,Neutral,0.7532
85113,POLKA DOT PISTACHIO PAIL,Neutral,0.6834
85107,CUT GLASS T-LIGHT HOLDER OCTAGON,Neutral,0.8113
20976,12 PENCILS SMALL TUBE POSY,Neutral,0.8264
85049F,BABY BOOM RIBBONS ,Neutral,0.5495
20991,JAZZ HEARTS MAGNETIC MEMO PAD,Neutral,0.8399
20761,BLUE PAISLEY SKETCHBOOK,Neutral,0.7935
85170C,SET/6 EAU DE NIL BIRD T-LIGHTS,Neutral,0.8309
85039B,S/4 IVORY MINI ROSE CANDLE IN BOWL,Neutral,0.8988
21078,SET/20 STRAWBERRY PAPER NAPKINS ,Neutral,0.8673
21981,PACK OF 12 WOODLAND TISSUES ,Neutral,0.8615
21647,ASSORTED TUTTI FRUTTI LARGE PURSE,Neutral,0.7675
17109A,FLOWER FAIRY INCENSE LILY,Neutral,0.7991
17109C,FLOWER FAIRY INCENSE ROSE,Neutral,0.776
20998,ROSE DU SUD OVEN GLOVE,Neutral,0.7769
21645,ASSORTED TUTTI FRUTTI ROUND BOX,Neutral,0.7834
21026,SPACE OWL,Neutral,0.7812
79328,BLUE FLOCK GLASS CANDLEHOLDER,Neutral,0.7881
22344,PARTY PIZZA DISH PINK+WHITE SPOT ,Neutral,0.79
22346,PARTY PIZZA DISH GREEN+WHITE SPOT ,Neutral,0.7949
22345,PARTY PIZZA DISH BLUE+WHITE SPOT ,Neutral,0.8218
22343,PARTY PIZZA DISH RED WHITE SPOT ,Neutral,0.8367
17084R,ASSORTED INCENSE PACK,Neutral,0.5235
21838,DADDY MOUSE RED GINGHAM BOW TIE,Neutral,0.7535
21983,PACK OF 12 BLUE PAISLEY TISSUES ,Neutral,0.8353
85135A,YELLOW DRAGONFLY HELICOPTER,Neutral,0.8152
85135B,BLUE DRAGONFLY HELICOPTER,Neutral,0.7752
72796A,S/3 ENGLISH LAVENDER SQU CANDLE,Neutral,0.8793
72796B,S/3 FRENCH VANILLA SQU CANDLE,Neutral,0.8711
85035C,ROSE 3 WICK MORRIS BOX CANDLE,Neutral,0.8576
85035A,GARDENIA 3 WICK MORRIS BOXED CANDLE,Neutral,0.8659
20869,GOLD FABRIC MIRROR,Neutral,0.7802
79190B,RETRO PLASTIC POLKA TRAY,Neutral,0.795
90214S,"LETTER ""S"" BLING KEY RING",Neutral,0.8141
90214J,"LETTER ""J"" BLING KEY RING",Neutral,0.8424
16258B,DAISY ERASERS IN BAG,Neutral,0.7602
20986,BLUE CALCULATOR RULER,Neutral,0.7858
20985,HEART CALCULATOR,Neutral,0.7109
37348,SET OF 4 PASTEL STACKING MUGS,Neutral,0.8756
72817,SET/2 CHRISTMAS DECOUPAGE CANDLES,Neutral,0.8686
22279,POCKET BAG BLUE PAISLEY RED SPOT,Neutral,0.7695
21557,SET OF 6 FUNKY BEAKERS,Neutral,0.5876
21992,VINTAGE PAISLEY STATIONERY SET,Neutral,0.8771
18097B,BLUE TALL PORCELAIN T-LIGHT HOLDER,Neutral,0.8067
85221,ASSORTED COLOUR SILK COIN PURSE,Neutral,0.772
84526,GIANT BLACK SUNGLASSES,Neutral,0.728
22096,PINK PAISLEY SQUARE TISSUE BOX ,Neutral,0.7845
85088,CANDY SPOT HAND BAG,Neutral,0.7089
37474,SET/4 2 TONE EGG SHAPE MIXING BOWLS,Neutral,0.8474
21933,PINK VINTAGE PAISLEY PICNIC BAG,Neutral,0.8022
21932,SCANDINAVIAN PAISLEY PICNIC BAG,Neutral,0.8448
84532B,FAIRY CAKES RECTANGLUAR BOXES,Neutral,0.7582
21249,WOODLAND  HEIGHT CHART STICKERS ,Neutral,0.7963
21935,SUKI  SHOULDER BAG,Neutral,0.749
21163,DO NOT TOUCH MY STUFF DOOR HANGER ,Negative,0.6473
21663,VINTAGE GLASS SUGAR CADDY,Neutral,0.7586
72811,SMALL ZINC/GLASS CANDLEHOLDER,Neutral,0.8744
22175,PINK OWL SOFT TOY,Positive,0.5495
22176,BLUE OWL SOFT TOY,Neutral,0.5199
84802B,PURPLE ANEMONE ARTIFICIAL FLOWER,Neutral,0.8199
84597C,RETRO PINK BALL ASHTRAY ,Neutral,0.8435
84520D,PACK OF 20 FAIRY CAKE PAPER NAPKINS,Neutral,0.7851
84925C,FAIRY CAKES  WALL THERMOMETER,Neutral,0.7614
82552,WASHROOM METAL SIGN,Neutral,0.8321
21609,SET 12 LAVENDER  BOTANICAL T-LIGHTS,Neutral,0.8739
21102,"CANDLE IN JAR COLLAGE , VANILLA",Neutral,0.8297
20621,ECONOMY PASSPORT COVER ,Neutral,0.8111
21312,LARGE CHUNKY GLASS ROMAN BOWL,Neutral,0.8197
20714,POSY SHOPPER BAG,Neutral,0.6588
84926C,FAIRY CAKES TILE COASTER,Neutral,0.7675
21617,4 LILY  BOTANICAL DINNER CANDLES,Neutral,0.8784
22123,PING MICROWAVE APRON,Neutral,0.836
22313,OFFICE MUG WARMER PINK,Neutral,0.8589
82616C,MIDNIGHT GLAMOUR SCARF KNITTING KIT,Neutral,0.7353
21253,SET OF PICTURE FRAME  STICKERS,Neutral,0.7543
47580,TEA TIME DES TEA COSY,Neutral,0.7105
35599B,BLACK CHRISTMAS TREE 120CM,Neutral,0.8691
84968E,S/16 VINTAGE BLACK CUTLERY,Neutral,0.887
84660C,PINK STITCHED WALL CLOCK,Neutral,0.7649
79065A,TEATIME ROUND CAKE TINS ,Neutral,0.7691
37476,CONDIMENT TRAY 4 BOWLS AND 4 SPOONS,Neutral,0.8737
71053,WHITE METAL LANTERN,Neutral,0.8025
22354,RETRO SPOT PADDED SEAT CUSHION,Neutral,0.8705
84623,PINK GINGHAM ROSE FLOOR CUSHION,Neutral,0.8052
84619,BLUE GINGHAM ROSE QUILT ,Neutral,0.7333
21628,TRIANGULAR POUFFE VINTAGE ,Neutral,0.7449
79321,CHILLI LIGHTS,Neutral,0.6175
79320, FLAMINGO LIGHTS,Neutral,0.5863
22227,"DECORATION, HANGING HEART+MIRROR ",Neutral,0.7486
84405A,S/3 PINK COL METAL BASKET W HANDLE,Neutral,0.8923
21729,SMALL MARAKESH METAL  LANTERN ,Neutral,0.8463
20889,JARDIN DE FEMME SCENTED CANDLE,Neutral,0.7772
21327,SKULLS WRITING SET ,Neutral,0.8132
21425,SKULLS STORAGE BOX LARGE,Neutral,0.769
21614,SET OF 12 ROSE BOTANICAL T-LIGHTS,Neutral,0.8609
21135,VICTORIAN  METAL POSTCARD SPRING,Neutral,0.8659
21106,CREAM SLICE FLANNEL CHOCOLATE SPOT ,Neutral,0.7822
21007,ETCHED GLASS DROPLET DECORATION,Neutral,0.7457
79329,PINK FLOCK GLASS CANDLEHOLDER,Neutral,0.8364
22208,WOOD STAMP SET THANK YOU,Positive,0.9093
22135,LADLE LOVE HEART PINK,Positive,0.8797
21115,ROSE CARAVAN DOORSTOP,Neutral,0.8251
82616A,BUBBLE GUM SCARF KNITTING KIT,Negative,0.8371
16012,FOOD/DRINK SPUNGE STICKERS,Neutral,0.8364
84249D,FAIRY CAKE GREETINGS CARD,Neutral,0.7981
22200,FRYING PAN PINK POLKADOT ,Neutral,0.7871
22202,MILK PAN PINK RETROSPOT,Neutral,0.876
11001,ASSTD DESIGN RACING CAR PEN,Neutral,0.6999
79192A,RETRO PLASTIC 70'S TRAY,Neutral,0.8522
22046,TEA PARTY  WRAPPING PAPER ,Neutral,0.7807
17033,"BROCADE PURSE,SMALL ARCH BUTTON",Neutral,0.7193
21883,STARS GIFT TAPE ,Neutral,0.7799
21882,SKULLS TAPE,Negative,0.4749
21884,CAKES AND BOWS GIFT  TAPE,Neutral,0.8092
21881,CUTE CATS TAPE,Positive,0.834
21880,RED AND WHITE SPOT TAPE,Neutral,0.8101
79336,LIGHT PINK FLOCK GLASS CANDLEHOLDER,Neutral,0.7901
22331,WOODLAND PARTY BAG + STICKER SET,Neutral,0.8683
21012,ANTIQUE ALL GLASS CANDLESTICK,Neutral,0.7877
85097B,BLUE ROCKING SINGING CANARY,Positive,0.6339
85111,SILVER GLITTER FLOWER VOTIVE HOLDER,Neutral,0.8053
21507,"ELEPHANT, BIRTHDAY CARD, ",Neutral,0.8171
22157,ANGEL DECORATION WITH LACE PADDED,Neutral,0.8453
84952C,MIRROR LOVE BIRD T-LIGHT HOLDER,Positive,0.8811
21519,GIN & TONIC DIET GREETING CARD ,Neutral,0.8365
21518,BANK ACCOUNT  GREETING  CARD ,Neutral,0.8098
84600,NEW BAROQUE JEWELLERY BOX ,Neutral,0.8202
84510C,SET OF 4 POLKADOTS COASTERS,Neutral,0.8577
17109B,FLOWER FAIRY INCENSE LAVENDER,Neutral,0.7868
20669,RED HEART LUGGAGE TAG,Neutral,0.7565
21681,GIANT MEDINA STAMPED METAL BOWL ,Neutral,0.8185
84828,JUNGLE POPSICLES ICE LOLLY HOLDERS,Neutral,0.8596
10138,ASSORTED COLOUR JUMBO PEN,Neutral,0.7384
35981C,WHITE SNOW SCANDINAVIAN STOCKING ,Neutral,0.8518
84510F,SET OF 4 NEW ENGLAND COASTERS ,Neutral,0.8748
20736,PINK MINI TAPE MEASURE ,Neutral,0.7983
35961,FOLKART ZINC HEART CHRISTMAS DEC,Neutral,0.6346
85162C,WHITE RETRODISC LAMPSHADE,Neutral,0.8045
17129D,CLEAR COLOUR GLASS GEMS IN BAG,Neutral,0.824
47579,TEA TIME BREAKFAST BASKET,Neutral,0.8582
21337,SILVER WASHBAG,Neutral,0.7178
72484,ROSES IN WHITE HEART CANDLE ,Neutral,0.7691
37494A,FAIRY CAKE CERAMIC BUTTER DISH,Neutral,0.7756
20906,VINTAGE NOTEBOOK BEAUTY GIRL,Positive,0.6293
85032A,ROMANTIC IMAGES GIFT WRAP SET,Neutral,0.8282
85018D,YULETIDE IMAGES S/6 PAPER BOXES,Neutral,0.8687
84708B,PINK JEWELLED PHOTO FRAME ,Neutral,0.5138
21391,FRENCH EMROIDR LAVENDER SCENT HEART,Neutral,0.7929
90035C,"PEARL & SHELL 42""NECKL. IVORY",Neutral,0.823
90082A,DIAMANTE BOW BROOCH GREEN COLOUR,Neutral,0.7585
21077,SET/20 WOODLAND PAPER NAPKINS ,Neutral,0.872
90035B,"PEARL & SHELL 42""NECKL. PINK",Neutral,0.8642
21694,SMALL REGAL  SILVER CANDLEPOT ,Neutral,0.7955
79163,BLACK CHAMPAGNE GLASS,Neutral,0.8562
72779,SET/6 BLACK ROSE T-LIGHT CANDLES,Neutral,0.8867
85230G,ORANGE VOTIVE CANDLE,Neutral,0.7372
72024U,LILAC VOTIVE CANDLE,Neutral,0.8024
84969,ASSORTED COLOUR SET 6 TEASPOONS,Neutral,0.8348
22309,TEA COSY RED  STRIPE,Neutral,0.7709
21559,STRAWBERRY LUNCHBOX WITH CUTLERY,Neutral,0.8117
21973,SET OF 36 MUSHROOM PAPER DOILIES,Neutral,0.8786
35918B,BLUE FLORIBUNDA EGG WARMER,Neutral,0.7354
85032D,YULETIDE IMAGES GIFT WRAP SET,Neutral,0.8708
20990,SPRING FLOWER CHOPSTICKS SET/5,Neutral,0.8811
35914,PINK CHICK EGG WARMER + EGG CUP,Neutral,0.7259
21679,SKULLS  STICKERS,Neutral,0.605
47590A,BLUE HAPPY BIRTHDAY BUNTING,Positive,0.9604
35610B,BLACK CHRISTMAS FLOCK DROPLET ,Neutral,0.8344
21820,GLITTER HEART GARLAND WITH BELLS ,Neutral,0.6838
85164B,BLACK BAROQUE CUCKOO CLOCK,Neutral,0.8302
85168B,BLACK BAROQUE CARRIAGE CLOCK,Neutral,0.8655
85168A,WHITE BAROQUE CARRIAGE CLOCK,Neutral,0.8166
21924,BLUE/CREAM STRIPE FRINGE HAMMOCK,Neutral,0.8293
84795E,RIO PINK STRIPE HAMMOCK,Neutral,0.8235
21937,STRAWBERRY   PICNIC BAG,Neutral,0.7818
22047,EMPIRE GIFT WRAP,Neutral,0.7672
21251,DINOSAUR HEIGHT CHART STICKER SET,Neutral,0.8713
21676,FLOWERS  STICKERS,Neutral,0.6897
85226A,WHITE/BLUE PULL BACK RACING CAR,Neutral,0.8699
78056,CAMOUFLAGE BACKPACK ON WHEELS,Neutral,0.8765
21146,ANTIQUE GLASS RIDGED HANGING BALL,Neutral,0.8214
22084,PAPER CHAIN KIT EMPIRE,Neutral,0.771
85177,BASKET OF FLOWERS SEWING KIT,Negative,0.5473
22097,SWALLOW SQUARE TISSUE BOX,Neutral,0.7878
90125E,AMBER BERTIE GLASS BEAD BAG CHARM,Neutral,0.7618
90129B,TURQUOISE GLASS TASSLE BAG CHARM ,Neutral,0.7697
21552,CERAMIC BIRDHOUSE BLACK ROSE  LARGE,Neutral,0.8208
85136A,YELLOW SHARK HELICOPTER,Neutral,0.8268
84874B,BLUE TRAVEL FIRST AID KIT,Neutral,0.8769
72754D,F FAIRY POTPOURRI CUSHIONS SUMMER,Neutral,0.7367
20818,GOLD TEDDY BEAR,Neutral,0.7311
18007,ESSENTIAL BALM 3.5g TIN IN ENVELOPE,Neutral,0.9036
21725,SWEETIES  STICKERS,Neutral,0.6905
85185C,COW  SOCK PUPPET,Negative,0.8043
21551,CERAMIC BIRDHOUSE BUTTERFLY LARGE,Neutral,0.7875
84497,BUTTONS AND STRIPES NOTEBOOK ,Neutral,0.7981
84625C,BLUE NEW BAROQUE CANDLESTICK CANDLE,Neutral,0.8342
47592A,CAROUSEL DES CHILD'S OVERALL,Neutral,0.6772
47593B,SCOTTIES DESIGN BABY BIB,Neutral,0.7321
21158,MOODY GIRL DOOR HANGER ,Neutral,0.781
47420,ASSORTED COLOUR SUCTION CUP HOOK,Neutral,0.7363
22170,PICTURE FRAME WOOD TRIPLE PORTRAIT,Neutral,0.836
37506,NEW ENGLAND MILK JUG W GIFT BOX,Neutral,0.8826
37508,NEW ENGLAND CERAMIC CAKE SERVER,Neutral,0.8383
22129,PARTY CONES CANDY TREE DECORATION,Neutral,0.865
21632,VINTAGE PINK DECORATIVE PARASOL,Neutral,0.8063
47503G,ASS FLORAL PRINT TAPE MEASURE,Neutral,0.8129
84620,BLUE GINGHAM ROSE CUSHION COVER,Neutral,0.8192
22341,LOVE GARLAND PAINTED ZINC ,Positive,0.6295
22342,HOME GARLAND PAINTED ZINC ,Neutral,0.8078
72818,CHRISTMAS DECOUPAGE CANDLE,Neutral,0.8101
35793,S/3 PUPPIES CHRISTMAS DECORATIONS,Neutral,0.8479
21256,"FRENCH BOTTLE, BRASSERIE DES ARTIST",Neutral,0.8304
72807C,SET/3 VANILLA SCENTED CANDLE IN BOX,Neutral,0.8811
90148,LONG SILVER NECKLACE PASTEL FLOWER,Neutral,0.7991
90139,FLOWER BROOCH 4 ASSORTED COLOURS,Neutral,0.8297
90203,SILVER CHARM NECKLACE 70CM,Neutral,0.8026
90180A,BLACK+WHITE NECKLACE W TASSEL,Neutral,0.8821
90147,CHUNKY SILVER NECKLACE PASTEL FLOWE,Neutral,0.7503
90155,RESIN NECKLACE W PASTEL BEADS,Neutral,0.8052
84688,BEACH HUT DESIGN BLACKBOARD,Neutral,0.877
21390,FILIGRIS HEART WITH BUTTERFLY,Neutral,0.8024
35809B,ENAMEL BLUE RIM TEA CONTAINER,Neutral,0.8424
35810B,ENAMEL BLUE RIM COFFEE CONTAINER,Neutral,0.8368
90214A,"LETTER ""A"" BLING KEY RING",Neutral,0.8139
22061,LARGE CAKE STAND  HANGING STRAWBERY,Neutral,0.8497
21972,SET OF 36 DINOSAUR PAPER DOILIES,Neutral,0.873
21211,SET OF 72 SKULL PAPER  DOILIES,Neutral,0.7921
90002E,FLOWER BURST SILVER RING GREEN,Neutral,0.7553
90002B,FLOWER BURST SILVER RING ROSE,Neutral,0.785
90002D,FLOWER BURST SILVER RING CRYSTAL,Neutral,0.806
90002C,FLOWER BURST SILVER RING MIDN'T BLU,Neutral,0.7616
90175D,TIGRIS EYE CHUNKY CHARM BRACELET,Neutral,0.727
90190A,SILVER/CRYSTAL DROP EARRINGS W LEAF,Neutral,0.8634
90072,RUBY DROP CHANDELIER EARRINGS,Neutral,0.7989
90073,VINTAGE ENAMEL & CRYSTAL EARRINGS,Neutral,0.8334
84535A,ENGLISH ROSE NOTEBOOK A6 SIZE,Neutral,0.8941
47570,ENGLISH ROSE TABLE CLOTH,Neutral,0.859
84247K,"FOLK ART GREETING CARD,pack/12",Neutral,0.8849
21704,BAG 250g SWIRLY MARBLES,Neutral,0.8371
21468,BUTTERFLY CROCHET FOOD COVER,Neutral,0.7459
85185F,LION SOCK PUPPET,Neutral,0.7269
21655,HANGING RIDGE GLASS T-LIGHT HOLDER,Neutral,0.8392
47556,SET/2 SPOTTY + ROSE TEA TOWELS ,Neutral,0.832
22210,WOOD STAMP SET BEST WISHES,Positive,0.5321
84558A,3D DOG PICTURE PLAYING CARDS,Neutral,0.8415
20980,36 PENCILS TUBE POSY,Neutral,0.7605
84818,DANISH ROSE PHOTO FRAME,Neutral,0.6358
21350,GINGHAM HEART WREATH,Neutral,0.6059
21010,ETCHED GLASS BIRD TREE DECORATION,Neutral,0.7191
71038,WHITE HANGING BEADS CANDLE HOLDER,Neutral,0.8704
21291,SMALL SPOTTY CHOCOLATE GIFT BAG ,Neutral,0.7393
21873,IF YOU CAN'T STAND THE HEAT MUG,Negative,0.8995
21872,GLAMOROUS  MUG,Negative,0.7644
21874,GIN AND TONIC MUG,Neutral,0.7657
72598,SET/12 TAPER CANDLES,Neutral,0.8165
21358,TOAST ITS - HAPPY BIRTHDAY,Positive,0.9577
21262,WHITE GOOSE FEATHER CHRISTMAS TREE ,Neutral,0.8093
16202B,PASTEL BLUE PHOTO ALBUM ,Neutral,0.7932
20905,VINTAGE KEEPSAKE BOX BEAUTY GIRL,Positive,0.5213
35965,FOLKART HEART NAPKIN RINGS,Neutral,0.7201
46775B,BERRIES CHUNKY KNITTED THROW ,Neutral,0.7759
47578A,ENGLISH ROSE SMALL SCENTED FLOWER,Neutral,0.8423
85151,WELCOME METAL SIGN,Positive,0.7927
20693,FLORAL DINOSAUR GREEN,Neutral,0.7165
84705D,CHERRY BLOSSOM PHOTO FRAME ,Neutral,0.5327
21665,TRIANGULAR RIDGED GLASS POSY HOLDER,Neutral,0.6766
84247J,PACK/12 RUSSIAN DOLL CARDS,Neutral,0.7741
35241,ENAMEL BLUE RIM BISCUIT BIN,Neutral,0.8091
84971S,SMALL HEART FLOWERS HOOK ,Neutral,0.6004
21494,ROTATING LEAVES T-LIGHT HOLDER,Neutral,0.8435
22265,EASTER DECORATION NATURAL CHICK,Neutral,0.8175
79030G,"TUMBLER, NEW ENGLAND",Neutral,0.8272
79030A,"TUMBLER, ENGLISH ROSE",Neutral,0.8216
21171,BATHROOM METAL SIGN ,Neutral,0.8086
85129C,BEADED CRYSTAL HEART BLUE SMALL,Neutral,0.6725
21384,IVORY HANGING DECORATION  BUTTERFLY,Neutral,0.8495
21388,IVORY HANGING DECORATION  CHICKEN,Neutral,0.8326
21444,BLUE CHALET BIRDFEEDER,Neutral,0.7427
84705A,ENGLISH ROSE PHOTO FRAME ,Neutral,0.58
85163A,WHITE BAROQUE WALL CLOCK ,Neutral,0.8231
85165,CANDY PINK FRENCH BOUDOIR CLOCK,Neutral,0.7951
35004P,SET OF 3 PINK FLYING DUCKS,Neutral,0.8225
85166A,WHITE METAL BAROQUE PHOTO FRAME,Neutral,0.8373
84705F,RED PEONY PHOTO FRAME ,Negative,0.6247
22054,MINI CAKE STAND HANGING HEARTS,Neutral,0.8619
21613,S/12 VANILLA  BOTANICAL T-LIGHTS,Neutral,0.875
84690,S/2 BEACH HUT STOOLS,Neutral,0.8596
21282,NATURAL BARK CANDLE LARGE,Neutral,0.7128
72351A,SET/6 TURQUOISE BUTTERFLY T-LIGHTS,Neutral,0.8906
85114C,RED ENCHANTED FOREST PLACEMAT,Neutral,0.8066
21193,WHITE HONEYCOMB PAPER FAN ,Neutral,0.8088
85080,PADDED RED HEART DECORATION,Neutral,0.7775
35603C,SET/16 WHITE SHINY & MATT BAUBLES,Neutral,0.9194
21824,PAINTED METAL STAR WITH HOLLY BELLS,Neutral,0.853
21823,PAINTED METAL HEART WITH HOLLY BELL,Neutral,0.8146
21803,CHRISTMAS TREE STAR DECORATION,Neutral,0.8316
20793,BLUE TILED TRAY,Neutral,0.7889
85031C,CURIOUS IMAGES SCRAP BOOK SET,Neutral,0.6758
79160,HEART SHAPE WIRELESS DOORBELL,Neutral,0.7124
20620,RED SPOTTY PASSPORT COVER,Neutral,0.7256
84750B,BLACK SMALL GLASS CAKE STAND,Neutral,0.879
84765,SILVER ROCOCO CANDELABRA,Neutral,0.7841
21846,PINK DIAMANTE PEN IN GIFT BOX,Neutral,0.8209
72800A,S/4 BLACK DINNER CANDLE SILVER FLOC,Neutral,0.897
35471A,SET OF 3 BIRD L.BLUE FEATHER,Neutral,0.8496
47563A,RETRO LONGBOARD IRONING BOARD COVER,Neutral,0.8745
20783,HEART EAR MUFF HEADPHONES,Neutral,0.67
21267,VINTAGE PINK TINSEL REEL ,Neutral,0.7846
85031A,ROMANTIC IMAGES SCRAP BOOK SET,Neutral,0.6939
82553,POP'S GREASY SPOON METAL SIGN,Positive,0.5117
21944,KITTENS DESIGN FLANNEL,Neutral,0.7737
37477B,"FLOWER FAIRY MUG+COASTER,LAVENDER",Neutral,0.805
85025C,PINK HEART SHAPE PHOTO FRAME,Negative,0.5117
37464,ROBOT MUG IN DISPLAY BOX,Neutral,0.7841
35911A,MULTICOLOUR RABBIT EGG WARMER,Neutral,0.8085
21348,PINK SPOTS CHOCOLATE NESTING BOXES ,Neutral,0.7241
82011B,BATHROOM SCALES RUBBER DUCKS,Neutral,0.8067
85033G,SET/6 GOLD REINDEER T-LIGHT CANDLES,Neutral,0.873
20618,QUEEN OF THE SKIES PASSPORT COVER ,Neutral,0.815
85185B,PINK HORSE SOCK PUPPET,Neutral,0.7594
35599D,PINK AND WHITE CHRISTMAS TREE 120CM,Neutral,0.7875
21555,CERAMIC STRAWBERRY TRINKET TRAY,Neutral,0.8241
22260,FELT EGG COSY BLUE RABBIT ,Neutral,0.7467
37327,ASSTD MULTICOLOUR CIRCLES MUG,Neutral,0.7845
84875A,PINK SQUARE COMPACT MIRROR,Neutral,0.8169
35821P,"JEWELLED DECORATION,PINK",Neutral,0.8258
18098C,PORCELAIN BUTTERFLY OIL BURNER,Neutral,0.7326
62018,SOMBRERO ,Neutral,0.6786
22220,CAKE STAND LOVEBIRD 2 TIER WHITE,Neutral,0.7877
90129C,GREEN GLASS TASSLE BAG CHARM,Neutral,0.7311
35653,VINTAGE BEAD NOTEBOOK,Neutral,0.7983
20988,TRELLIS FLOWER CHOPSTICKS SET/5,Neutral,0.8882
84572,6 HOOK JEWEL STAND LILAC DRESS,Neutral,0.8554
17084N,FAIRY DREAMS INCENSE ,Neutral,0.7134
21011,GLITTER SNOW PEAR TREE DECORATION,Neutral,0.8502
20950,SET/6  ANGEL T-LIGHTS WHITE/GOLD,Neutral,0.8813
21550,CERAMIC BIRDHOUSE CRESTED TIT LARGE,Neutral,0.8422
47569,ENGLISH ROSE DESIGN SHOPPING BAG,Neutral,0.882
17084G,MOON INCENSE,Neutral,0.6959
10080,GROOVY CACTUS INFLATABLE,Neutral,0.5401
21849,SILVER DIAMANTE PEN IN GIFT BOX,Neutral,0.8244
21851,LILAC DIAMANTE PEN IN GIFT BOX,Neutral,0.8052
20871,OPULENT VELVET SET/3 CANDLES,Neutral,0.8483
21118,SHOPPING BAG DOORSTOP,Neutral,0.812
35751D,PINK CURRENT CANDLE RING,Neutral,0.8678
35968,FOLK ART METAL HEART T-LIGHT HOLDER,Neutral,0.8379
72038P,PRICE'S CANDLE PEACH,Neutral,0.7141
72750A,"F.FAIRY S/3 CANDLE/GLASS,LILY/VALLY",Neutral,0.8421
35015,JACOBS LADDER SMALL,Neutral,0.8221
90014C,SILVER/BLACK ORBIT NECKLACE,Neutral,0.8755
20819,SILVER TEDDY BEAR,Neutral,0.7532
16202E,BLACK PHOTO ALBUM ,Neutral,0.7796
16201B,PASTEL BLUE PHOTO ALBUM,Neutral,0.8265
16201A,PASTEL PINK PHOTO ALBUM,Neutral,0.8433
20696,FLORAL SOFT CAR TOY,Neutral,0.7664
85089,CANDY SPOT BUNNY,Neutral,0.6644
21249,WOOD ANIMALS HEIGHT CHART STICKERS ,Neutral,0.8133
40046A,RED DAISY PAPER LAMPSHADE,Neutral,0.7786
22182,CAKE STAND VICTORIAN FILIGREE SMALL,Neutral,0.8215
16202C,BEIGE PHOTO ALBUM,Neutral,0.8087
85224,ASSORTED COLOUR SILK GLASSES CASE,Neutral,0.741
22078,RIBBON REEL LACE DESIGN ,Neutral,0.7944
85007,SET OF 3 VINTAGE TEA TIME BOXES,Neutral,0.8832
22314,OFFICE MUG WARMER CHOC+BLUE,Neutral,0.8368
22311,OFFICE MUG WARMER BLACK+SILVER ,Neutral,0.8574
21076,SET/20 COLLAGE PAPER NAPKIN ,Neutral,0.8389
22059,CERAMIC STRWBERRY DESIGN MUG,Neutral,0.8319
84569D,PACK 6 HEART/ICE-CREAM PATCHES,Neutral,0.8837
22209,WOOD STAMP SET HAPPY BIRTHDAY,Positive,0.9786
21402,RED  EGG  SPOON,Neutral,0.6935
21403,BLUE EGG  SPOON,Neutral,0.7023
21285,RETRO SPOT CANDLE  MEDIUM,Neutral,0.8481
21134,VICTORIAN METAL POSTCARD CHRISTMAS,Neutral,0.8615
17136A,BLUE STONES ON WIRE FOR CANDLE,Neutral,0.8274
35471D,SET OF 3 BIRD LIGHT PINK FEATHER ,Neutral,0.838
21144,PINK POODLE HANGING DECORATION ,Neutral,0.7963
22177,5 HOOK BLACKBOARD ORGANISER ,Neutral,0.8517
82607A,GLASS BONBON JAR PARFUME AUX FLEURE,Neutral,0.7953
82607E,GLASS BONBON JAR. D'AMANDES,Neutral,0.7797
82607C,GLASS BONBON JAR. SUPERFINES,Neutral,0.6307
72369A,PINK CLEAR GLASS CANDLE PLATE,Neutral,0.8011
72351B,SET/6 PINK  BUTTERFLY T-LIGHTS,Neutral,0.8429
22228,BUNNY WOODEN PAINTED WITH BIRD ,Neutral,0.8208
21438,TUB 24 HANGING EASTER EGGS SPOTTY,Neutral,0.8245
22270,HAPPY EASTER HANGING DECORATION,Positive,0.9555
22284,HEN HOUSE DECORATION,Neutral,0.7527
79000,MOROCCAN TEA GLASS,Neutral,0.7691
85017A,ENVELOPE 50 ROMANTIC IMAGES,Neutral,0.8266
21206,STRAWBERRY HONEYCOMB  GARLAND ,Neutral,0.8002
21203,BUTTERFLIES  HONEYCOMB GARLAND,Neutral,0.7447
21188,3D HEARTS  HONEYCOMB PAPER GARLAND,Neutral,0.861
85179C,PINK BITTY LIGHT CHAIN,Neutral,0.7566
85179A,GREEN BITTY LIGHT CHAIN,Neutral,0.7458
85180B,PINK HEARTS LIGHT CHAIN ,Neutral,0.7649
85180A,RED HEARTS LIGHT CHAIN ,Neutral,0.7627
21123,SET/10 IVORY SPOTTY PARTY CANDLES,Neutral,0.832
85185E,DUCK SOCK PUPPET,Negative,0.7137
85185D,FROG SOCK PUPPET,Neutral,0.5691
22166,"WALL MIRROR , RECT DIAMANTE, PINK/",Neutral,0.8611
21773,DECORATIVE ROSE BATHROOM BOTTLE,Neutral,0.7969
79164,BLACK WINE GLASS,Neutral,0.8312
16169M,WRAP DAISY CARPET ,Neutral,0.78
21629,SQUARE FLOOR CUSHION VINTAGE PINK ,Neutral,0.8354
21769,VINTAGE POST OFFICE CABINET,Neutral,0.8571
22044,CHRISTMAS CARD STACK OF PRESENTS,Neutral,0.8632
85069,CREAM SWEETHEART DOUBLE SHELF,Neutral,0.6528
21666, RIDGED GLASS T-LIGHT HOLDER,Neutral,0.741
21696,SMALL SILVER TRELLIS CANDLEPOT,Neutral,0.8436
21693,SMALL HAMMERED SILVER CANDLEPOT ,Neutral,0.8105
21687,SILVER PLATE CANDLE BOWL LARGE,Neutral,0.7946
21688,SILVER PLATE CANDLE BOWL SMALL,Neutral,0.8442
21651,HANGING GLASS ETCHED TEALIGHT,Neutral,0.8264
84993B,75 BLACK PETIT FOUR CASES,Neutral,0.8558
85040A,S/4 PINK FLOWER CANDLES IN BOWL,Neutral,0.835
90083,CRYSTAL CZECH CROSS PHONE CHARM,Neutral,0.7858
16215,FUNKY GIRLZ MAGNETIC TO DO LIST ,Neutral,0.7491
21380,WOODEN HAPPY BIRTHDAY GARLAND,Positive,0.9761
21185, HOME SWEET HOME  BLACKBOARD,Neutral,0.505
21294,ETCHED GLASS COASTER,Neutral,0.6875
21145,ANTIQUE GLASS PLACE SETTING,Neutral,0.8179
15039,SANDALWOOD FAN,Neutral,0.7997
84627,CANDY STRIPE ROSE C/COVER ,Neutral,0.7827
21648,ASSORTED TUTTI FRUTTI SMALL PURSE,Neutral,0.7833
21276,TWO EMBOSSED HEART MINI DRAWERS,Neutral,0.7111
22310,KNITTED MUG COSY IVORY COLOUR ,Neutral,0.7313
22308,TEA COSY BLUE STRIPE,Neutral,0.7245
21620,S/4 ROSE    BOTANICAL  CANDLE,Neutral,0.8597
21690,SILVER  CANDLEPOT JARDIN ,Neutral,0.7844
84537B,FAIRY CAKES GIFT BAG,Neutral,0.782
22033,BOTANICAL ROSE GREETING CARD,Neutral,0.8432
22032,BOTANICAL LILY GREETING CARD,Neutral,0.854
16161M,WRAP  PINK FLOCK,Neutral,0.8047
21450,DISTRESSED CANDLE STICK WHITE,Neutral,0.4939
84763,ZINC FINISH 15CM PLANTER POTS,Neutral,0.8163
35810A,ENAMEL PINK COFFEE CONTAINER,Neutral,0.8059
35809A,ENAMEL PINK TEA CONTAINER,Neutral,0.844
35811A,ENAMEL PINK SUGAR CONTAINER,Neutral,0.853
21157,RED SPOTTY WASHBAG,Neutral,0.7099
84569C,PACK 4 FLOWER/BUTTERFLY PATCHES,Neutral,0.874
21110,LARGE CAKE TOWEL PINK SPOTS,Neutral,0.8243
21054,NURSE'S BAG SOFT TOY,Neutral,0.5004
21056,DOCTOR'S BAG SOFT TOY,Neutral,0.6244
20702,PINK PADDED MOBILE,Neutral,0.7437
21303,FILIGREE WALL MIRROR  ANTIQUE WHITE,Neutral,0.8539
22133,PINK LOVE HEART SHAPE CUP,Positive,0.836
22132,RED LOVE HEART SHAPE CUP,Positive,0.6618
21914,BLUE HARMONICA IN BOX ,Neutral,0.7815
82605,OLD DOC.RUSSEL METAL SIGN,Neutral,0.8299
85131A,BEADED PEARL HEART WHITE ON STICK,Neutral,0.8515
21657,MILK BOTTLE WITH GLASS STOPPER ,Neutral,0.7436
85078,SCANDINAVIAN 3 HEARTS NAPKIN RING,Neutral,0.8431
84745A,PINK HANGING GINGHAM EASTER HEN,Neutral,0.8355
84745B,BLUE HANGING GINGHAM EASTER HEN,Neutral,0.8748
22292,"SPRING DEC , HANGING CHICK  YELLOW",Neutral,0.7494
22287,"DECORATION , WOBBLY CHICKEN, METAL ",Neutral,0.7815
22286,"DECORATION , WOBBLY RABBIT , METAL ",Neutral,0.8073
20878,SET/9 CHRISTMAS T-LIGHTS SCENTED ,Neutral,0.8912
21284,RETRO SPOT CANDLE  SMALL,Neutral,0.8144
84882,GREEN WIRE STANDING CANDLE HOLDER,Neutral,0.8598
21936,RED/WHITE SPOT PICNIC BAG,Neutral,0.8419
21427,SKULLS STORAGE BOX SMALL,Neutral,0.8393
22332,SKULLS PARTY BAG + STICKER SET,Neutral,0.8716
21626,VINTAGE UNION JACK PENNANT,Neutral,0.8368
22100,SKULLS SQUARE TISSUE BOX,Neutral,0.7379
22053,EMPIRE DESIGN ROSETTE,Neutral,0.7877
79026B,"S/4 ICON COASTER,ELVIS LIVES",Neutral,0.7744
10109,BENDY COLOUR PENCILS,Neutral,0.7289
21910,WAY OUT METAL SIGN ,Neutral,0.7986
37345,ASSTD HEARTS DESIGN MUGS,Neutral,0.76
22204,MILK PAN BLUE RETROSPOT,Neutral,0.7838
82613A,"METAL SIGN,CUPCAKE SINGLE HOOK",Neutral,0.7814
82613B,"METAL SIGN,CUPCAKE SINGLE HOOK",Neutral,0.7814
82613C,"METAL SIGN,CUPCAKE SINGLE HOOK",Neutral,0.7814
84509G,FAIRY CAKE PLACEMATS ,Neutral,0.6732
21564,PINK  HEART SHAPE LOVE BUCKET ,Positive,0.7529
22345,PARTY PIZZA DISH BLUE WHITE SPOT ,Neutral,0.8349
22344,PARTY PIZZA DISH PINK WHITE SPOT ,Neutral,0.8276
22346,PARTY PIZZA DISH GREEN WHITE SPOT ,Neutral,0.8191
84687,BEACH HUT SHELF W 3 DRAWERS,Neutral,0.7511
84902,PINK KNITTED COW STUFFED TOY,Neutral,0.7816
21984,PACK OF 12 PINK PAISLEY TISSUES ,Neutral,0.8428
21153,RED SPOTTY TABLECLOTH ,Neutral,0.7255
21536,DAIRY MAID  SMALL  MILK JUG,Neutral,0.7764
90214C,"LETTER ""C"" BLING KEY RING",Neutral,0.8159
90214D,"LETTER ""D"" BLING KEY RING",Neutral,0.8251
35953,FOLKART STAR CHRISTMAS DECORATIONS,Neutral,0.8748
37422,WHITE WITH BLACK CATS BOWL,Neutral,0.8589
21127,COLOURFUL FISHING GNOME,Neutral,0.6325
21306,SET/4 DAISY MIRROR MAGNETS,Neutral,0.8826
21187,WHITE BELL HONEYCOMB PAPER GARLAND ,Neutral,0.7851
82599,FANNY'S REST STOPMETAL SIGN,Neutral,0.8331
37333,"RETRO ""TEA FOR ONE"" ",Neutral,0.8229
84989B,75 BLACK FAIRY CAKE CASES,Neutral,0.8429
37423,WHITE WITH BLACK CATS PLATE,Neutral,0.8584
72799A,BLACK PILLAR CANDLE SILVER FLOCK,Neutral,0.8561
85173,SET/6 FROG PRINCE T-LIGHT CANDLES,Neutral,0.8763
21644,ASSORTED TUTTI FRUTTI HEART BOX,Neutral,0.7255
21643,ASSORTED TUTTI FRUTTI MIRROR,Neutral,0.7722
35824C,"HANGING FLOWERS+MIRROR,CLEAR",Neutral,0.8305
35817B,"ACRYLIC JEWEL SNOWFLAKE,BLUE",Neutral,0.7804
84875D,BLUE SQUARE COMPACT MIRROR,Neutral,0.8066
46000U,POLYESTER FILLER PAD 30CMx30CM,Neutral,0.8689
15059A,ENGLISH ROSE EDWARDIAN PARASOL,Neutral,0.8787
84255B,ORANGE COCKTAIL GLASS LAMP,Neutral,0.6664
46776F,WOVEN ROSE GARDEN CUSHION COVER ,Neutral,0.8124
15060B,FAIRY CAKE DESIGN UMBRELLA,Neutral,0.804
84912A,PINK ROSE WASHBAG,Neutral,0.8241
84922,PINK BUTTERFLY WASHBAG,Neutral,0.8026
21000,ROSE DU SUD COSMETICS BAG,Neutral,0.8041
90190B,GOLD/AMBER DROP EARRINGS W LEAF,Neutral,0.8592
90178A,AMBER CHUNKY GLASS+BEAD NECKLACE,Neutral,0.7825
90019C,SILVER BLACK ORBIT BRACELET,Neutral,0.8223
90024C,NEW BAROQUE B'FLY NECKLACE GREEN,Neutral,0.8329
90011B,BLACK CRYSTAL DROP EARRINGS,Neutral,0.8745
90012B,BLACK DROP CRYSTAL NECKLACE,Neutral,0.8734
85023B,EAU DE NILE JEWELLED PHOTOFRAME,Neutral,0.81
84937,KASHMIR FOLKART TUMBLERS,Neutral,0.7076
21509,COWBOYS AND INDIANS BIRTHDAY CARD ,Neutral,0.8058
79190D,RETRO PLASTIC DAISY TRAY,Neutral,0.8078
79190A,RETRO PLASTIC 70'S TRAY,Neutral,0.8522
85114B,IVORY ENCHANTED FOREST PLACEMAT,Neutral,0.7998
21116,OWL DOORSTOP,Neutral,0.6836
10134,COLOURING PENCILS BROWN TUBE,Neutral,0.8106
21279,VINTAGE KITCHEN PRINT FRUITS,Neutral,0.7688
21051,RIBBONS PURSE ,Neutral,0.7244
72803B,OCEAN SCENT CANDLE JEWELLED DRAWER,Neutral,0.8323
47592B,SCOTTIES DESIGN CHILD'S OVERALL,Neutral,0.5686
84548,CROCHET BEAR RED/BLUE  KEYRING,Neutral,0.7946
84676,BATH DUCK WATERING CAN,Neutral,0.7059
16015,MEDIUM CHINESE STYLE SCISSOR,Neutral,0.8449
85098B,BLUE FLYING SINGING CANARY,Neutral,0.6768
20764,ABSTRACT CIRCLES SKETCHBOOK ,Neutral,0.8457
84706B,FAIRY CAKES TABLE CLOCK,Neutral,0.782
35004G,SET OF 3 GOLD FLYING DUCKS,Neutral,0.8425
22334,DINOSAUR PARTY BAG + STICKER SET,Neutral,0.8796
37441,ASSORTED WHITE EMBOSSED CHINA MUGS,Negative,0.5028
20893,HANGING BAUBLE T-LIGHT HOLDER SMALL,Neutral,0.835
22074,6 RIBBONS SHIMMERING PINKS ,Neutral,0.8156
20733,GOLD MINI TAPE MEASURE ,Neutral,0.8116
21682,LARGE MEDINA STAMPED METAL BOWL ,Neutral,0.8355
21392,RED SPOTTY PUDDING BOWL,Neutral,0.6599
35958,FOLKART ZINC STAR CHRISTMAS DEC,Neutral,0.8161
84725,FREESTYLE CANVAS ART PICTURE,Neutral,0.8571
84721,MANHATTAN CANVAS ART PICTURE,Neutral,0.8843
21506,"FANCY FONT BIRTHDAY CARD, ",Neutral,0.8242
72045D,ROSES ON BLUE TEACUP CANDLE ,Neutral,0.7657
84247G,"DECOUPAGE,GREETING CARD,",Neutral,0.6354
22057,CERAMIC PLATE STRAWBERRY DESIGN,Neutral,0.8346
84581,DOG TOY WITH PINK CROCHET SKIRT,Neutral,0.7495
79338,DARK PINK FLOCK GLASS CANDLEHOLDER,Neutral,0.8335
21728,METAL MEDINA LANTERN ,Neutral,0.8191
21324,HANGING MEDINA LANTERN SMALL,Neutral,0.8851
21667,GLASS CAKE COVER AND PLATE,Neutral,0.7444
21055,TOOL BOX SOFT TOY ,Neutral,0.5174
21288,STRIPEY CHOCOLATE NESTING BOXES,Neutral,0.7794
22098,BOUDOIR SQUARE TISSUE BOX,Neutral,0.8021
47562,ENGLISH ROSE IRONING BOARD COVER,Neutral,0.8614
85136B,BLUE SHARK HELICOPTER,Neutral,0.8013
22291,"SPRING DEC , HANGING CHICK CREAM",Neutral,0.8089
84906,PINK B'FLY C/COVER W BOBBLES,Neutral,0.7964
21389,IVORY HANGING DECORATION  BIRD,Neutral,0.8157
20738,GREEN MINI TAPE MEASURE ,Neutral,0.807
16014,SMALL CHINESE STYLE SCISSOR,Neutral,0.8363
16016,LARGE CHINESE STYLE SCISSOR,Neutral,0.8536
85079,EMBROIDERED REINDEER DECORATION,Neutral,0.7931
21447,12 IVORY ROSE PEG PLACE SETTINGS,Neutral,0.865
21899,"KEY FOB , GARAGE DESIGN",Neutral,0.762
84761,IVORY HANGING BIRD PLANTER ,Neutral,0.8305
21446,12 RED ROSE PEG PLACE SETTINGS,Neutral,0.875
21422,PORCELAIN ROSE SMALL,Neutral,0.7995
21683,MEDIUM MEDINA STAMPED METAL BOWL ,Neutral,0.8339
21664,RIDGED GLASS STORAGE JAR CREAM LID,Neutral,0.8253
21942,SKULLS DESIGN FLANNEL,Neutral,0.6177
22067,CHOC TRUFFLE GOLD TRINKET POT ,Neutral,0.7517
84595E,LARGE TORTILLA DESIGN RED BOWL,Neutral,0.8456
51012L,"FEATHER DUSTER, LIGHT PINK",Neutral,0.8145
22258,FELT FARM ANIMAL RABBIT,Neutral,0.5735
21542,WOODLAND WATER TRANSFER TATTOOS ,Neutral,0.8456
21224,SET/4 SKULL BADGES,Neutral,0.702
22158,3 HEARTS HANGING DECORATION RUSTIC,Neutral,0.8725
85167A,WHITE GRAND BAROQUE PHOTO FRAME,Neutral,0.8133
20861,GOLD COSMETIC BAG PINK STAR,Neutral,0.8672
21656,RIDGED GLASS POSY VASE ,Neutral,0.7112
84680,CLASSICAL ROSE URN,Neutral,0.8025
21092,SET/6 STRAWBERRY PAPER PLATES,Neutral,0.8958
21381,MINI WOODEN HAPPY BIRTHDAY GARLAND,Positive,0.9774
20855,PINK PATCH PURSE BLUE HEART,Positive,0.5038
20778,GARDEN PATH NOTEBOOK ,Neutral,0.8389
81950B,FLOWER BLUE CLOCK W/SUCKER,Neutral,0.4899
20854,BLUE PATCH PURSE PINK HEART,Neutral,0.687
81950V,FLOWER PURPLE CLOCK W/SUCKER,Neutral,0.5524
90036C,"FLOWER GLASS GARLAND NECKL.36""BLUE",Neutral,0.8354
90184B,AMETHYST CHUNKY BEAD BRACELET W STR,Neutral,0.8191
85036A,GARDENIA 1 WICK MORRIS BOXED CANDLE,Neutral,0.8575
35096B,RED VICTORIAN FABRIC HEART BOX,Neutral,0.7789
84030E,ENGLISH ROSE HOT WATER BOTTLE,Neutral,0.7983
21903,MAN FLU METAL SIGN,Neutral,0.8159
22323,PINK POLKADOT KIDS BAG,Neutral,0.844
45008C,DECORATIVE NET CANOPY CREAM,Neutral,0.8083
84562A,PINK/WHITE RIBBED MELAMINE JUG,Neutral,0.867
84880,WHITE WIRE EGG HOLDER,Neutral,0.7348
84993A,75 GREEN PETIT FOUR CASES,Neutral,0.8125
C2,CARRIAGE,Neutral,0.6918
21723,ALPHABET HEARTS STICKER SHEET,Neutral,0.8342
90089,PINK CRYSTAL SKULL PHONE CHARM,Neutral,0.8613
37482P,CUBIC MUG PINK POLKA DOT,Neutral,0.8508
85179B,WHITE BITTY LIGHT CHAIN ,Neutral,0.7851
35609A,PINK FEATHER CHRISTMAS DECORATION,Neutral,0.8094
21654,RIDGED GLASS FINGER BOWL,Neutral,0.7221
21316,SMALL CHUNKY GLASS ROMAN  BOWL,Neutral,0.8127
22299,PIG KEYRING WITH LIGHT & SOUND ,Neutral,0.811
46776B,WOVEN BERRIES CUSHION COVER ,Neutral,0.816
85217,ASSORTED ICE CREAM FRIDGE MAGNETS,Neutral,0.8116
84625A,PINK NEW BAROQUECANDLESTICK CANDLE,Neutral,0.8191
84625D,WHITE NEWBAROQUE CANDLESTICK CANDLE,Neutral,0.8441
21207,SKULL AND CROSSBONES  GARLAND ,Neutral,0.8135
46126A,ELVIS WALLHANGING / CURTAIN,Neutral,0.8829
90040D,MURANO STYLE GLASS BRACELET PINK,Neutral,0.8529
90120C,GREEN MURANO TWIST BRACELET,Neutral,0.8052
84356,POMPOM CURTAIN,Neutral,0.677
22045,SPACE BOY GIFT WRAP,Neutral,0.7944
22048,BIRTHDAY BANQUET GIFT WRAP,Neutral,0.8874
22050,PINK PAISLEY ROSE GIFT WRAP,Neutral,0.8779
22052,VINTAGE CARAVAN GIFT WRAP,Neutral,0.8433
22099,CARAVAN SQUARE TISSUE BOX,Neutral,0.7946
51014A,"FEATHER PEN,HOT PINK",Neutral,0.7724
51014L,"FEATHER PEN,LIGHT PINK",Neutral,0.7408
85017B,ENVELOPE 50 BLOSSOM IMAGES,Neutral,0.8393
85017C,ENVELOPE 50 CURIOUS IMAGES,Neutral,0.7932
20760,GARDEN PATH POCKET BOOK,Neutral,0.7866
22040,BOTANICAL ROSE GIFT WRAP,Neutral,0.8518
22223,CAKE PLATE LOVEBIRD PINK,Neutral,0.6106
84945,MULTI COLOUR SILVER T-LIGHT HOLDER,Neutral,0.8003
22324,BLUE POLKADOT KIDS BAG,Neutral,0.7953
17109D,FLOWER FAIRY INCENSE BOUQUET,Neutral,0.7718
72755D,FLOWER FAIRY OIL BURNER SET SUMMER,Neutral,0.8511
72819,CUPID DESIGN SCENTED CANDLES,Negative,0.9185
79406,FROSTED WHITE BASE ,Neutral,0.6468
84846A,SCENTED CANDLE IN DIGITALIS TIN,Neutral,0.816
17107D,"FLOWER FAIRY,5 SUMMER B'DRAW LINERS",Neutral,0.8186
16169P,WRAP GREEN RUSSIAN FOLKART ,Neutral,0.7021
84932A,SMALL GREEN PEONY FOLDING STOOL,Neutral,0.8047
84932B,SMALL PINK PEONY FOLDING STOOL,Neutral,0.7968
84932C,SMALL ORIENTAL BLUE FOLDING STOOL,Neutral,0.7851
84932D,SMALL ORIENTAL RED FOLDING STOOL,Neutral,0.7954
84933C,LARGE BLUE ORIENTAL FOLDING STOOL,Neutral,0.8023
16169K,WRAP FOLK ART,Neutral,0.7711
21265,PINK GOOSE FEATHER TREE 60CM,Neutral,0.8317
47599A,PINK PARTY BAGS,Neutral,0.7562
20717,STRAWBERRY SHOPPER BAG,Neutral,0.7994
37408,ASSORTED DESIGN GEISHA GIRL MUGS,Neutral,0.7663
16011, ANIMAL STICKERS,Neutral,0.4913
21215, IVORY PAPER CUP CAKE CASES ,Neutral,0.8068
21250,SET OF SKULL WALL STICKERS,Neutral,0.7318
21974,SET OF 36 PAISLEY FLOWER DOILIES,Neutral,0.8773
84795D,SEASIDE STRIPE HAMMOCK,Neutral,0.8055
84425A,WHITE GLASS TV TRIPLE FRAME,Neutral,0.7418
79191B,RETRO PLASTIC POLKA TRAY,Neutral,0.795
85087,CANDY SPOT CUSHION COVER,Neutral,0.7928
84081,WHITE CERAMIC PARTY SET (5PCS),Neutral,0.9047
21462,"NURSERY A,B,C PAINTED LETTERS",Neutral,0.7878
22058,CERAMIC LOVE HEARTS DESIGN MUG,Positive,0.5348
21399,BLUE  SPOTTY  COFFEE MUG,Neutral,0.6377
79144B,PAINTED LIGHTBULB STAR+ MOON,Neutral,0.8609
37495,FAIRY CAKE BIRTHDAY CANDLE SET,Neutral,0.7181
85184D,S/4 BLUE ROUND DECOUPAGE BOXES,Neutral,0.8293
22312,OFFICE MUG WARMER POLKADOT,Neutral,0.7909
20837,FRENCH FLORAL CUSHION COVER ,Neutral,0.8136
85096,HILDA CANDY SPOT RABBIT,Neutral,0.8119
84625B,BLCK NEW BAROQUE CANDLESTICK CANDLE,Neutral,0.8638
85116,BLACK CANDELABRA T-LIGHT HOLDER,Neutral,0.8665
21717,EASTER TIN BUCKET,Neutral,0.7587
22318,FIVE HEART HANGING DECORATION,Neutral,0.7663
35969,FOLKART CROWN TABLE DECORATIONS,Neutral,0.7009
20688,BEAUTY SPEED EXPRESSO CUPS,Positive,0.5777
84469,ROSE DES PADDED FLOOR CUSHION,Neutral,0.7991
21630,FLOOR CUSHION ELEPHANT CARNIVAL,Neutral,0.7654
21661,VINTAGE GLASS TEA CADDY,Neutral,0.7649
21662,VINTAGE GLASS COFFEE CADDY,Neutral,0.7696
21274,EMBOSSED HEART 3 DRAWER SHELF,Neutral,0.7158
21332,MOROCCAN BEATEN METAL MIRROR,Neutral,0.6876
20766,GARDEN PATH SKETCHBOOK,Neutral,0.797
84924D,LA PALMIERA METAL SIGN CALENDAR,Neutral,0.8411
84924A,WAKE UP COCKEREL CALENDAR SIGN ,Neutral,0.7445
84916,HAND TOWEL PALE BLUE W FLOWERS,Neutral,0.7903
85019C,CURIOUS  IMAGES NOTEBOOK SET,Neutral,0.8461
72801D,S/4 SKY BLUE DINNER CANDLES,Neutral,0.8573
21280,VINTAGE KITCHEN PRINT VEGETABLES,Neutral,0.7871
35597D,PINK/WHITE CHRISTMAS TREE 30CM,Neutral,0.8022
21195,PINK  HONEYCOMB PAPER BALL ,Neutral,0.7917
21194,PINK  HONEYCOMB PAPER FAN,Neutral,0.806
84944,SET OF 6 KASHMIR FOLKART BAUBLES,Neutral,0.8912
21774,DECORATIVE CATS BATHROOM BOTTLE,Neutral,0.8033
21321,GLASS CHALICE BLUE  LARGE ,Neutral,0.7003
21320,GLASS CHALICE GREEN  LARGE ,Neutral,0.7408
84926E,FLOWERS TILE COASTER,Neutral,0.7918
84926D,LA PALMIERA TILE COASTER,Neutral,0.7853
72800D,S/4 BLUE DINNER CANDLE SILVER FLOCK,Neutral,0.87
72800B,S/4 PURPLE DINNER CANDLE BLK FLOCK,Neutral,0.8769
35611B,BLACK ASSORTED DROPLET DECORATION,Neutral,0.8792
35598B,BLACK CHRISTMAS TREE 60CM,Neutral,0.8621
35598D,PINK/WHITE CHRISTMAS TREE 60CM,Neutral,0.8191
35600D,PINK AND WHITE CHRISTMAS TREE 180CM,Neutral,0.7759
82093,HEART SHAPE BUTTON FRAME ,Negative,0.4799
21627,ELEPHANT CARNIVAL POUFFE,Neutral,0.7799
20762,GREEN FERN SKETCHBOOK ,Neutral,0.7348
47598,NEW ENGLAND EGG WARMER,Neutral,0.8076
16046,TEATIME PEN CASE & PENS,Neutral,0.7979
21445,12 PINK ROSE PEG PLACE SETTINGS,Neutral,0.8758
79413,GLASS WINE GLASS DECORATIONS,Neutral,0.8249
21443,OLIVE CHALET BIRDFEEDER,Neutral,0.7061
51020B,STRIPY DESIGN SHOWER CAP,Neutral,0.7961
17001,HEAVENS SCENT FRAGRANCE OILS ASSTD,Neutral,0.8274
21801,CHRISTMAS TREE DECORATION WITH BELL,Neutral,0.847
21147,JINGLE BELLS TREE DECORATION,Neutral,0.8523
85032C,CURIOUS IMAGES GIFT WRAP SET,Neutral,0.8372
20847,ZINC HEART LATTICE CHARGER LARGE,Neutral,0.798
75149N,STRING CRYSTALS NATURAL,Neutral,0.7895
22317,FIVE CATS HANGING DECORATION,Neutral,0.8881
22066,LOVE HEART TRINKET POT,Positive,0.8901
21779,MA CAMPAGNE MINI WOODEN CHEST,Neutral,0.8538
37492B,BLUE YELLOW FLOWER PIGGY BANK,Neutral,0.7976
37492D,PURPLE GREEN FLOWER PIGGY BANK,Neutral,0.7952
84427B,BLACK GLASS TV DOUBLE P/FRAME 15X10,Neutral,0.9074
21032,SPACE CADET WHITE,Neutral,0.7836
21027,NINJA RABBIT PINK,Neutral,0.8662
16216,LETTER SHAPE PENCIL SHARPENER,Neutral,0.7777
84509F,NEW ENGLAND PLACEMATS,Neutral,0.853
84509C,DOTTY PLACEMATS ,Negative,0.6692
47013C,WINE BOTTLE DRESSING DARK BLUE,Neutral,0.8325
21373,MIRRORED WALL ART SNOWFLAKES,Neutral,0.847
85023A,CRYSTAL LARGE JEWELLED PHOTO FRAME,Neutral,0.6309
85024C,PINK SMALL JEWELLED PHOTOFRAME,Neutral,0.7716
85024A,CRYSTAL SMALL JEWELLED PHOTOFRAME,Neutral,0.7532
21915,RED  HARMONICA IN BOX ,Neutral,0.7929
72754A,FLOWER FAIRY POTPOURRI CUSHION LILY,Neutral,0.8091
84705C,PINK FLOCK PHOTO FRAME ,Neutral,0.6781
85166B,BLACK METAL BAROQUE PHOTO FRAME,Neutral,0.8722
16049,TEATIME GEL PENS ASST,Neutral,0.7589
21287,SCENTED VELVET LOUNGE CANDLE ,Neutral,0.7874
21635,MADRAS NOTEBOOK LARGE ,Neutral,0.8187
21636,MADRAS NOTEBOOK MEDIUM,Neutral,0.843
21634,ASSORTED MINI MADRAS NOTEBOOK,Neutral,0.769
72753B,S/3 FLWR FAIRY LAVENDER CANDLES,Neutral,0.8639
84569B,PACK 3 FIRE ENGINE/CAR PATCHES,Neutral,0.841
21189,WHITE HONEYCOMB PAPER GARLAND ,Neutral,0.8092
22230,JIGSAW TREE WITH WATERING CAN,Neutral,0.895
10123C,HEARTS WRAPPING TAPE ,Neutral,0.7901
84608,ORNATE EDWARDIAN CANDLE HOLDER,Neutral,0.8618
84753A,PINK EAU DE COLOGNE BOTTLE,Neutral,0.8272
21719,LOVELY BONBON STICKER SHEET,Positive,0.9652
46776D,WOVEN SUNSET CUSHION COVER ,Neutral,0.8359
72586,"S/6 HALLOWEEN GHOST T LIGHTS, 5CM H",Neutral,0.9036
72122,COFFEE SCENT PILLAR CANDLE,Neutral,0.7372
84978,HANGING HEART JAR T-LIGHT HOLDER,Neutral,0.7437
35633B,BLUE TINSEL GARLAND ,Neutral,0.7413
20652,BLUE SPOTTY LUGGAGE TAG ,Neutral,0.7979
21456,2 PICTURE BOOK EGGS EASTER CHICKS,Neutral,0.8187
21457,2 PICTURE BOOK EGGS EASTER DUCKS,Neutral,0.8036
21458,2 PICTURE BOOK EGGS EASTER BUNNY,Neutral,0.8283
22146,EASTER CRAFT IVY WREATH WITH CHICK,Neutral,0.8522
84452,METAL RABBIT LADDER EASTER ,Neutral,0.819
84456,SET OF 3 RABBIT EGG EASTER,Neutral,0.8452
22229,BUNNY WOODEN PAINTED WITH FLOWER ,Neutral,0.8228
90040C,MURANO STYLE GLASS BRACELET GOLD,Neutral,0.8026
90040A,MURANO STYLE GLASS BRACELET RED,Neutral,0.7889
84247L,FAWN AND MUSHROOM GREETING CARD,Neutral,0.8638
21802,CHRISTMAS TREE HEART DECORATION,Neutral,0.8457
90210C,RED   ACRYLIC FACETED BANGLE,Neutral,0.6987
90210D,PURPLE ACRYLIC FACETED BANGLE,Neutral,0.8137
90210A,GREY ACRYLIC FACETED BANGLE,Neutral,0.733
35932,PINK CHRISTMAS TREE DECORATION,Neutral,0.7753
21830,ASSORTED CREEPY CRAWLIES,Negative,0.8149
84508B,STRIPES DESIGN TEDDY,Neutral,0.8241
84508C,BLUE CIRCLES DESIGN TEDDY,Neutral,0.8447
72751A,"F.FAIRY S/3 SML CANDLE,LILY/VALLEY",Neutral,0.8706
72751B,"F.FAIRY S/3 SML CANDLE, LAVENDER",Neutral,0.8469
72752B,"F.FAIRY,CANDLE IN GLASS,LAVENDER",Neutral,0.7473
72752A,"F.FAIRY,CANDLE IN GLASS,LILY/VALLEY",Neutral,0.7924
21879,HEARTS GIFT TAPE,Neutral,0.8119
79149B,SILICON STAR BULB  BLUE,Neutral,0.7711
21201,TROPICAL  HONEYCOMB PAPER GARLAND ,Neutral,0.812
22060,LARGE CAKE STAND HANGING HEARTS,Neutral,0.8444
84830,LARGE ENGLISH ARBORETUM,Neutral,0.8406
21785,RAIN PONCHO ,Neutral,0.7313
21338,MARAKESH LANTERN SMALL ,Neutral,0.7948
22347,PIZZA DISH SLICE ,Neutral,0.6806
35271S,GOLD PRINT PAPER BAG,Neutral,0.7221
21300,ANTIQUE EDWARDIAN DRESSER,Neutral,0.824
21397,BLUE  SPOTTY EGG CUP ,Neutral,0.7217
17014C,ORIGAMI LAVENDER INCENSE CONES,Neutral,0.7272
37482B,CUBIC MUG BLUE POLKA DOT,Neutral,0.7941
35972,DAISY FOLKART HEART DECORATION,Neutral,0.8136
85117,NIGHTINGALE COATHOOK WHITE,Neutral,0.8486
21028,NINJA RABBIT BLACK,Neutral,0.8381
21331,MOROCCAN BEATEN METAL DISH LARGE,Neutral,0.7933
85129D,BEADED CRYSTAL HEART PINK SMALL,Neutral,0.7867
84279P, CHERRY BLOSSOM  DECORATIVE FLASK,Neutral,0.7501
90184A,AMBER CHUNKY BEAD BRACELET W STRAP,Neutral,0.7869
90184C,BLACK CHUNKY BEAD BRACELET W STRAP,Neutral,0.8485
90010A,MIDNIGHT BLUE GLASS/SILVER BRACELET,Neutral,0.8205
21418,STARFISH SOAP DISH,Neutral,0.7716
85142,JARDIN ETCHED GLASS GINGER JAR,Neutral,0.7611
85159A,"BLACK TEA,COFFEE,SUGAR JARS",Neutral,0.7684
84584,PINK GINGHAM CAT WITH SCARF,Neutral,0.8443
20699,MOUSEY LONG LEGS SOFT TOY,Positive,0.5038
84586L,"PINK ROSES/GINGHAM PATCH RABBIT 8""",Neutral,0.874
16219,HOUSE SHAPE PENCIL SHARPENER,Neutral,0.7576
85214,TUB 24 PINK FLOWER PEGS,Neutral,0.7978
22263,FELT EGG COSY LADYBIRD ,Neutral,0.7451
20868,SILVER FABRIC MIRROR,Neutral,0.8094
84593,CROCHET ROSE DES CLOTHES HANGER,Neutral,0.7612
84569A,PACK 3 IRON ON DOG PATCHES,Neutral,0.8598
84592,CROCHET ROSE PURSE WITH SUEDE BACK,Neutral,0.8077
85197,SET OF 12 MINI BUNNIES IN A BUCKET,Neutral,0.8313
90196B,BLACK GEMSTONE NECKLACE 45CM,Neutral,0.896
90195A,PURPLE GEMSTONE BRACELET,Neutral,0.774
90196A,PURPLE GEMSTONE NECKLACE 45CM,Neutral,0.8252
90029,NEW BAROQUE SMALL NECKLACE BLACK,Neutral,0.8673
90141E,ORANGE PENDANT TRIPLE SHELL NECKLAC,Neutral,0.7792
90141A,GREEN PENDANT TRIPLE SHELL NECKLACE,Neutral,0.7962
90141C,TURQ PENDANT TRIPLE SHELL NECKLACE,Neutral,0.7837
20704,MR ROBOT SOFT TOY,Neutral,0.7009
90126A,PINK BERTIE MOBILE PHONE CHARM,Neutral,0.7742
90001D,ANTIQUE OLIVE GREEN FLOWER EARRINGS,Neutral,0.7821
90000D,COPPER/OLIVE GREEN FLOWER NECKLACE,Neutral,0.8407
90161D,ANT COPPER PINK BOUDICCA BRACELET,Neutral,0.8532
90161A,ANT COPPER RED BOUDICCA BRACELET,Neutral,0.8159
90161C,ANT COPPER LIME BOUDICCA BRACELET,Neutral,0.8149
90160D,PINK BOUDICCA LARGE BRACELET,Neutral,0.7564
40046C,PINK BUTTERFLY PAPER LAMPSHADE,Neutral,0.7781
47351B,BLUE  VOILE LAMPSHADE,Neutral,0.8012
21376,LARGE  TALL CAMPHOR WOOD TOADSTOOL ,Neutral,0.8353
84212,"ASSORTED FLOWER COLOUR ""LEIS""",Neutral,0.7617
84918,CREAM C/COVER W YELLOW/GREEN FLOWER,Neutral,0.826
21421,PORCELAIN ROSE LARGE ,Neutral,0.729
90214M,"LETTER ""M"" BLING KEY RING",Neutral,0.828
44242B,PINK FEATHERS CURTAIN,Neutral,0.8372
85132B,CHARLIE AND LOLA TABLE TINS,Neutral,0.8033
71406C,BLACK ORANGE SQUEEZER,Neutral,0.7875
21905,MORE BUTTER METAL SIGN ,Neutral,0.7377
84467,ENGLISH ROSE DESIGN QUILTED THROW,Neutral,0.8745
85034B,3 WHITE CHOC MORRIS BOXED CANDLES,Neutral,0.8358
85035B,CHOCOLATE 3 WICK MORRIS BOX CANDLE,Neutral,0.8394
85036B,CHOCOLATE 1 WICK MORRIS BOX CANDLE,Neutral,0.8307
82587,TEXRIO TOMATOES CANDLE+CUP,Neutral,0.847
21720,CAKE SHOP  STICKER SHEET,Neutral,0.7664
37489C,GREEN/BLUE FLOWER DESIGN BIG MUG,Neutral,0.7329
21109,"LARGE CAKE TOWEL, CHOCOLATE SPOTS",Neutral,0.7704
90161B,ANT COPPER TURQ BOUDICCA BRACELET,Neutral,0.7715
90122B,JADE CRYSTAL+GLASS BRACELET,Neutral,0.8273
72805,VANILLA CANDLE IN EMBOSSED ZINC POT,Neutral,0.8412
84893,ANT WHITE IRON BASKET,Neutral,0.7823
21991,BOHEMIAN COLLAGE STATIONERY SET,Neutral,0.8756
21059,PARTY INVITES DINOSAURS,Neutral,0.8206
21064,BOOM BOX SPEAKER BOYS,Neutral,0.7067
20996,JAZZ HEARTS ADDRESS BOOK,Neutral,0.8506
20862,PINK PATCH PENCIL CASE BLUE HEART,Neutral,0.6393
20864,DENIM PATCH PENCIL CASE BUTTERFLY,Neutral,0.7451
20857,BLUE ROSE PATCH PURSE PINK BUTTERFL,Neutral,0.7611
20856,DENIM PATCH PURSE PINK BUTTERFLY,Neutral,0.7989
77101A,UNION FLAG WINDSOCK,Neutral,0.8113
90115,SUMMER BUTTERFLIES BAG CHARM,Neutral,0.8006
72232,FENG SHUI PILLAR CANDLE,Neutral,0.7666
21191,LARGE WHITE HONEYCOMB PAPER BELL  ,Neutral,0.8294
72780,BLACK SILOUETTE CANDLE PLATE,Neutral,0.883
35443,RASTA IN BATH W SPLIFF ASHTRAY,Neutral,0.8588
16244B,MAXWELL 2 TONE BLUE 60 PAGE PHOTO A,Neutral,0.8661
16244A,MAXWELL 2 TONE PINK 60 PAGE PHOTO A,Neutral,0.8859
84429A,MEDIUM PINK BUDDHA HEAD ,Neutral,0.847
85144,JARDIN ETCHED GLASS BUTTER DISH,Neutral,0.797
21765,HANGING METAL BIRD BATH,Neutral,0.831
84576,BLUE CAT BISCUIT BARREL PINK HEART,Neutral,0.7286
84826,ASSTD DESIGN 3D PAPER STICKERS,Neutral,0.8481
22043,CHRISTMAS CARD SCREEN PRINT ,Neutral,0.8209
21268,VINTAGE BLUE TINSEL REEL,Neutral,0.7472
21988,PACK OF 6 SKULL PAPER PLATES,Neutral,0.8674
84482,BUTTONS DESIGN JEWELLERY BOX,Neutral,0.8673
22285,"DECORATION HEN ON NEST, HANGING",Neutral,0.8479
84845C,CARNATION SQUARE HANDY TIN,Neutral,0.8119
84845D,GERANIUM SQUARE HANDY TIN,Neutral,0.7959
84845A,HOLLYHOCK SQUARE HANDY TIN,Neutral,0.8381
84030C,KNITTED RAINBOW HOT WATER BOTTLE,Neutral,0.7971
22136,LOVE HEART SOCK HANGER,Positive,0.8672
21160,KEEP OUT GIRLS DOOR HANGER ,Neutral,0.6842
20833,SHAKER THROW  QUILTED,Neutral,0.7225
20775,DAISY NOTEBOOK ,Neutral,0.791
84206A,3 BLACK CATS W HEARTS BLANK CARD,Neutral,0.8957
84206C,CHAMPAGNE TRAY BLANK CARD,Neutral,0.8536
84201B,HAPPY BIRTHDAY CARD STRIPEY TEDDY,Positive,0.9823
90152B,BLUE/GREEN SHELL NECKLACE W PENDANT,Neutral,0.8789
90150,BLUE SHELL+SILVER NECKLACE,Neutral,0.839
90010B,BLACK/WHITE GLASS/SILVER BRACELET,Neutral,0.8645
90010E,AMBER GLASS/SILVER BRACELET,Neutral,0.7694
90159,COTE D'AZURE NECKLACE,Neutral,0.7653
90179B,PURPLE FINE BEAD NECKLACE W TASSEL,Neutral,0.809
20654,FIRST CLASS LUGGAGE TAG ,Neutral,0.8279
20617,FIRST CLASS PASSPORT COVER ,Neutral,0.8269
20662,FIRST CLASS HOLIDAY PURSE ,Neutral,0.8255
40001, WHITE BAMBOO RIBS LAMPSHADE,Neutral,0.7552
90060F,FIRE POLISHED GLASS NECKL GREEN,Neutral,0.7318
90060C,FIRE POLISHED GLASS NECKL SILVER,Neutral,0.7066
90060D,FIRE POLISHED GLASS NECKL BRONZE,Neutral,0.7676
84819,DANISH ROSE ROUND SEWING BOX,Neutral,0.8621
37483,ENGLISH ROSE MUG IN GIFT BOX,Neutral,0.8813
21084,SET/6 COLLAGE PAPER CUPS,Neutral,0.8446
20735,BLACK MINI TAPE MEASURE ,Neutral,0.8546
84795A,PASTEL STRIPE HAMMOCK ,Neutral,0.7488
18094C,WHITE/BLUE RECT CERAMIC OIL BURNER,Neutral,0.848
35909B,PINK FLOWERS RABBIT EASTER,Neutral,0.7281
20936,FORKED CACTUS CANDLE,Neutral,0.6963
35833P,4 PINK FLOCK CHRISTMAS BALLS,Neutral,0.8271
35833G,4 GOLD FLOCK CHRISTMAS BALLS,Neutral,0.798
84795B,SUNSET CHECK HAMMOCK,Neutral,0.8645
85039A,SET/4 RED MINI ROSE CANDLE IN BOWL,Neutral,0.8752
84952A,CLEAR LOVE BIRD T-LIGHT HOLDER,Positive,0.5703
17091F,SANDALWOOD INCENSE IN TIN,Neutral,0.8031
17091B,JASMINE TEA INCENSE IN TIN,Neutral,0.844
17091A,LAVENDER INCENSE IN TIN,Neutral,0.763
21950,SET OF 6 DOTS CHOPSTICKS,Neutral,0.8555
47589,CONGRATULATIONS BUNTING,Positive,0.9687
20973,12 PENCIL SMALL TUBE WOODLAND,Neutral,0.838
90214T,"LETTER ""T"" BLING KEY RING",Neutral,0.819
90214R,"LETTER ""R"" BLING KEY RING",Neutral,0.822
90214L,"LETTER ""L"" BLING KEY RING",Neutral,0.8133
90214N,"LETTER ""N"" BLING KEY RING",Neutral,0.8165
35976B,WHITE SCANDINAVIAN HEART CHRISTMAS,Neutral,0.7376
85043,RED HEART CANDY POP LIGHTS,Positive,0.5731
79340W,WHITE ORCHID FLOWER LIGHTS,Neutral,0.7994
84789,ENCHANTED BIRD PLANT CAGE,Neutral,0.7659
35537,CANDLE RING W/CLEAR BEADS,Neutral,0.8352
21293,MIRRORED DOVE WALL DECORATION,Neutral,0.8066
21370,MIRRORED WALL ART FOXY,Neutral,0.8622
21652,GLASS ETCHED T-LIGHT HOLDER MEDIUM,Neutral,0.8397
21204,DAISIES  HONEYCOMB GARLAND ,Neutral,0.7895
72753C,S/3 FLWR FAIRY ROSE CANDLES,Neutral,0.8302
72753D,S/3 FLWR FAIRY SUMMER CANDLES,Neutral,0.8426
21308,LOUVRE VANITY MIRROR,Neutral,0.8068
47554,S/3 COLOURS FLOCK TEA TOWELS,Neutral,0.8559
21906,PHARMACIE FIRST AID TIN,Neutral,0.8459
21563,RED HEART SHAPE LOVE BUCKET ,Positive,0.8475
85071C,"CHARLIE+LOLA""EXTREMELY BUSY"" SIGN",Neutral,0.6662
20653,CHERRY BLOSSOM LUGGAGE TAG,Neutral,0.8189
84741C,CITRUS GARLAND FELT FLOWERS ,Neutral,0.729
85135C,RED DRAGONFLY HELICOPTER,Neutral,0.7724
21219,SET/4 BADGES BALLOON GIRL,Neutral,0.8554
21697,SET 5 MINI DOUGHNUT FRIDGE MAGNET ,Neutral,0.8466
90111,BLUE HIBISCUS  HAIR CLIP,Neutral,0.8132
90112,PINK DOLLY HAIR CLIPS,Neutral,0.7974
21689,SILVER VANILLA  FLOWER CANDLE POT,Neutral,0.7813
20757,RED DAISY POCKET BOOK ,Neutral,0.729
20763,DAISY SKETCHBOOK ,Neutral,0.7595
20769,DAISY JOURNAL ,Neutral,0.7689
72739C,DARK CHOCOLATE SCENTCANDLE,Neutral,0.7707
72740A,LARGE STRAWBERRY CHOCOLATE CANDLE,Neutral,0.764
84870B,BLUE GEISHA GIRL ,Neutral,0.7633
20731,POSY CANDY BAG,Neutral,0.5866
47590B,PINK HAPPY BIRTHDAY BUNTING,Positive,0.9722
85025B,EAU DE NILE HEART SHAPE PHOTO FRAME,Neutral,0.7385
15044A,PINK PAPER PARASOL ,Neutral,0.7364
85200,BUNNY EGG BOX,Neutral,0.6708
85194L,HANGING SPRING FLOWER EGG LARGE,Neutral,0.8331
84454,WOBBLING METAL CHICKEN EASTER,Neutral,0.8139
85196,EASTER BUNNIES ON A STICK,Neutral,0.7703
85198,ASSORTED FARMYARD ANIMALS IN BUCKET,Neutral,0.6783
85186C,BUNNY EGG GARLAND,Neutral,0.6995
85186A,EASTER BUNNY GARLAND OF FLOWERS,Neutral,0.7828
22256,FELT FARM ANIMAL CHICKEN,Neutral,0.6352
22267,EASTER DECORATION EGG BUNNY ,Neutral,0.752
84459B,YELLOW METAL CHICKEN HEART ,Neutral,0.6456
22105,MIRROR MOSAIC GOBLET CANDLE HOLDER,Neutral,0.8456
21714,CITRONELLA CANDLE GARDEN POT,Neutral,0.771
82585,SWEET VALENCIA CANDLE+CUP,Neutral,0.6902
35598A,DUSTY PINK CHRISTMAS TREE 60CM,Neutral,0.7838
20755,BLUE PAISLEY POCKET BOOK,Neutral,0.7857
90002A,FLOWER BURST SILVER RING OPAL,Neutral,0.7936
90214K,"LETTER ""K"" BLING KEY RING",Neutral,0.8344
21361,LOVE LARGE WOOD LETTERS ,Positive,0.9202
85015,SET OF 12  VINTAGE POSTCARD SET,Neutral,0.91
84661A,WHITE SQUARE TABLE CLOCK,Neutral,0.802
84925D,LA PALMIERA WALL THERMOMETER,Neutral,0.8136
47016,LIGHT DECORATION BATTERY OPERATED,Neutral,0.7704
72128,COLUMBIAN CANDLE ROUND,Neutral,0.7972
22141,CHRISTMAS CRAFT TREE TOP ANGEL,Neutral,0.5746
21736,GOLD SCROLL GLASS T-LIGHT HOLDER,Neutral,0.7534
35967,FOLK ART METAL STAR T-LIGHT HOLDER,Neutral,0.8737
20781,GOLD EAR MUFF HEADPHONES,Neutral,0.7992
16256B,FLOWER PENCIL/RUBBER+5 MINI PENCILS,Neutral,0.8611
71143,SILVER BOOK MARK WITH BEADS,Neutral,0.8301
16259,PIECE OF CAMO STATIONERY SET,Neutral,0.8877
16020C,CLEAR STATIONERY BOX SET ,Neutral,0.8408
90035A,"PEARL & SHELL 42""NECKL. GREEN",Neutral,0.8225
21722,SWEET PUDDING STICKER SHEET,Neutral,0.5015
47347B,BLUE FLOWER T-LIGHT HOLDER,Neutral,0.7524
84522,PINK PARTY SUNGLASSES,Neutral,0.6679
84746,PINK EASTER HENS+FLOWER,Neutral,0.7685
20705,MRS ROBOT SOFT TOY,Neutral,0.7322
90100,NECKLACE+BRACELET SET PINK DAISY,Neutral,0.8404
90099,NECKLACE+BRACELET SET BLUE HIBISCUS,Neutral,0.8563
20700,GREEN CAT FLORAL CUSHION COVER ,Neutral,0.8031
20701,PINK CAT FLORAL CUSHION COVER ,Neutral,0.772
21365,MIRRORED WALL ART STARS,Neutral,0.7773
21395,BLUE SPOTTY BEAKER ,Neutral,0.7075
21319,GLASS CHALICE GREEN  SMALL ,Neutral,0.771
72750D,F.FAIRY S/3 CANDLE/GLASS,Neutral,0.8077
35838A,S/6 MULTICOLOUR ORNAMENETAL CANDLE,Neutral,0.8672
16161E,WRAP BOUDOIR ,Neutral,0.7319
17039,INLAID WOOD INCENSE HOLDER,Neutral,0.7907
21130,COLOURFUL STANDING GNOME,Neutral,0.6955
17061,ASSORTED SHAPED STENCIL FOR HENNA,Neutral,0.8166
17084P,DRAGONS BLOOD INCENSE,Neutral,0.7793
21674,RIDGED GLASS PENDANT LAMPSHADE,Neutral,0.7799
16236,KITTY PENCIL ERASERS,Neutral,0.7074
22124,SET OF 2 TEA TOWELS PING MICROWAVE,Neutral,0.8871
47593A,CAROUSEL DESIGN BABY BIB,Neutral,0.7297
81985A,"ICON ALARM CLOCK,FUSCHIA  PIN UP",Neutral,0.8336
21065,BOOM BOX SPEAKER GIRLS,Neutral,0.7308
21400,RED PUDDING SPOON,Neutral,0.6843
21401,BLUE PUDDING SPOON,Neutral,0.7042
21222,SET/4 BADGES BEETLES,Neutral,0.7602
90214G,"LETTER ""G"" BLING KEY RING",Neutral,0.8352
90214P,"LETTER ""P"" BLING KEY RING",Neutral,0.8221
90214E,"LETTER ""E"" BLING KEY RING",Neutral,0.8222
90214I,"LETTER ""I"" BLING KEY RING",Neutral,0.8092
20615,BLUE SPOTTY PASSPORT COVER,Neutral,0.7527
84663A,GRASS HOPPER WOODEN WALL CLOCK ,Neutral,0.8091
20672,PINK TEATIME PRINT BOWL,Neutral,0.7829
20671,BLUE TEATIME PRINT BOWL ,Neutral,0.7468
21199,PINK  HEART CONFETTI IN TUBE,Neutral,0.6065
84744,S/6 SEW ON CROCHET FLOWERS,Neutral,0.8837
79191D,RETRO PLASTIC DAISY TRAY,Neutral,0.8078
84029D,LEOPARD PRINT HOT WATER BOTTLE,Neutral,0.7943
72800C,S/4 PINK DINNER CANDLE SILVER FLOCK,Neutral,0.8892
22108,PING! MICROWAVE PLATE,Neutral,0.778
20721,OWLS CHARLOTTE BAG,Neutral,0.7703
85171,S/2 HYACINTH BULB CANDLES,Neutral,0.862
47503J,SET/3 FLORAL GARDEN TOOLS IN BAG,Neutral,0.8736
20910,VINTAGE PHOTO ALBUM PARIS DAYS,Neutral,0.8749
84539,KNITTED RABBIT DOLL ,Neutral,0.6718
20863,BLUE PATCH PENCIL CASE PINK HEART,Neutral,0.7227
21220,SET/4 BADGES DOGS,Neutral,0.735
21408,SPOTTY PINK DUCK DOORSTOP,Neutral,0.7739
21043,APRON MODERN VINTAGE COTTON,Neutral,0.8005
84617, NEW BAROQUE BLACK BOXES,Neutral,0.8178
84707A,SILVER JEWELLED MIRROR TRINKET TRAY,Neutral,0.844
20689,RETRO SISTERS EXPRESSO CUPS,Neutral,0.8491
47480,HANGING PHOTO CLIP ROPE LADDER,Neutral,0.8878
85162B,BLACK RETRODISC LAMPSHADE,Neutral,0.8764
21261,GREEN GOOSE FEATHER CHRISTMAS TREE ,Neutral,0.7352
90081A,LILY BROOCH AMETHYST COLOUR,Neutral,0.8359
90192,JADE DROP EARRINGS W FILIGREE,Neutral,0.8484
20931,BLUE POT PLANT CANDLE ,Neutral,0.7337
20661,BLUE SPOTTY PURSE ,Neutral,0.6928
37467,PIG MUG IN TWO COLOUR DESIGNS,Neutral,0.7422
20803,SMALL PINK GLASS SUNDAE DISH,Neutral,0.8205
20799,PINK MILKSHAKE GLASS,Neutral,0.8092
22003,VINTAGE BLUE VACUUM FLASK 0.5L ,Neutral,0.8398
21520,BOOZE & WOMEN GREETING CARD ,Neutral,0.8309
22094,RED POLKA DOT TISSUE BOX,Neutral,0.7464
82076,BEECH WOOD PHOTO FRAME ,Negative,0.4806
20832,RED FLOCK LOVE HEART PHOTO FRAME,Positive,0.8255
85124B,BLUE JUICY FRUIT PHOTO FRAME,Neutral,0.8175
85124C,GREEN JUICY FRUIT PHOTO FRAME,Neutral,0.7787
21339,MARAKESH LANTERN LARGE,Neutral,0.7686
82484,WOOD BLACK BOARD ANT WHITE FINISH,Neutral,0.8947
47559B,TEA TIME OVEN GLOVE,Neutral,0.7269
22343,PARTY PIZZA DISH RED+WHITE SPOT ,Neutral,0.8223
72756, FAIRY CAKE CANDLES,Neutral,0.5382
85016,SET OF 6 VINTAGE NOTELETS KIT,Neutral,0.8758
22168,"ORGANISER WOOD, ANTIQUE WHITE ",Neutral,0.8539
35840,FLAT GLASS  BAUBLE WHITE FLOCK ,Neutral,0.7649
79030D,"TUMBLER, BAROQUE",Neutral,0.6966
21289,LARGE STRIPES CHOCOLATE GIFT BAG,Neutral,0.8358
21292,SMALL STRIPES CHOCOLATE GIFT BAG ,Neutral,0.8013
22104,MIRROR MOSAIC CANDLE PLATE,Neutral,0.8406
85118,HEART T-LIGHT HOLDER,Neutral,0.6022
20670,VIP HOLIDAY PURSE,Neutral,0.7839
16033,MINI HIGHLIGHTER PENS,Neutral,0.8461
16048,TEATIME ROUND PENCIL SHARPENER ,Neutral,0.8287
84705B,FAIRY CAKES PHOTO FRAME,Neutral,0.5414
35923,CANDY HEART HANGING DECORATION,Neutral,0.7448
46118,FUNKY MONKEY CUSHION COVER,Neutral,0.7384
20895,VINTAGE NOTEBOOK FRENCH LETTER ,Neutral,0.8466
21336,GOLD WASHBAG,Neutral,0.7127
20898,VINTAGE NOTEBOOK TRAVELOGUE,Neutral,0.8663
20903,VINTAGE KEEPSAKE BOX TRAVELOGUE,Neutral,0.8812
21780,MA CAMPAGNE 4 DRAWER WALL SHELF,Neutral,0.8416
21847,GREEN  DIAMANTE PEN IN GIFT BOX,Neutral,0.8346
84615,PINK ROUND BUTTERFLY MIRROR ,Neutral,0.7712
84682,CLASSICAL ROSE DISH,Neutral,0.689
22056,CERAMIC PLATE LOVE HEART DESIGN,Positive,0.6994
17178,FLAT PALM T-LIGHT HOLDER,Neutral,0.7931
21904,HOUSE WRECKING METAL SIGN ,Neutral,0.6348
22139,11 PC CERAMIC TEA SET POLKADOT,Neutral,0.8668
21775,DECORATIVE FLORE BATHROOM BOTTLE,Neutral,0.7751
21200,MULTICOLOUR HONEYCOMB PAPER GARLAND,Neutral,0.8465
85230B,CINNAMON SCENTED VOTIVE CANDLE,Neutral,0.8297
85230E,STRAWBRY SCENTED VOTIVE CANDLE,Neutral,0.8526
21378,SMALL TALL CAMPHOR WOOD TOADSTOOL,Neutral,0.8402
90125B,AQUA BERTIE GLASS BEAD BAG CHARM,Neutral,0.8013
84564,6 SEGMENT COLOURED SNACK BOWL ,Neutral,0.819
85084,HOLLY TOP CHRISTMAS STOCKING,Neutral,0.7565
85034C,3 ROSE MORRIS BOXED CANDLES,Neutral,0.796
84968D,S/16 VINTAGE RED CUTLERY,Neutral,0.8644
84827,ASS DES PHONE SPONGE CRAFT STICKER,Neutral,0.7483
21721,CANDY SHOP  STICKER SHEET,Neutral,0.7527
21060,PARTY INVITES BALLOON GIRL,Neutral,0.8511
21675,BUTTERFLIES STICKERS,Neutral,0.7001
37340,MULTICOLOUR SPRING FLOWER MUG,Neutral,0.8582
37432,MUG PINK AND PURPLE ARABIC DESIGN,Neutral,0.8261
47503E,ASS FLORAL PRINT SCISSORS,Neutral,0.7842
47503H,ASS FLORAL PRINT SPIRIT LEVEL ,Neutral,0.7739
44265,M/COLOUR POM-POM CURTAIN,Neutral,0.8031
84678,CLASSICAL ROSE SMALL VASE,Neutral,0.7704
37484,ENGLISH ROSE TEA FOR ONE GIFT BOX,Neutral,0.8323
21757,LIGHTHOUSE PRINTED METAL SIGN,Neutral,0.8561
21659,GLASS CAKE STAND,Neutral,0.7002
20694,FLORAL PINK MONSTER,Neutral,0.7125
21701,SET 6 MINI SUSHI SET FRIDGE MAGNETS,Neutral,0.9175
20935,ROUND CACTUS CANDLE,Neutral,0.7201
BANK CHARGES, Bank Charges,Neutral,0.6599
21269,ANTIQUE CREAM CUTLERY SHELF ,Neutral,0.7774
21270,ANTIQUE CREAM CUTLERY CUPBOARD,Neutral,0.7414
21277,FRENCH STYLE EMBOSSED HEART CABINET,Neutral,0.7975
84849A,HELLO SAILOR BLUE SOAP HOLDER,Neutral,0.7848
20851,ZINC HEART LATTICE TRAY OVAL ,Neutral,0.789
84707B,PINK JEWELLED MIRROR TRINKET TRAY,Neutral,0.8466
35233,PASTA ENAMEL/BRASS CONTAINER,Neutral,0.8251
20666,ECONOMY HOLIDAY PURSE,Neutral,0.8179
85060,WOOD FAN WITH FLOWER DESIGN,Neutral,0.8794
85106,CUT GLASS HEXAGON T-LIGHT HOLDER,Neutral,0.8008
85169C,EAU DE NIL LOVE BIRD CANDLE,Positive,0.6303
85169A,IVORY LOVE BIRD CANDLE,Positive,0.887
21764,VINTAGE WOODEN PLATE RACK,Neutral,0.837
21309,LOUVRE CHALKBOARD,Neutral,0.7462
21836,GINGHAM OVEN GLOVE RED HEART ,Neutral,0.5399
21040,MODERN VINTAGE COTTON SHOPPING BAG,Neutral,0.8691
20997,ROSE DU SUD CUSHION COVER ,Neutral,0.8233
21616,4 PEAR BOTANICAL DINNER CANDLES,Neutral,0.8155
21275,ZINC TOP  2 DOOR WOODEN SHELF ,Neutral,0.8329
20888,SET 3 JARDIN DE FEMME SCENT CANDLES,Neutral,0.8255
21062,PARTY INVITES SPACEMAN,Neutral,0.8254
21061,PARTY INVITES FOOTBALL,Neutral,0.8641
47502,POLKADOT CUTLERY 24 PCS IN TRAY,Neutral,0.8474
21053,ZINC HEART HANGER WITH HOOKS,Neutral,0.8109
21698,MOCK LOBSTER FRIDGE MAGNET,Neutral,0.7594
85130D,BEADED CRYSTAL HEART PINK LARGE,Neutral,0.7654
84549,CROCHET WHITE RABBIT KEYRING ,Neutral,0.7642
84551,CROCHET DOG KEYRING,Neutral,0.6885
21264,WHITE GOOSE FEATHER TREE 60CM ,Neutral,0.8611
21437,24 HANGING EASTER EGGS FLORAL TUB,Neutral,0.8649
46775A,BUBBLE GUM CHUNKY KNITTED THROW ,Negative,0.5923
84665,SQUARE CHERRY BLOSSOM CABINET,Neutral,0.8469
84666,SQUARE CHERRY BLOSSOM CABINET,Neutral,0.8469
84664,CHERRY BLOSSOM BATHROOM CABINET,Neutral,0.8095
79066K,RETRO MOD TRAY,Neutral,0.7648
84597B,RETRO BROWN BALL ASHTRAY ,Neutral,0.8578
84367,LA STREGA CANVAS PICTURE ,Neutral,0.8253
71215,METAL BASE FOR CANDLES,Neutral,0.81
17129F,DEEP BLUE GLASS GEMS IN BAG,Neutral,0.7908
79303D,LILAC FLOWER BLOCK TABLE LAMP,Neutral,0.8393
22244,"HOOK, 3 HANGER ,MAGIC GARDEN",Neutral,0.7578
22245,"HOOK, 1 HANGER ,MAGIC GARDEN",Neutral,0.734
84869,CANDY BUTTON PHOTO ALBUM,Neutral,0.8681
20896,VINTAGE NOTEBOOK PINK FLOWER,Neutral,0.8333
20899,VINTAGE NOTEBOOK RED ROSE,Neutral,0.8505
84626,CANDY STRIPE ROSE QUILT,Neutral,0.7501
16162L,THE KING GIFT BAG,Neutral,0.7561
21228,"POCKET MIRROR ""GLAMOROUS""",Negative,0.5198
90120D,WHITE MURANO TWIST BRACELET,Neutral,0.8396
90120B,BLUE MURANO TWIST BRACELET,Neutral,0.803
90120A,PINK MURANO TWIST BRACELET,Neutral,0.7943
90027D,GLASS BEAD HOOP EARRINGS AMETHYST,Neutral,0.8161
90027B,GLASS BEAD HOOP EARRINGS MONTANA,Neutral,0.7998
20796,SMALL BLUE PROVENCAL CERAMIC BALL,Neutral,0.8453
20795,LARGE BLUE PROVENCAL CERAMIC BALL,Neutral,0.8417
21322,GLASS SPHERE CANDLE STAND LARGE ,Neutral,0.7716
22290,STANDING METAL RABBIT WITH EGG,Neutral,0.8482
21631,HIPPY CHIC DECORATIVE PARASOL,Neutral,0.7744
84972L,GIANT PINK HEART MEMO HOLDER,Neutral,0.757
16239,BALLERINA HEART DECORATION.,Neutral,0.8149
84919,L BLUE C/COVER W PINK/YELLOW FLOWER,Neutral,0.8265
84984C,ORIENTAL BLUE C/COVER ,Neutral,0.7724
84909A,PINK PAISLEY QUILT ,Neutral,0.7851
85184B,SET 4 EASTER DECOUPAGE OVAL BOXES,Neutral,0.8805
22233,JIGSAW RABBIT AND BIRDHOUSE,Neutral,0.8342
85018C,S/6 PAPER BOXES CURIOUS IMAGES ,Neutral,0.8592
21343,GOLD JEWELERY BOX,Neutral,0.7493
85121B,RETRO LAUNDRY TUB PINK,Neutral,0.8502
22316,200 BENDY SKULL STRAWS,Neutral,0.7384
22293,"SPRING DEC , HANGING CHICK  GREEN",Neutral,0.7775
35973,GERANIUM FOLKART HEART DECORATION,Neutral,0.8217
90057,DIAMANTE RING ASSORTED IN BOX.,Neutral,0.7664
35838B,S/6 SILVER ORNAMENETAL CANDLE,Neutral,0.8638
85020,ROUND PINK HEART MIRROR,Neutral,0.797
22217,T-LIGHT HOLDER HANGING LACE,Neutral,0.8427
35645,VINTAGE BEAD PINK JEWEL BOX,Neutral,0.811
82095,HEART BUTTONS JEWELLERY BOX,Neutral,0.7808
21808,"CHRISTMAS GARLAND STARS,TREES",Neutral,0.7785
17191A,ROSE FLOWER CANDLE+INCENSE 16X16CM,Neutral,0.8691
47341B,BLUE TABLE RUN FLOWER,Neutral,0.8057
85081,PADDED HOLLY CHRISTMAS DECORATION ,Neutral,0.8106
90214O,"LETTER ""O"" BLING KEY RING",Neutral,0.8239
90214B,"LETTER ""B"" BLING KEY RING",Neutral,0.8259
20993,JAZZ HEARTS MEMO PAD,Neutral,0.8414
84575B,BROWN DOG CANNISTER W BONE,Neutral,0.7681
71403,"PINK/WHITE ""KEEP CLEAN"" BULLET BIN",Neutral,0.7127
84563A,PINK & WHITE BREAKFAST TRAY,Neutral,0.7856
17013B,ORIGAMI JASMINE INCENSE IN TUBE,Neutral,0.8426
17181,CIRCLE OF FRIENDS CANDLE HOLDER,Neutral,0.8455
35815B,"ACRYLIC JEWEL SNOWFLAKE,BLUE",Neutral,0.7804
35821B,"JEWELLED DECORATION,BLUE",Neutral,0.7748
35824B,"HANGING FLOWERS+MIRROR,BLUE",Neutral,0.8039
84685,BEACH HUT KEY CABINET,Neutral,0.8348
20707,CRAZY DAISY HEART DECORATION,Negative,0.5887
22236,CAKE STAND 3 TIER MAGIC GARDEN,Neutral,0.8525
21366,MIRRORED WALL ART PHOTO FRAMES,Neutral,0.8683
90214Z,"LETTER ""Z"" BLING KEY RING",Neutral,0.8364
16168M,FUNKY MONKEY GIFT BAG MEDIUM,Neutral,0.7921
16168S,FUNKY MONKEY GIFT BAG SMALL,Neutral,0.7479
22281,EASTER TREE YELLOW BIRDS,Neutral,0.7698
21167,WHITE SAGE INCENSE,Neutral,0.7378
17096,ASSORTED LAQUERED INCENSE HOLDERS,Neutral,0.4901
85026B,EAU DE NILE JEWELLED T-LIGHT HOLDER,Neutral,0.8384
47597,NEW ENGLAND TEATOWELS,Neutral,0.8386
21278,VINTAGE KITCHEN PRINT PUDDINGS,Neutral,0.7738
35837,SET OF SIX SILVER+RED FLOCK BAUBLES,Neutral,0.8836
85230D,VANILLA SCENTED VOTIVE CANDLE,Neutral,0.8106
85230C,ROSE SCENTED VOTIVE CANDLE,Neutral,0.8298
20680,PINK FLOWERS CHILDS UMBRELLA,Neutral,0.7584
21096,SET/6 FRUIT SALAD  PAPER PLATES,Neutral,0.8869
20952,PORCELAIN CHERUB BELL SMALL,Neutral,0.7802
90214F,"LETTER ""F"" BLING KEY RING",Neutral,0.7901
85161,ACRYLIC GEOMETRIC LAMP,Neutral,0.7761
90058A,CRYSTAL STUD EARRINGS CLEAR DISPLAY,Neutral,0.827
72789,BASKET/8 SCENTED LOVE TOKEN CANDLES,Neutral,0.6165
90210B,CLEAR ACRYLIC FACETED BANGLE,Neutral,0.7397
90039C,FIRE POLISHED GLASS BRACELET BLACK,Neutral,0.8286
90194,SILVER LARIAT BLACK STONE EARRINGS,Neutral,0.8298
90040B,MURANO STYLE GLASS BRACELET BLACK,Neutral,0.8494
72708,SCULPTED ROUND IVORY CANDLE ,Neutral,0.8317
72771C,BLACK FLOCK GOLD CANDLE,Neutral,0.8441
16169G,WRAP ROMANTIC DECOUPAGE,Neutral,0.8247
84683,CLASSICAL ROSE CANDLESTAND,Neutral,0.8023
21117,BLOND DOLL DOORSTOP,Neutral,0.7072
85062,PEARL CRYSTAL PUMPKIN T-LIGHT HLDR,Neutral,0.8313
20663,QUEEN OF THE SKIES HOLIDAY PURSE ,Neutral,0.6312
21945,STRAWBERRIES  DESIGN FLANNEL ,Neutral,0.8275
21943,CAKES AND RABBITS DESIGN FLANNEL ,Neutral,0.7392
84414B,FUSCHIA/GREEN STRIPE WOOLLY BLANKET,Neutral,0.8525
16051,TEATIME PENCIL W STAMP ASST,Neutral,0.8235
85072,OCCASIONS GIFT CARD ASSORTMENT,Neutral,0.7929
21845,DAIRY MAID STRIPE MUG,Neutral,0.6681
90138,WHITE/PINK MINI CRYSTALS NECKLACE,Neutral,0.8789
90137,PINK COMBO MINI CRYSTALS NECKLACE,Neutral,0.8298
16119,FUNKY GIRL ADDRESS BOOK,Neutral,0.7458
47552A,DOTS IRONING BOARD COVER,Neutral,0.8659
47567B,TEA TIME KITCHEN APRON,Neutral,0.8283
84815,SET OF 3 DANISH ROSE PLANTERS,Neutral,0.887
72131,COLUMBIAN CANDLE RECTANGLE,Neutral,0.8214
90013A,MIDNIGHT BLUE VINTAGE EARRINGS,Neutral,0.8168
35631B,BLUE GREEN CHRISTMAS HANGING BALL ,Neutral,0.7591
22252,BIRDCAGE DECORATION MAGIC GARDEN,Neutral,0.833
72728,ROSE SCENT CANDLES IN GLASS,Neutral,0.7994
20884,MODERN CHRISTMAS TREE CANDLE ,Neutral,0.7964
20877,MODERN CHRISTMAS BAUBLE CANDLE ,Neutral,0.7911
20881,MODERN CHRISTMAS TREE CANDLE,Neutral,0.8003
22242,"HOOK, 5 HANGER , MAGIC TOADSTOOL",Neutral,0.8229
90177C,DROP DIAMANTE EARRINGS CRYSTAL,Neutral,0.6707
90177B,DROP DIAMANTE EARRINGS BLACK DIAMON,Neutral,0.8486
90177D,DROP DIAMANTE EARRINGS PURPLE,Neutral,0.8218
90177E,DROP DIAMANTE EARRINGS GREEN,Neutral,0.7816
90177A,CLASSIC DIAMANTE EARRINGS JET,Neutral,0.8061
90026C,GLASS BEAD HOOP NECKLACE GREEN,Neutral,0.7177
90069,RUBY GLASS CLUSTER NECKLACE,Neutral,0.7471
84876B,GREEN HEART COMPACT MIRROR,Neutral,0.7741
20879,TREE OF NOAH FESTIVE SCENTED CANDLE,Neutral,0.9056
17090A,LAVENDER INCENSE 40 CONES IN TIN,Neutral,0.8345
85215,ASSORTED CHEESE FRIDGE MAGNETS,Neutral,0.7574
21758,VINTAGE SHELLS PRINT,Neutral,0.6882
21281,VINTAGE KITCHEN PRINT SEAFOOD,Neutral,0.8133
20848,ZINC HEART LATTICE CHARGER SMALL,Neutral,0.8179
20683,RAIN GIRL CHILDS UMBRELLA,Neutral,0.7988
84968A,S/16 VINTAGE ROSE CUTLERY,Neutral,0.8681
47504J,ENGLISH ROSE SET/3 GARDEN TOOLS,Neutral,0.9001
21894,POTTING SHED SEED ENVELOPES,Neutral,0.8361
84859C,PINK DISCO HANDBAG,Neutral,0.8271
84859A,SILVER DISCO HANDBAG,Neutral,0.7764
75131,METAL TUBE CHIME ON BAMBOO,Neutral,0.7696
85109,PINK BOUDOIR T-LIGHT HOLDER,Neutral,0.8063
84802A,WHITE ANEMONE ARTIFICIAL FLOWER,Neutral,0.8685
21283,NATURAL BARK CANDLE SMALL,Neutral,0.7602
35607B,BLACK FEATHER CHRISTMAS DECORATION,Neutral,0.8625
21202,DOLLY HONEYCOMB GARLAND,Neutral,0.779
90001C,ANTIQUE OPAL WHITE FLOWER EARRINGS,Neutral,0.8316
90000B,MIDNIGHT BLUE COPPER FLOWER NECKLAC,Neutral,0.8154
90024E,NEW BAROQUE B'FLY NECKLACE MONTANA,Neutral,0.8326
79340P,PURPLE ORCHID FLOWER LIGHTS,Neutral,0.6988
84659A,WHITE TRAVEL ALARM CLOCK,Neutral,0.796
35607A,PINK FLUFFY CHRISTMAS DECORATION,Neutral,0.6958
21307,SET/4 BUTTERFLY MIRROR MAGNETS,Neutral,0.895
85218,S/5 MINI ICE CREAM FRIDGE MAGNETS,Neutral,0.8749
35001C,HAND OPEN SHAPE CHROME,Neutral,0.741
16207B,PINK HEART RED HANDBAG,Neutral,0.7526
21415,CLAM SHELL SMALL ,Neutral,0.4895
35936,CERISE+GOLD CHRISTMAS TREE DEC,Neutral,0.8393
84673A,PINK FLY SWAT,Neutral,0.7436
20939,ORANGE CANDLE,Neutral,0.6077
72785A,S/4 CONTEMPORY PINK ROSEBUD CANDLES,Neutral,0.8828
72785B,S/4 CONTEMPORY RED ROSEBUD CANDLES,Neutral,0.8455
72771B,BURG FLOCK GOLD CUP/CANDLE ,Neutral,0.813
21766,VINTAGE WOOD ORGANISER,Neutral,0.8013
84712B,PINK JEWELLED PHOTO FRAME,Negative,0.5443
84689,S/2 BEACH HUT TREASURE CHESTS,Neutral,0.8633
84550,CROCHET LILAC/RED BEAR KEYRING,Neutral,0.8416
21678,PAISLEY PATTERN  STICKERS,Neutral,0.8228
21226,POCKET MIRROR WOODLAND,Neutral,0.7982
21225,POCKET MIRROR BUTTERFLY ,Neutral,0.7618
16258A,SWIRLY CIRCULAR RUBBERS IN BAG,Neutral,0.817
37491C,GREEN/BLUE CERAMIC CANDLE HOLDER,Neutral,0.8261
84913A,SOFT PINK ROSE TOWEL ,Neutral,0.607
84459A,PINK METAL CHICKEN HEART ,Neutral,0.6157
20933,YELLOW POT PLANT CANDLE,Neutral,0.7925
75011,BLUE DAISY MOBILE,Neutral,0.7203
72801C,S/4 ROSE PINK DINNER CANDLES,Neutral,0.8586
21946,PARTY TIME DESIGN FLANNEL,Neutral,0.8133
46775E,CANDY POP CHUNKY KNITTED THROW ,Neutral,0.753
35911B,PINK/FLOWER RABBIT EGG WARMER ,Neutral,0.7358
62097A,PINK STRIPES SHOULDER BAG,Neutral,0.826
84686,BEACH HUT MIRROR,Neutral,0.7905
72812,LARGE ZINC/GLASS CANDLEHOLDER,Neutral,0.8713
21473,SWEETHEART CREAM STEEL TABLE RECT,Neutral,0.7537
90000C,OPAL WHITE/SILVER FLOWER NECKLACE,Neutral,0.8478
90065A,WHITE VINTAGE CRYSTAL BRACELET,Neutral,0.8158
90065B,BLACK VINT ART DEC CRYSTAL BRACELET,Neutral,0.8779
90024D,NEW BAROQUE B'FLY NECKLACE PINK,Neutral,0.8456
90124B,BLUE MURANO TWIST NECKLACE,Neutral,0.7995
90182C,BLACK 3 BEAD DROP EARRINGS,Neutral,0.8989
90026B,GLASS BEAD HOOP NECKLACE MONTANA,Neutral,0.762
90180B,PURPLE AMETHYST NECKLACE W TASSEL,Neutral,0.8448
90211B,JET BLACK LAS VEGAS NECKLACE 45CM,Neutral,0.8893
90212C,PURPLE LAS VEGAS BRACELET ROUND,Neutral,0.8498
21317,GLASS SPHERE CANDLE STAND MEDIUM,Neutral,0.8306
62074B,ELEPHANT CLIP W SUCTION CUP,Neutral,0.8408
84876C,SILVER HEART COMPACT MIRROR,Neutral,0.8163
35999,S/6 SCANDINAVIAN HEART T-LIGHT,Neutral,0.8275
22307,GOLD MUG BONE CHINA TREE OF LIFE,Neutral,0.8273
90201A,PURPLE ENAMEL FLOWER RING,Neutral,0.8257
20697,LITTLE GREEN MONSTER SOFT TOY,Neutral,0.5498
17090D,VANILLA INCENSE 40 CONES IN TIN,Neutral,0.8261
85230A,OPIUM SCENTED VOTIVE CANDLE,Neutral,0.7811
22306,SILVER MUG BONE CHINA TREE OF LIFE,Neutral,0.831
72133,COLUMBIAN CANDLE RECTANGLE,Neutral,0.8214
72134,COLUMBIAN  CUBE CANDLE ,Neutral,0.7863
72130,COLUMBIAN CANDLE ROUND,Neutral,0.7972
37489A,YELLOW/PINK FLOWER DESIGN BIG MUG,Neutral,0.7943
85225,BLING KEY RING STAND,Neutral,0.8059
21441,BLUE BIRDHOUSE DECORATION,Neutral,0.8152
84711A,SILVER OVAL SHAPE TRINKET BOX,Neutral,0.7991
21413,PERIWINKLE T-LIGHT HOLDER,Neutral,0.8034
90034,WHITE SILVER NECKLACE SHELL GLASS,Neutral,0.7107
90140,PINK SWEETIE NECKLACE,Neutral,0.7525
90146,FINE SILVER NECKLACE W PASTEL FLOWE,Neutral,0.7703
90123A,PINK HEART OF GLASS BRACELET,Neutral,0.7349
90060B,FIRE POLISHED GLASS NECKL GOLD,Neutral,0.7352
22243,"HOOK, 5 HANGER ,MAGIC TOADSTOOL RED",Neutral,0.7232
21311,SET/4 BIRD MIRROR MAGNETS ,Neutral,0.8377
47369B,BLUE GREEN EMBROIDERY COSMETIC BAG,Neutral,0.8298
72772,SET/4 SCENTED CANDLES IN RAMEKINS,Neutral,0.8249
35910A,MULTICOLOUR EASTER RABBIT ,Neutral,0.8219
21716,BOYS VINTAGE TIN SEASIDE BUCKET,Neutral,0.8334
21715,GIRLS VINTAGE TIN SEASIDE BUCKET,Neutral,0.8441
37438,FUNKY FLOWER COFFEE POT,Neutral,0.6328
46775D,SUNSET COLOUR CHUNKY KNITTED THROW,Neutral,0.8467
84921,CREAM AND PINK FLOWERS PONY ,Neutral,0.5366
22360,"GLASS JAR, ENGLISH CONFECTIONERY",Neutral,0.8125
21190,PINK HEARTS PAPER GARLAND,Neutral,0.8416
22247,BUNNY DECORATION MAGIC GARDEN,Neutral,0.8111
22249,DECORATION WHITE CHICK MAGIC GARDEN,Neutral,0.8368
22248,DECORATION  PINK CHICK MAGIC GARDEN,Neutral,0.7773
22250,DECORATION  BUTTERFLY  MAGIC GARDEN,Neutral,0.8017
85213,MINI  ZINC GARDEN DECORATIONS ,Neutral,0.8694
85212,MINI PAINTED GARDEN DECORATION ,Neutral,0.8131
71101A,ANGEL ON KNEES METAL POLE 100CM H,Neutral,0.8703
71101E,STANDING FAIRY POLE SUPPORT ,Positive,0.5627
20882,MODERN CHRISTMAS TREE CANDLE,Neutral,0.8003
15030,FAN BLACK FRAME ,Neutral,0.5164
72793,BLACK BOX MIRROR LANTERN,Neutral,0.8869
35637A,IVORY STRING CURTAIN WITH POLE ,Neutral,0.7457
16256C,HEARTS PENCIL/RUBBER+5 MINI PENCILS,Neutral,0.8804
21416,CLAM SHELL LARGE,Neutral,0.5571
22268,EASTER DECORATION SITTING BUNNY,Neutral,0.7653
35597B,BLACKCHRISTMAS TREE 30CM,Neutral,0.8569
84255A,PINK GLASS COCKTAIL LAMP,Neutral,0.7857
21318,GLASS CHALICE BLUE SMALL ,Neutral,0.6494
18098B,BLUE PORCELAIN B'FLY OIL BURNER,Neutral,0.8073
37399,"ASS RETROSPOOF MUGS,SPORTS",Neutral,0.8083
TEST001,This is a test product.,Neutral,0.5302
21414,SCALLOP SHELL SOAP DISH,Negative,0.6
21695,SMALL SILVER FLOWER CANDLE POT,Neutral,0.779
84767,ZINC POLICE BOX LANTERN,Neutral,0.8561
37475,SET/4 COLOURFUL MIXING BOWLS,Neutral,0.8683
22262,FELT EGG COSY CHICKEN,Neutral,0.7488
21713,CITRONELLA CANDLE FLOWERPOT,Neutral,0.8088
21036,SET/2 TEA TOWELS MODERN VINTAGE,Neutral,0.8654
17007B,S/3 POT POURI CUSHIONS BLUE COLOURS,Neutral,0.8434
85093,CANDY SPOT EGG WARMER HARE,Neutral,0.7541
84621,BLUE GINGHAM ROSE FLOOR CUSHION ,Neutral,0.7848
15044C,PURPLE PAPER PARASOL,Neutral,0.7442
84251C,"GREETING CARD, TWO SISTERS.",Neutral,0.7468
20902,VINTAGE KEEPSAKE BOX PARIS DAYS,Neutral,0.8904
21850,BLUE  DIAMANTE PEN IN GIFT BOX,Neutral,0.828
21372,MIRRORED WALL ART TABLE LAMP,Neutral,0.8524
22021,BLUE FELT EASTER EGG BASKET,Neutral,0.785
85206B,PINK FELT EASTER EGG BASKET,Neutral,0.7554
90129A,PINK GLASS TASSLE BAG CHARM ,Neutral,0.7804
35001P,HAND OPEN SHAPE PINK,Neutral,0.8498
84824,DANISH ROSE UMBRELLA STAND,Neutral,0.8529
44234,ASSORTED CIRCULAR MOBILE,Neutral,0.6953
18098A,PINK PORCELAIN B'FLY OIL BURNER,Neutral,0.8256
20858,SILVER PURSE GOLD PINK BUTTERFLY,Neutral,0.7771
21298,EDWARDIAN 2 DRAWER WALL CABINET ,Neutral,0.8684
72750B,"F.FAIRY S/3 CANDLE/GLASS,LAVENDER",Neutral,0.8098
35980C,REDWHITE STRIPE SCANDINAVIAN HEART ,Neutral,0.7381
21750, LARGE SKULL WINDMILL,Neutral,0.6793
21749,LARGE RED SPOT WINDMILL,Neutral,0.8024
17038,PORCELAIN BUDAH INCENSE HOLDER,Neutral,0.713
21702,SET 5 MINI GATEAUX  FRIDGE MAGNETS,Neutral,0.8701
21699,SET 5 MINI CHOCOLATE FRIDGE MAGNETS,Neutral,0.8678
90190C,SILVER/AMETHYST DROP EARRINGS LEAF,Neutral,0.826
90186A,AMETHYST HOOP EARRING FLORAL LEAF,Neutral,0.8304
48138,DOOR MAT UNION FLAG,Neutral,0.7149
84570B,WHITE SATIN DRESS JEWEL STAND,Neutral,0.8323
84782B,BLACK 3 TIER GLASS PLATE STAND,Neutral,0.911
21641,ASSORTED TUTTI FRUTTI KEYRING BALL,Neutral,0.7924
90059C,DIAMANTE HAIR GRIP PACK/2 MONTANA,Neutral,0.8539
90082B,DIAMANTE BOW BROOCH RED COLOUR,Neutral,0.7454
90004A,JADE GREEN PAIR ENAMEL HAIR SLIDES,Neutral,0.867
90059E,DIAMANTE HAIR GRIP PACK/2 RUBY,Neutral,0.8438
90059D,DIAMANTE HAIR GRIP PACK/2 PERIDOT,Neutral,0.8334
20664,TROPICAL HOLIDAY PURSE ,Neutral,0.7138
85129B,BEADED CRYSTAL HEART GREEN SMALL,Neutral,0.7604
85030,FRENCH CHATEAU OVAL PLATTER,Neutral,0.7947
85141,JARDIN ETCHED GLASS FRUITBOWL,Neutral,0.8164
20846,ZINC HEART LATTICE T-LIGHT HOLDER,Neutral,0.7514
84595B,LARGE TRIFLE DESIGN L BLUE BOWL,Neutral,0.825
84313A,PINK TV TRAY TABLE ,Neutral,0.8245
84313B,BLUE TV TRAY TABLE ,Neutral,0.8016
47594A,CAROUSEL DESIGN WASHBAG,Neutral,0.7857
85119,WATERING CAN SINGLE HOOK PISTACHIO,Neutral,0.8113
35937,CERISE+GOLD CHRISTMAS STOCKING DEC,Neutral,0.8665
35966,FOLKART CHRISTMAS TREE T-LIGHT HOLD,Neutral,0.838
85167B,BLACK GRAND BAROQUE PHOTO FRAME,Neutral,0.87
90048,GREEN WITH METAL BAG CHARM,Neutral,0.7939
48175,DOOR MAT CAMOUFLAGE,Neutral,0.7293
81952V,ROUND PURPLE CLOCK W/SUCKER,Neutral,0.5742
84529A,PINK KNITTED KIDS RUCKSACK,Neutral,0.7292
84529C,YELLOW KNITTED KIDS RUCKSACK,Negative,0.5978
47583B,SET OF 3 WICKER BASKET TEA AND CAKE,Neutral,0.8414
85160A,WHITE BIRD GARDEN DESIGN MUG,Neutral,0.8229
85160B,BLACK BIRD GARDEN DESIGN MUG,Neutral,0.8826
21718,RED METAL BEACH SPADE ,Neutral,0.7288
84086C,PINK/PURPLE RETRO RADIO,Neutral,0.7701
84976,RECTANGULAR SHAPED MIRROR,Neutral,0.7122
85018B,S/6 PAPER BOXES BLOSSOM IMAGES ,Neutral,0.87
85018A,S/6 PAPER BOXES ROMANTIC IMAGES,Neutral,0.8854
35963,FOLKART ZINC CLIP ON ANGEL WINGS,Neutral,0.8539
21090,SET/6 COLLAGE PAPER PLATES,Neutral,0.8721
84631,FRUIT TREE AND BIRDS WALL PLAQUE,Neutral,0.7884
85127,SMALL SQUARE CUT GLASS CANDLESTICK,Neutral,0.7848
90129F,RED GLASS TASSLE BAG CHARM,Neutral,0.7466
90129D,AMBER GLASS TASSLE BAG CHARM,Neutral,0.7303
90129E,PURPLE GLASS TASSLE BAG CHARM,Neutral,0.748
20849,ZINC HEART LATTICE DOUBLE PLANTER,Neutral,0.7956
21001,ROSE DU SUD WASHBAG ,Neutral,0.768
22137,BATHROOM SET LOVE HEART DESIGN,Neutral,0.5418
35652,VINTAGE BEAD CHAISE LONG JEWEL BOX,Neutral,0.7803
17011C,ORIGAMI LAVENDER INCENSE+FLOWER,Neutral,0.8528
17011E,ORIGAMI OPIUM SCENT INCENSE+FLOWER,Neutral,0.8397
17011D,ORIGAMI ROSE INCENSE+FLOWER,Neutral,0.8354
17011F,ORIGAMI SANDLEWOOD INCENSE+FLOWER,Neutral,0.866
17012E,ORIGAMI OPIUM INCENSE/CANDLE SET ,Neutral,0.8287
17013C,ORIGAMI LAVENDER INCENSE IN TUBE,Neutral,0.8421
17013D,ORIGAMI ROSE INCENSE IN TUBE,Neutral,0.8597
84616,SILVER ROCCOCO CHANDELIER,Neutral,0.7842
16043,POP ART PUSH DOWN RUBBER ,Neutral,0.7691
85190,PINK FLOWER HANGING HEART ,Positive,0.6149
84450A,PINK RABBIT SITTING EASTER,Neutral,0.7879
85189,HANGING BUTTERFLY  EGG,Neutral,0.7793
84847,FLORAL BATHROOM SET,Neutral,0.8595
21209,MULTICOLOUR HONEYCOMB FAN,Neutral,0.8253
47013A,WINE BOTTLE DRESSING LT.BLUE,Neutral,0.817
84927F,PSYCHEDELIC TILE HOOK,Neutral,0.7265
84926F,PSYCHEDELIC TILE COASTER,Neutral,0.7536
90016B,GOLD/M.O.P PENDANT ORBIT NECKLACE,Neutral,0.8613
90018B,GOLD M.O.P ORBIT DROP EARRINGS,Neutral,0.8789
21208,PASTEL COLOUR HONEYCOMB FAN,Neutral,0.846
84905,PINK BUTTERFLY C/COVER ,Neutral,0.7409
84907,PINK/YELLOW PATCH CUSHION COVER,Neutral,0.8195
21030,SPACE CADET RED,Neutral,0.7346
82069,BEECH WOOD P/FRAME,Neutral,0.6536
21503,TOYBOX  WRAP ,Neutral,0.7504
51020A,SUMMER FUN DESIGN SHOWER CAP,Neutral,0.6367
84942,KASHMIR FOLKART HEART DISHES,Neutral,0.6766
21475,SWEETHEART CREAM STEEL FOLDIN CHAIR,Neutral,0.6473
35974,S/6 CHRISTMAS TREE PLACE SETTING,Neutral,0.9044
35930,PINK HEART CHRISTMAS DECORATION,Neutral,0.7097
35964,FOLKART CLIP ON STARS,Neutral,0.8452
22266,EASTER DECORATION HANGING BUNNY,Neutral,0.842
84706A,ENGLISH ROSE TABLE CLOCK,Neutral,0.8754
84732D,CUTE RABBIT CEATURE SCREEN ,Positive,0.8207
84732B,CUTE BIRD CEATURE SCREEN,Positive,0.89
21128,GOLD FISHING GNOME,Neutral,0.5769
21496,WOODLAND CREATURES  WRAP,Neutral,0.7688
47581B,FAIRY CAKE WICKER PICNIC BASKET ,Neutral,0.7579
20820,SILVER LOOKING MIRROR,Neutral,0.7603
37352,BIRD IN TREE MUG ,Neutral,0.7784
20759,CHRYSANTHEMUM POCKET BOOK ,Neutral,0.7775
20845,ZINC HEART LATTICE 2 WALL PLANTER,Neutral,0.8358
16202A,PASTEL PINK PHOTO ALBUM ,Neutral,0.7968
47585A,PINK FAIRY CAKE CUSHION COVER,Neutral,0.7006
90206A,GOLD DIAMANTE STAR BROOCH,Neutral,0.7847
22221,CAKE STAND LOVEBIRD 2 TIER PINK,Neutral,0.5631
37379A,PINK CHERRY BLOSSOM CUP & SAUCER,Neutral,0.7813
22188,BLACK HEART CARD HOLDER,Neutral,0.7999
21095,SET/6 POSIES PAPER PLATES,Neutral,0.8176
85121C,RETRO LAUNDRY TUB PISTACHIO,Neutral,0.7717
72781,BLACK SILOUETTE CANDLE PLATE ,Neutral,0.8491
90186B,CRYSTAL HOOP EARRING FLORAL LEAF,Neutral,0.8174
90020,FILIGREE DIAMANTE CHAIN,Neutral,0.7006
90043,COPPER AND BRASS BAG CHARM,Neutral,0.786
85145,JARDIN ETCHED GLASS LARGE BELL JAR,Neutral,0.8116
84675,FROG KING WATERING CAN,Neutral,0.8057
20667,CHERRY BLOSSOM PURSE,Neutral,0.7435
84870C,GREEN GEISHA GIRL ,Neutral,0.7495
85131D,BEADED CRYSTAL HEART PINK\ON STICK,Neutral,0.8433
47343A,FUSCHIA FLOWER PURSE WITH BEADS,Neutral,0.8157
47344B,BLUE FLOWER DES PURSE,Neutral,0.7352
84051,ASS COLOUR GLOWING TIARAS,Positive,0.5869
22269,EGG CUP NATURAL CHICKEN,Neutral,0.7928
21419,CONCH SHELL,Negative,0.5887
71510,SQUARE METAL CANDLEHOLDER BASE,Neutral,0.8633
85130A,BEADED PEARL HEART WHITE LARGE,Neutral,0.8048
90199D,5 STRAND GLASS NECKLACE AMBER,Neutral,0.7867
20932,PINK POT PLANT CANDLE,Neutral,0.7654
22251,BIRDHOUSE DECORATION MAGIC GARDEN,Neutral,0.8495
84801B,WHITE HYDRANGEA ART FLOWER,Neutral,0.8406
84877A,PINK ROUND COMPACT MIRROR,Neutral,0.8511
84856L,LARGE TAHITI BEACH BAG,Neutral,0.8343
47310M,"SMALL POP BOX,FUNKY MONKEY",Neutral,0.6546
44091C,MULTICOLOUR CRUSOE CHECK LAMPSHADE,Neutral,0.8505
21525,BEWARE OF THE CAT DOORMAT,Neutral,0.6536
21315,LARGE GLASS HEART TRINKET POT,Neutral,0.8257
TEST002,This is a test product.,Neutral,0.5302
35915B,BLUE KNITTED HEN ,Neutral,0.7381
35915A,CREAM KNITTED HEN,Neutral,0.7062
35915C,PEACH KNITTED HEN ,Neutral,0.643
84748,FOLK FELT HANGING MULTICOL GARLAND,Neutral,0.7353
85195,HANGING HEART BASKET,Neutral,0.733
40002,WHITE BAMBOO RIBS LAMPSHADE,Neutral,0.8006
71270,PHOTO CLIP LINE,Neutral,0.7982
84838,ANT WHITE HIGH RISE BIRD BOX,Neutral,0.8436
84661B,BLACK SQUARE TABLE CLOCK,Neutral,0.8725
21198,WHITE HEART CONFETTI IN TUBE,Neutral,0.7682
44092C,PURPLE/COPPER HANGING LAMPSHADE,Neutral,0.8893
20784,RED RETRO BAR STOOL,Neutral,0.7175
48103,DOOR MAT KISS MY.......,Neutral,0.7633
20840,FRENCH FLORAL CUSHION COVER ,Neutral,0.8136
84657,GREEN ROSE CUSHION COVER,Neutral,0.7933
21852,EMPIRE TEDDY,Neutral,0.7142
35980B,RED TOP SCANDINAVIAN HEART ,Neutral,0.6254
35603B,S/16 BLACK SHINY/MAT BAUBLES,Neutral,0.9111
79051A,SMOKEY GREY COLOUR D.O.F. GLASS,Neutral,0.7969
72129,COLUMBIAN CANDLE ROUND ,Neutral,0.7915
35598C,WHITE CHRISTMAS TREE 60CM,Neutral,0.8534
84499,BLACK FLOWER CANDLE PLATE,Neutral,0.8673
84858C,PINK RIVIERA HANDBAG,Neutral,0.8193
35945,GOLD CHRISTMAS STOCKING DECORATION,Neutral,0.8424
21374,MIRRORED WALL ART SKULLS,Neutral,0.7506
84422,PINK/BLUE DISC/MIRROR STRING,Neutral,0.8246
84563B,BLUE & WHITE BREAKFAST TRAY,Neutral,0.8399
21038,SET/4 MODERN VINTAGE COTTON NAPKINS,Neutral,0.8657
90143,SILVER BRACELET W PASTEL FLOWER,Neutral,0.7998
90036E,"FLOWER GLASS GARLD NECKL36""AMETHYST",Neutral,0.8303
90175B,PINK GLASS CHUNKY CHARM BRACELET,Neutral,0.7827
72132,COLUMBIAN CUBE CANDLE,Neutral,0.7828
84931A,PINK SCOTTIE DOG W FLOWER PATTERN,Neutral,0.7945
85128,PLANTPOT SINGLE HOOK PISTACHIO,Neutral,0.822
72755C,FLOWER FAIRY OIL BURNER SET ROSE,Neutral,0.8227
84247H,PACK/12 DECOUPAGE CARD,Neutral,0.8074
22039,BOTANICAL LILY GIFT WRAP,Neutral,0.8463
22038,BOTANICAL LAVENDER GIFT WRAP ,Neutral,0.8252
84673B,BLUE FLY SWAT,Neutral,0.6877
20885,BOX OF 3 PEBBLE CANDLES,Neutral,0.7743
90165B,WHITE ROSEBUD  PEARL EARRINGS,Neutral,0.7732
90014A,SILVER/MOP ORBIT NECKLACE,Neutral,0.7958
90014B,GOLD M PEARL  ORBIT NECKLACE,Neutral,0.795
90052,CRACKED GLAZE NECKLACE BROWN,Neutral,0.6948
21369,MIRRORED WALL ART SPLODGES,Neutral,0.8483
22092,BLUE PAISLEY TISSUE BOX,Neutral,0.7863
37112,YELLOW BIRDS FELT DES FOODCOVER,Neutral,0.7123
46776A,WOVEN BUBBLE GUM CUSHION COVER,Neutral,0.801
46776E,WOVEN CANDY CUSHION COVER ,Neutral,0.8065
46776C,WOVEN FROST CUSHION COVER,Neutral,0.8448
78124,MAGAZINE RACK GEBRA ASSORTED ,Neutral,0.7977
79337,BLUE FLOCK GLASS CANDLEHOLDER,Neutral,0.7881
84596J,MIXED NUTS LIGHT GREEN BOWL,Neutral,0.5136
21420,OYSTER TRINKET BOX,Neutral,0.7217
21442,GREEN BIRDHOUSE DECORATION,Neutral,0.823
84292B,BLUE COL METAL FOLDING CHAIR,Neutral,0.7638
85203,HANGING WOOD AND FELT BUTTERFLY ,Neutral,0.7664
22261,FELT EGG COSY WHITE RABBIT ,Neutral,0.7631
17129C,SKY BLUE COLOUR GLASS GEMS IN BAG,Neutral,0.8015
22365,DOORMAT RESPECTABLE HOUSE,Neutral,0.7846
22366,DOORMAT AIRMAIL ,Neutral,0.723
22196,HEART MEASURING SPOONS SMALL,Neutral,0.7731
35654,VINTAGE BEAD FILLED PINK CUSHION,Neutral,0.8382
85219,S/4 HEART CRYSTAL FRIDGE MAGNETS,Neutral,0.8576
37451,CERAMIC CAKE TEAPOT WITH CHERRY,Neutral,0.758
85130C,BEADED CRYSTAL HEART BLUE  LARGE,Neutral,0.6647
84674,FLYING PIG WATERING CAN,Neutral,0.5384
84614C,BLUE BAROQUE FLOCK CANDLE HOLDER,Neutral,0.8297
21772,VINTAGE METAL CAKE STAND CREAM ,Neutral,0.8198
84804B,BLUE DELPHINIUM ARTIFICIAL FLOWER,Neutral,0.8175
84801A,PINK HYDRANGEA ART FLOWER,Neutral,0.7465
84798A,PINK FOXGLOVE ARTIIFCIAL FLOWER,Neutral,0.7641
84798C,WHITE FOXGLOVE ARTIIFCIAL FLOWER,Neutral,0.8673
22288,"DECORATION , HANGING METAL RABBIT",Neutral,0.849
85194S,HANGING SPRING FLOWER EGG SMALL,Neutral,0.8594
21363,HOME SMALL WOOD LETTERS,Neutral,0.7928
85019A,ROMANTIC IMAGES NOTEBOOK SET,Neutral,0.854
85169B,BLACK LOVE BIRD CANDLE,Positive,0.7511
21955,  DOORMAT UNION JACK GUNS AND ROSES,Neutral,0.6495
90096,NECKLACE+BRACELET SET BLUE BLOSSOM,Neutral,0.8195
90098,NECKLACE+BRACELET PINK BUTTERFLY,Neutral,0.7887
84967B,BLUE KASHMIRI OCCASIONAL TABLE,Neutral,0.8523
20850,ZINC HEART LATTICE PLANTER BOWL,Neutral,0.7688
47574B,ENGLISH ROSE SCENTED HANGING HEART,Neutral,0.5603
84974,S/2 ZINC HEART DESIGN PLANTERS,Neutral,0.8849
22358,KINGS CHOICE TEA CADDY ,Neutral,0.814
22357,KINGS CHOICE BISCUIT TIN,Neutral,0.832
84803A,PINK ALLIUM  ARTIFICIAL FLOWER,Neutral,0.8023
84807,RED POPPY ARTIFICIAL FLOWER,Neutral,0.686
37462B,"PET MUG, BUDGIE",Neutral,0.6661
79144C,PAINTED LIGHTBULB RAINBOW DESIGN,Neutral,0.8376
35912B,WHITE/PINK CHICK DECORATION,Neutral,0.8842
35913B,WHITE/PINK CHICK EASTER DECORATION,Neutral,0.8802
22264,FELT FARM ANIMAL WHITE BUNNY ,Neutral,0.4973
35910B,PINK FLOWERS RABBIT EASTER,Neutral,0.7281
20715,LITTLE FLOWER SHOPPER BAG,Neutral,0.7815
84805B,BLUE CLIMBING HYDRANGA ART FLOWER,Neutral,0.8526
84798B,PURPLE FOXGLOVE ARTIIFCIAL FLOWER,Neutral,0.8311
22193,RED WALL CLOCK,Neutral,0.7232
22191,IVORY WALL CLOCK,Neutral,0.6885
22175,PINK OWL DECORATION,Neutral,0.8146
22176,BLUE OWL DECORATION,Neutral,0.804
22323,BAG FOR CHILDREN VINTAGE PINK ,Neutral,0.779
22324,BAG FOR CHILDREN VINTAGE BLUE ,Neutral,0.7928
84856S,SMALL TAHITI BEACH BAG,Neutral,0.8258
62096A,PINK/YELLOW FLOWERS HANDBAG,Neutral,0.8204
62096B,PURPLE/TURQ FLOWERS HANDBAG,Neutral,0.8749
84611B,BLACK NEW BAROQUE FLOCK BOX,Neutral,0.8727
79403,FROSTED WHITE BASE ,Neutral,0.6468
20839,FRENCH PAISLEY CUSHION COVER ,Neutral,0.8309
85163B,BLACK BAROQUE WALL CLOCK ,Neutral,0.8488
90144,SILVER DROP EARRINGS WITH FLOWER,Neutral,0.8509
22326,"ROUND SNACK BOXES ,SET4, WOODLAND ",Neutral,0.8163
22328,"ROUND SNACK BOXES ,SET 4, FRUITS ",Neutral,0.812
21562,HAWAIIAN GRASS SKIRT ,Neutral,0.758
84917,WHITE HAND TOWEL WITH BUTTERFLY,Neutral,0.8441
82011C,BATHROOM SCALES FOOTPRINTS IN SAND,Neutral,0.8542
84867A,PINK BABY GIRLS PHOTO ALBUM,Neutral,0.7894
20794,BLUE  TILE HOOK,Neutral,0.7561
85091,CANDY SPOT BREAD BASKETS,Neutral,0.7238
47587A,PINK FAIRY CAKE COASTER,Neutral,0.6827
84762A,WHITE PICNIC BARBECUE BUCKET,Neutral,0.8022
20616,CHERRY BLOSSOM PASSPORT COVER,Neutral,0.7978
84612B,SET/4 BLACK  BAROQUE FLOCK COASTER,Neutral,0.8612
84464,S/60 PINK FLUFFY CHICKS IN BOX,Neutral,0.8803
84250M,"GREETING CARD, BLACKPOOL ROCK",Neutral,0.8102
84984A,GREEN PEONY DES C/COVER,Neutral,0.7423
84984B,RED PEONY DES C/COVER ,Neutral,0.718
21393,BLUE  SPOTTY PUDDING BOWL,Neutral,0.6961
22289,"DECORATION , HANGING METAL CHICKEN",Neutral,0.8483
22329,ROUND CONTAINER SET OF 5 RETROSPOT,Neutral,0.893
22367,CHILDS APRON SPACEBOY DESIGN,Neutral,0.8688
22414,DOORMAT NEIGHBOURHOOD WITCH ,Neutral,0.7037
22327,ROUND SNACK BOXES SET OF 4 SKULLS,Neutral,0.8456
22328,ROUND SNACK BOXES SET OF 4 FRUITS ,Neutral,0.8653
16156L,"WRAP, CAROUSEL",Neutral,0.6932
22326,ROUND SNACK BOXES SET OF4 WOODLAND ,Neutral,0.8656
35922,EASTER BUNNY WREATH,Neutral,0.7732
22252,BIRDCAGE DECORATION TEALIGHT HOLDER,Neutral,0.8444
47599B,BLUE PARTY BAGS ,Neutral,0.7496
84843,WHITE SOAP RACK WITH 2 BOTTLES,Neutral,0.8502
22241,GARLAND WOODEN HAPPY EASTER,Positive,0.9313
85188A,GREEN METAL SWINGING BUNNY,Neutral,0.7489
85188B,PINK METAL SWINGING BUNNY,Neutral,0.7714
72606A,BROWN ANTIQUE CUBE CANDLE,Neutral,0.7896
47583A,SET OF 3 WICKER BASKET ROSE,Neutral,0.85
84706D,CHERRY BLOSSOM TABLE CLOCK ,Neutral,0.7805
21368,MIRRORED WALL ART LADIES,Neutral,0.8247
21367,MIRRORED WALL ART GENTS,Neutral,0.8455
46138B,BLUE CHENILLE SHAGGY CUSHION COVER ,Neutral,0.7876
85110,BLACK SILVER FLOWER T-LIGHT HOLDER,Neutral,0.8446
84925F,PSYCHEDELIC WALL THERMOMETER,Neutral,0.7344
84951B,S/4 BLACK LOVEBIRD COASTERS,Neutral,0.8237
21629,SQUARE FLOOR CUSHION VINTAGE RED,Neutral,0.85
21383,PACK OF 12 STICKY BUNNIES,Neutral,0.7553
84437A,S/6 PINK EASTER DECS IN BOX,Neutral,0.9044
85205B,PINK FELT EASTER RABBIT GARLAND,Neutral,0.7909
22329,ROUND FOOD CONTAINER S/5 RETROSPOT,Neutral,0.8661
85169D,PINK LOVE BIRD CANDLE,Positive,0.8839
90011C,GREEN CRYSTAL DROP EARRINGS,Neutral,0.8178
90013D,PURPLE VINTAGE EARRINGS,Neutral,0.778
90164B,WHITE  ROSEBUD PEARL BRACELET,Neutral,0.7242
90058B,CRYSTAL STUD EARRINGS ASSORTED COL ,Neutral,0.7763
90165A,PINK ROSEBUD PEARL EARRINGS,Neutral,0.7444
81952B,ROUND BLUE CLOCK W/SUCKER,Neutral,0.5517
44235,ASS COL CIRCLE MOBILE ,Neutral,0.7846
22161,HEART DECORATION RUSTIC HANGING ,Neutral,0.7497
35637C,PINK STRING CURTAIN WITH POLE,Neutral,0.7772
84450B,YELLOW RABBIT SAT EASTER,Neutral,0.8284
84842,HELLO SAILOR BATHROOM SET,Neutral,0.8439
84599,CANDY STRIPE ROSE FLOOR CUSHION,Neutral,0.802
84531B,BLUE KNITTED EGG COSY,Neutral,0.6615
47367B,PAIR PADDED HANGERS PINK CHECK,Neutral,0.8871
37489D,PINK/GREEN FLOWER DESIGN BIG MUG,Neutral,0.7494
37409,ASSORTED DESIGN FLOWER MUGS,Neutral,0.7164
84766,SILVER ROCOCO CANDLE STICK,Neutral,0.7636
82545A,COGNAC AUX OEUFS METAL 1 HOOK,Neutral,0.7946
84455,SET OF 3 RABBIT CARROTS EASTER,Neutral,0.8855
85086A,CANDY SPOT HEART DECORATION,Neutral,0.7953
20791,BLUE TILED SET OF 3 DRAWERS,Neutral,0.888
84849D,HOT BATHS SOAP HOLDER,Neutral,0.819
22045,SPACEBOY GIFT WRAP,Neutral,0.7732
22029,SPACEBOY BIRTHDAY CARD,Neutral,0.8338
21653,GLASS ETCHED T-LIGHT HOLDER LARGE,Neutral,0.7821
85202,HANGING WOOD AND FELT HEART,Neutral,0.7223
77081,FLOWER WINDMILL,Neutral,0.741
84762C,GREEN PICNIC BARBECUE BUCKET,Neutral,0.7378
84016,FLAG OF ST GEORGE CAR FLAG,Neutral,0.88
84033,FLAG OF ST GEORGE ,Neutral,0.8196
84251G,"GREETING CARD, OVERCROWDED POOL.",Negative,0.4598
22106,MIRROR MOSAIC HURRICANE LAMP ,Neutral,0.8332
85232C,RUSSIAN FOLKART STACKING TINS,Neutral,0.6691
20802,SMALL GLASS SUNDAE DISH CLEAR,Neutral,0.7672
21089,SET/6 GREEN SPRING PAPER CUPS,Neutral,0.8796
21097,SET/6 GREEN SPRING  PAPER PLATE,Neutral,0.8709
90108,BLUE BLOSSOM HAIR CLIP,Neutral,0.8
72225C,LAVENDER SCENT CAKE CANDLE,Neutral,0.773
72225D,VANILLA SCENT CAKE CANDLE ,Neutral,0.7616
17014D,ORIGAMI ROSE INCENSE CONES,Neutral,0.7395
17014A,ORIGAMI VANILLA INCENSE CONES,Neutral,0.7279
16010,FOLDING CAMPING SCISSOR W/KNIF & S,Neutral,0.8828
21454,PAINTED PINK RABBIT ,Neutral,0.7762
90103,PURPLE FRANGIPANI NECKLACE,Neutral,0.7991
20787,BLUE RETRO BAR STOOL,Neutral,0.7795
17011A,ORIGAMI VANILLA INCENSE+FLOWER ,Neutral,0.8121
20698,LITTLE PINK MONSTER SOFT TOY,Positive,0.5509
72796C,S/3 ROSE GARDEN SCENT SQU CANDLE,Neutral,0.8354
21386,IVORY HANGING DECORATION  EGG,Neutral,0.8252
85027L,FRENCH CHATEAU LARGE PLATTER ,Neutral,0.7478
22168,ORGANISER WOOD ANTIQUE WHITE ,Neutral,0.8457
84306,S/3 PINK SQUARE PLANTERS ROSES,Neutral,0.7248
84653,GREEN ROSE QUILT ,Neutral,0.6964
84458,S/3 RABBIT FLOWER/EGG/CARROT ROPE,Neutral,0.8864
21409,SPOTTY COCKEREL DOORSTOP,Neutral,0.5633
85023C,PINK LARGE JEWELED PHOTOFRAME,Neutral,0.7731
90036B,"FLOWER GLASS GARLAND NECKL.36""GREEN",Neutral,0.8484
90036A,FLOWER GARLAND NECKLACE RED,Neutral,0.8135
21476,STEEL SWEETHEART ROUND TABLE CREAM,Neutral,0.7343
84247N,PACK/12 BLUE FOLKART CARDS,Neutral,0.8421
40003,WHITE BAMBOO RIBS LAMPSHADE,Neutral,0.8006
35970,ZINC FOLKART SLEIGH BELLS,Neutral,0.8616
21478,SILVER SKULL HOT WATER BOTTLE ,Neutral,0.7646
84966B,BLUE KASHMIRI BOXED MIRROR,Neutral,0.8698
84966A,PINK KASHMIRI BOXED MIRROR,Neutral,0.8733
37330,SPOTS MUG,Neutral,0.5383
47469,ASSORTED SHAPES PHOTO CLIP SILVER ,Neutral,0.774
84800L,LARGE WHITE/PINK ROSE ART FLOWER,Neutral,0.8636
84804A,CREAM DELPHINIUM ARTIFICIAL FLOWER,Neutral,0.8416
21002,ROSE DU SUD DRAWSTRING BAG,Neutral,0.7943
85092,CANDY SPOT TEA COSY,Neutral,0.6776
PADS,PADS TO MATCH ALL CUSHIONS,Neutral,0.8065
20798,CLEAR MILKSHAKE GLASS,Neutral,0.737
16161G,WRAP BAD HAIR DAY,Negative,0.7584
85024B,EAU DE NILE JEWELLED PHOTOFRAME,Neutral,0.81
21793,CLASSIC FRENCH STYLE BASKET BROWN,Neutral,0.8378
21792,CLASSIC FRENCH STYLE BASKET GREEN ,Neutral,0.7725
21088,SET/6 FRUIT SALAD PAPER CUPS,Neutral,0.8742
20800,LARGE GLASS SUNDAE DISH CLEAR,Neutral,0.7763
84567,FROSTED GLASS WITH SILVER SURROUND,Neutral,0.8328
47471,RAINBOW PEGS PHOTO CLIP STRING,Neutral,0.8323
22257,FELT FARM ANIMAL SHEEP,Neutral,0.672
79301,FEATHER HEART LIGHTS,Positive,0.6705
84630,FLOWERS AND BIRDS WALL PLAQUE,Neutral,0.7719
84661C,PINK SQUARE TABLE CLOCK,Neutral,0.7998
21759,METAL WALL SHELF UNIT WITH HOOKS,Neutral,0.8574
47567,ENGLISH ROSE DESIGN KITCHEN APRON,Neutral,0.8789
90032,IVORY SHELL HEART NECKLACE,Negative,0.5738
17014F,ORIGAMI SANDLEWOOD INCENSE CONES,Neutral,0.81
84799,SPRIG LAVENDER ARTIFICIAL FLOWER,Neutral,0.8624
85187,S/12 MINI RABBIT EASTER,Neutral,0.8813
20890,SMALL GLASS ROSE SCENTED CANDLE,Neutral,0.7614
20891,LARGE GLASS ROSE SCENTED CANDLE ,Neutral,0.7658
37351,ORANGE FLOWER MUG ,Neutral,0.6837
21474,SWEETHEART CREAM STEEL FOLDIN BENCH,Neutral,0.6394
85130B,BEADED CRYSTAL HEART GREEN LARGE,Neutral,0.7734
16044,POP-ART FLUORESCENT PENS,Neutral,0.8629
16254,TRANSPARENT ACRYLIC TAPE DISPENSER,Neutral,0.744
35921,EASTER BUNNY HANGING GARLAND,Neutral,0.8397
20786,BLACK RETRO BAR STOOL,Neutral,0.8435
20785,FUSCHIA RETRO BAR STOOL,Neutral,0.7555
21346,LARGE SILVER BALUSTRADE CANDLESTICK,Neutral,0.8389
85032B,BLOSSOM IMAGES GIFT WRAP SET,Neutral,0.8614
17021,NAMASTE SWAGAT INCENSE,Neutral,0.7469
22380,TOY TIDY SPACEBOY  ,Neutral,0.7449
22383,LUNCHBAG SUKI  DESIGN ,Neutral,0.8218
22382,LUNCHBAG SPACEBOY DESIGN ,Neutral,0.8317
44236,PINK/PURPLE CIRCLE CURTAIN,Neutral,0.7885
15058A,BLUE WHITE SPOTS GARDEN PARASOL,Neutral,0.8359
15058C,ICE CREAM DESIGN GARDEN PARASOL,Neutral,0.8279
15058B,PINK WHITE SPOTS GARDEN PARASOL,Neutral,0.8514
90128A,PINK LEAVES AND BEADS PHONE CHARM,Neutral,0.844
90162D,ANT SILVER PURPLE BOUDICCA RING,Neutral,0.8616
90162A,ANT SILVER TURQUOISE BOUDICCA RING,Neutral,0.8553
90128B,BLUE LEAVES AND BEADS PHONE CHARM,Neutral,0.7915
21623,VINTAGE UNION JACK MEMOBOARD,Neutral,0.8639
22381,TOY TIDY PINK RETROSPOT  ,Neutral,0.7628
84231,EASTER BUNNY WITH BASKET ON BACK,Neutral,0.7705
84457,SET/3 RABBITS FLOWER SKIPPPING ROPE,Neutral,0.8827
22259,FELT FARM ANIMAL HEN,Neutral,0.693
84509E,CAROUSEL PLACEMATS ,Neutral,0.6507
84531A,PINK KNITTED EGG COSY,Neutral,0.7868
84806A,PINK CANDYSTUFT ARTIFICIAL FLOWER,Neutral,0.7671
47481,50CM METAL STRING WITH  7 CLIPS,Neutral,0.8629
22384,LUNCHBAG PINK RETROSPOT,Neutral,0.8469
22069,BROWN  PIRATE TREASURE CHEST ,Neutral,0.7894
85170B,SET/6 BLACK BIRD T-LIGHT CANDLES,Neutral,0.8611
90005A,JADE GREEN ENAMEL HAIR COMB,Neutral,0.8627
22068,BLACK PIRATE TREASURE CHEST,Neutral,0.8512
22379,RECYCLING BAG RETROSPOT ,Neutral,0.7558
35638A,PINK AND BLACK STRING CURTAIN,Neutral,0.7731
84865,NEW BAROQUE BLACK PHOTO ALBUM,Neutral,0.8831
20779,PINK EAR MUFF HEADPHONES,Neutral,0.799
22378,WALL TIDY RETROSPOT ,Neutral,0.7845
44241C,BLUE BUTTERFLY ON SPRING,Neutral,0.7325
21923,RED/CREAM STRIPE FRINGE HAMMOCK,Neutral,0.8245
37491B,BLUE/YELLOW CERAMIC CANDLE HOLDER,Neutral,0.849
21394,RED SPOTTY BEAKER ,Neutral,0.6647
79303A,WHITE ROHMBIC BLOCK TABLE LAMP,Neutral,0.7993
21129,SILVER FISHING GNOME ,Neutral,0.6962
22377,BOTTLE BAG RETROSPOT ,Neutral,0.7541
84868A,PINK BABY GIRL'S MEMORY BOX,Neutral,0.7525
84868B,BLUE BABY BOY'S MEMORY BOX,Neutral,0.729
ADJUST,Adjustment by john on 26/01/2010 16,Neutral,0.9226
48173A,DOOR MAT BLUE FLOCK,Neutral,0.6995
ADJUST,Adjustment by john on 26/01/2010 17,Neutral,0.9215
20801,LARGE PINK GLASS SUNDAE DISH,Neutral,0.8477
84809B,PINK CHRYSANTHEMUMS ART FLOWER,Neutral,0.7838
84809A,WHITE CHRYSANTHEMUMS ART FLOWER,Neutral,0.8444
35822B,"ACRYLIC BEAD CHAIN, BLUE",Neutral,0.7713
35822P,"ACRYLIC BEAD CHAIN, PINK",Neutral,0.8083
21794,CLASSIC FRENCH STYLE BASKET NATURAL,Neutral,0.84
78033,FLAG OF ST GEORGE CHAIR,Neutral,0.8574
35920,FOUR RABBIT EASTER DECORATIONS,Neutral,0.8615
84447,6 RABBIT CHAIN EASTER,Neutral,0.8593
21455,PAINTED YELLOW WOODEN DAISY,Neutral,0.8001
84881,BLUE WIRE SPIRAL CANDLE HOLDER,Neutral,0.8411
21459,YELLOW EASTER EGG HUNT START POST,Neutral,0.8523
71495B,CD WALL TIDY RED FLOWERS,Neutral,0.8305
35916A,YELLOW FELT HANGING HEART W FLOWER,Neutral,0.7794
90124A,PINK MURANO TWIST NECKLACE,Neutral,0.8222
90024A,NEW BAROQUE B'FLY NECKLACE BLACK,Neutral,0.8618
90199B,5 STRAND GLASS NECKLACE AMETHYST,Neutral,0.795
84931B,BLUE SCOTTIE DOG W FLOWER PATTERN,Neutral,0.8349
90122A,PINK CRYSTAL+GLASS BRACELET,Neutral,0.7834
90122C,TURQUOISE CRYSTAL+GLASS BRACELET,Neutral,0.8462
84800M,MEDIUM WHITE/PINK ROSE ART FLOWER,Neutral,0.8767
85131C,BEADED CRYSTAL HEART BLUE ON STICK,Neutral,0.7652
90208,PAIR OF ENAMEL FLOWER CLUSTER SLIDE,Neutral,0.8019
90209B,GREEN ENAMEL+GLASS HAIR COMB,Neutral,0.8328
21461,BLUE EASTER EGG HUNT START POST,Neutral,0.8502
21460,GREEN EASTER EGG HUNT START POST,Neutral,0.835
21169,YOU'RE CONFUSING ME METAL SIGN ,Negative,0.9302
21907,I'M ON HOLIDAY METAL SIGN,Neutral,0.8419
22386,JUMBO BAG PINK WITH WHITE SPOTS,Neutral,0.8678
90160B,RED BOUDICCA LARGE BRACELET,Neutral,0.7467
22385,JUMBO BAG SPACEBOY DESIGN,Neutral,0.866
22496,SET OF 2 ROUND TINS DUTCH CHEESE,Neutral,0.8485
22495,SET OF 2 ROUND TINS CAMEMBERT ,Neutral,0.8532
22413,METAL SIGN TAKE IT OR LEAVE IT ,Neutral,0.7736
22411,JUMBO SHOPPER VINTAGE RED PAISLEY,Neutral,0.8475
22494,EMERGENCY FIRST AID TIN ,Neutral,0.8053
22412,METAL SIGN NEIGHBOURHOOD WITCH ,Neutral,0.7987
21181,PLEASE ONE PERSON METAL SIGN,Neutral,0.7758
46000R,POLYESTER FILLER PAD 45x30cm,Neutral,0.8588
84219,BOX/12 MOTHER & CHICK IN BASKET/BOW,Neutral,0.8507
84461,12 PINK HEN+CHICKS IN BASKET,Neutral,0.8518
85204,HANGING WOOD AND FELT FLOWER,Neutral,0.8401
21763,VINTAGE WOODEN BAR STOOL,Neutral,0.7849
22500,SET OF 2 TINS JARDIN DE PROVENCE,Neutral,0.8398
22497,SET OF 2 TINS VINTAGE BATHROOM ,Neutral,0.8387
90198B,VINTAGE ROSE BEAD BRACELET BLACK,Neutral,0.7951
85039C,S/4 BLACK MINI ROSE CANDLE IN BOWL,Neutral,0.8986
72821,CUPID SCENTED CANDLE IN GLASS,Negative,0.8762
17013F,ORIGAMI SANDLEWOOD INCENSE IN TUBE,Neutral,0.8719
84218,BOX/12 CHICK & EGG IN BASKET,Neutral,0.8635
22417,PACK OF 60 SPACEBOY CAKE CASES,Neutral,0.8627
16206B,RED PURSE WITH PINK HEART,Neutral,0.5277
22657,HEN & 2 CHICKS IN BASKET,Neutral,0.8093
62095B,TURQOISE ICE CREAM SUNHAT,Neutral,0.8275
17174,ASSTD RASTA KEY-CHAINS,Neutral,0.7325
16052,TEATIME PUSH DOWN RUBBER,Neutral,0.7969
79071B,ENGLISH ROSE METAL WASTE BIN,Neutral,0.8815
37462E,"PET MUG, GOLDFISH",Neutral,0.6973
79140,ASS WINDPROOF MARIJUANA LIGHTERS,Neutral,0.8725
20822,SILVER WINE GOBLET,Neutral,0.7478
84927E,FLOWERS TILE HOOK,Neutral,0.7639
84228,HEN HOUSE W CHICK STANDING,Neutral,0.7643
84462,3 PINK HEN+CHICKS IN BASKET,Neutral,0.8371
84366,VENDETTA CANVAS PICTURE,Neutral,0.8214
22366,DOOR MAT AIRMAIL ,Neutral,0.7441
22365,DOOR MAT RESPECTABLE HOUSE,Neutral,0.7585
90114,SUMMER DAISIES BAG CHARM,Neutral,0.8046
90116,FRUIT SALAD BAG CHARM,Neutral,0.786
35647,VINTAGE BEAD PINK SHADE ,Neutral,0.8089
22384,LUNCH BAG PINK RETROSPOT,Neutral,0.8151
22499,WOODEN UNION JACK BUNTING,Neutral,0.7746
90197D,AMBER GLASS BRACELET HEART CHARMS,Neutral,0.7671
85205A,IVORY FELT EASTER RABBIT GARLAND,Neutral,0.783
21524,DOOR MAT SPOTTY HOME SWEET HOME,Neutral,0.5932
22383,LUNCH BAG SUKI  DESIGN ,Neutral,0.8438
22382,LUNCH BAG SPACEBOY DESIGN ,Neutral,0.8602
84555A,YELLOW VW BEETLE CERAMIC MONEY BOX,Neutral,0.8089
82605,OLD DOC RUSSEL METAL SIGN,Neutral,0.8086
21523,DOOR MAT FANCY FONT HOME SWEET HOME,Neutral,0.724
20685,DOOR MAT RED SPOT,Neutral,0.6953
48194,DOOR MAT HEARTS,Neutral,0.7539
90214V,"LETTER ""V"" BLING KEY RING",Neutral,0.8381
47504H,ENGLISH ROSE SPIRIT LEVEL ,Neutral,0.8169
84857A,SILVER MONTE CARLO HANDBAG,Neutral,0.7944
22414,DOOR MAT NEIGHBOURHOOD WITCH ,Neutral,0.707
22498,WOODEN REGATTA BUNTING,Neutral,0.6967
35644,PAIR PINK/BLACK COATHANGERS,Neutral,0.8443
84877D,BLUE ROUND COMPACT MIRROR,Neutral,0.8168
84876D,BLUE HEART COMPACT MIRROR,Neutral,0.7818
84859B,BLUE DISCO HANDBAG,Neutral,0.754
79303B,BLUE STAR BLOCK TABLE LAMP,Neutral,0.8195
17084A,TRANQUILITY MASALA INCENSE,Neutral,0.7198
44089A,PINK GAUZE BUTTERFLY LAMPSHADE,Neutral,0.8156
44089C,LILAC GAUZE BUTTERFLY LAMPSHADE,Neutral,0.799
17027A,INCENSE BAZAAR CANNABIS,Neutral,0.7243
84923,PINK BUTTERFLY HANDBAG W BOBBLES,Neutral,0.755
47586A,PINK FAIRY CAKE CUSHION COVER,Neutral,0.7006
20816,GOLD FLOWER CUSHION COVER ,Neutral,0.8084
84249A,"GREETING CARD,SQUARE, DOUGHNUTS",Neutral,0.7111
84803B,WHITE ALLIUM  ARTIFICIAL FLOWER,Neutral,0.8396
16053,POPART COL BALLPOINT PEN ASST,Neutral,0.8109
84465,15 PINK FLUFFY CHICKS IN BOX,Neutral,0.8001
84927A,WAKE UP COCKEREL TILE HOOK,Neutral,0.6602
17012C,ORIGAMI LAVENDER INCENSE/CANDL SET ,Neutral,0.8367
84723,CHERRY BLOSSOM CANVAS ART PICTURE,Neutral,0.8336
84908A,PINK 5 PATCH FLOWER CUSHION COVER ,Neutral,0.7851
72751C,"F.FAIRY S/3 SML CANDLE, ROSE",Neutral,0.8524
22416,36 DOILIES SPACEBOY DESIGN ,Neutral,0.8491
85192S,HANGING SPRING FLOWER HEART SMALL,Neutral,0.5837
79157B,UBO-LIGHT TRIOBASE BLUE,Neutral,0.7347
82072,WHITE WOOD SINGLE P/FRAME,Neutral,0.8073
84820,DANISH ROSE TRINKET TRAYS,Neutral,0.8557
84817,DANISH ROSE DECORATIVE PLATE,Neutral,0.8493
84192,ASSORTED COLOUR METAL CAT ,Neutral,0.745
84706F,RED PEONY TABLE CLOCK,Neutral,0.7139
84864A,PINK PAISLEY PHOTO ALBUM,Neutral,0.858
84715,SET OF 6 ICE CREAM SKITTLES,Neutral,0.8601
84030B,KNITTED POM POM HOT WATER BOTTLE,Neutral,0.7679
84311,CAMOFLAGE CUSHION COVER,Neutral,0.8426
71495A,CD WALL TIDY BLUE OFFICE,Neutral,0.8153
79331,PINK FLOCK GLASS CANDLEHOLDER,Neutral,0.8364
90202C,GREEN ENAMEL FLOWER HAIR TIE,Neutral,0.806
90198A,VINTAGE ROSE BEAD BRACELET RASPBERR,Neutral,0.7903
90170,DAISY HAIR BAND,Neutral,0.7588
90082C,DIAMANTE BOW BROOCH WHITE COLOUR,Neutral,0.8106
90202D,PINK ENAMEL FLOWER HAIR TIE,Neutral,0.8375
90202A,PURPLE ENAMEL FLOWER HAIR TIE,Neutral,0.8332
82011E,"BATHROOM SCALES, FAG BREAK",Neutral,0.7524
82011A,"BATHROOM SCALES, TROPICAL BEACH",Neutral,0.8046
22372,AIRLINE BAG VINTAGE WORLD CHAMPION ,Positive,0.5002
84816,DANISH ROSE BEDSIDE CABINET,Neutral,0.8529
90157,RIVIERA NECKLACE,Neutral,0.7166
84637,KITCHEN FLOWER POTS WALL PLAQUE,Neutral,0.7605
84638,SMALL KITCHEN FLOWER POTS PLAQUE,Neutral,0.7431
62094B,TURQ ICE CREAM BUM BAG ,Neutral,0.6291
37489B,BLUE/YELLOW FLOWER DESIGN BIG MUG,Neutral,0.7766
22371,AIRLINE BAG VINTAGE TOKYO 78,Neutral,0.9275
20838,FRENCH LATTICE CUSHION COVER ,Neutral,0.8176
22374,AIRLINE BAG VINTAGE JET SET RED,Neutral,0.8484
21955,DOOR MAT UNION JACK GUNS AND ROSES,Neutral,0.712
22376,AIRLINE BAG VINTAGE JET SET WHITE,Neutral,0.8434
22375,AIRLINE BAG VINTAGE JET SET BROWN,Neutral,0.8247
47563B,WAVELINE SURF IRONING BOARD COVER,Neutral,0.8615
84529B,BLUE KNITTED KID'S RUCKSACK,Neutral,0.6437
46137D,GREEN CHENILLE SHAGGY RUG,Neutral,0.755
84760S,SMALL HANGING GLASS+ZINC LANTERN,Neutral,0.8884
44217M,MULTICOLOUR FEATHERS CURTAIN,Neutral,0.7908
47421,ASSORTED COLOUR LIZARD SUCTION HOOK,Neutral,0.844
46307,ROSES BLUE BASE CUSHION COVER ,Neutral,0.7949
85094,CANDY SPOT EGG WARMER RABBIT,Neutral,0.7405
84510E,SET OF 4 GREEN CAROUSEL COASTERS,Neutral,0.8447
90189B,GOLD 2 STRAND NECKLACE-LEAF CHARMS,Neutral,0.805
90149,SILVER FLOWR PINK SHELL NECKLACE,Neutral,0.8626
90003E,GREEN PAIR HEART HAIR SLIDES,Neutral,0.7926
90078,PINK/WHITE GLASS DEMI CHOKER,Neutral,0.8109
90025D,BAROQUE BUTTERFLY EARRINGS PINK,Neutral,0.8479
90171,DAISY RING,Neutral,0.679
90189A,SILVER 2 STRAND NECKLACE-LEAF CHARM,Neutral,0.8374
21087,SET/6 POSIES PAPER CUPS,Neutral,0.7845
84509A,SET OF 4 ENGLISH ROSE PLACEMATS,Neutral,0.9033
72715,SPHERICAL IVORY CANDLE ,Neutral,0.7895
84609,TALL ROCOCO CANDLE HOLDER,Neutral,0.8233
37491D,PURPLE/BLUE CERAMIC CANDLE HOLDER,Neutral,0.8517
37491A,YELLOW/PINK CERAMIC CANDLE HOLDER,Neutral,0.8423
84292,ROSE PINK METAL FOLDING CHAIR,Neutral,0.8179
84614A,PINK BAROQUE FLOCK CANDLE HOLDER,Neutral,0.8276
84227,HEN HOUSE W CHICK IN NEST,Neutral,0.7329
84509F,SET OF 4 NEW ENGLAND PLACEMATS,Neutral,0.9133
75178,ASSTD COL BUTTERFLY/CRYSTAL W/CHIME,Neutral,0.8062
35816B,"ACRYLIC JEWEL ANGEL,BLUE",Neutral,0.6382
35816P,"ACRYLIC JEWEL ANGEL,PINK",Neutral,0.6951
84711B,PINK OVAL SHAPE TRINKET BOX,Neutral,0.8421
90166,PINK & WHITE ROSEBUD RING,Neutral,0.7635
37342,SPOTTY COFFEE CUP & SAUCER,Neutral,0.7563
84509B,SET OF 4 FAIRY CAKE PLACEMATS,Neutral,0.8225
79315W,FLYING SAUCER TABLE LIGHT IN WHITE,Neutral,0.7623
22432,WATERING CAN PINK BUNNY,Neutral,0.7298
90206C,CRYSTAL DIAMANTE STAR BROOCH,Neutral,0.8081
90199A,5 STRAND GLASS NECKLACE BLACK,Neutral,0.7635
90039B,FIRE POLISHED GLASS BRACELET MONTAN,Neutral,0.7946
90039A,FIRE POLISHED GLASS BRACELET RED,Neutral,0.7685
18094C,WHITE AND BLUE CERAMIC OIL BURNER,Neutral,0.7835
90039D,FIRE POLISHED GLASS BRACELET GREEN,Neutral,0.7876
85227,SET OF 6 3D KIT CARDS FOR KIDS,Neutral,0.8761
22433,WATERING CAN GREEN DINOSAUR,Neutral,0.8206
84800S,SMALL WHITE/PINK ROSE ART FLOWER,Neutral,0.8404
90127B,BLUE BEADS+HAND PHONE CHARM,Neutral,0.8129
21750,LARGE SKULL WINDMILL,Neutral,0.7355
35823P,"ACRYLIC BEAD GARLAND,PINK",Neutral,0.8033
84575A,PINK DOG CANNISTER,Neutral,0.7989
90178B,PURPLE CHUNKY GLASS+BEAD NECKLACE,Neutral,0.7948
22431,WATERING CAN BLUE ELEPHANT,Neutral,0.7132
84762B,PINK PICNIC BARBECUE BUCKET,Neutral,0.8007
84629,WHITE 3 FRAME BIRDS AND TREE ,Neutral,0.8282
84962,SET/3 COLOUR PAINTED KASHMIRI STOOL,Neutral,0.8566
84964B,BLUE PAINTED KASHMIRI TABLE ,Neutral,0.8405
84964A,PINK PAINTED KASHMIRI TABLE,Neutral,0.8532
84965B,BLUE KASHMIRI COFFEE TABLE ,Neutral,0.8126
84965A,PINK KASHMIRI COFFEE TABLE ,Neutral,0.7976
84951A,SET OF 4 PISTACHIO LOVEBIRD COASTER,Neutral,0.7664
84613A,PINK NEW BAROQUE FLOCK CANDLESTICK,Neutral,0.8297
37488A,YELLOW PINK FLOWER DESIGN BIG BOWL,Neutral,0.7055
35909A,RABBIT EASTER DECORATION,Neutral,0.802
21387,IVORY HANGING DECORATION  RABBIT,Neutral,0.8208
84751B,BLACK MEDIUM GLASS CAKE STAND,Neutral,0.8905
47422,ASSORTED MONKEY SUCTION CUP HOOK,Neutral,0.5975
22609,PENS ASSORTED SPACEBALL,Neutral,0.7564
16218,CARTOON  PENCIL SHARPENERS,Neutral,0.8171
72083A,STRAWBERY SWIRL FLARE CANDLE,Neutral,0.8202
22197,SMALL POPCORN HOLDER,Neutral,0.7941
81953P,ROUND ARTICULATED PINK CLOCK W/SUCK,Negative,0.9313
84918,CREAM CUSHION COVER WITH FLOWERS,Neutral,0.8034
22610,PENS ASSORTED FUNNY FACE,Positive,0.5468
22433,WATERING CAN PINK BUNNY,Neutral,0.7298
22432,WATERING CAN GREEN DINOSAUR,Neutral,0.8206
22198,LARGE POPCORN HOLDER ,Neutral,0.7771
84951B,SET OF 4 BLACK LOVEBIRD COASTERS,Neutral,0.8725
37479B,CUBIC MUG FLOCK BLUE ON BROWN,Neutral,0.8359
22608,PENS ASSORTED FUNKY JEWELED ,Neutral,0.6061
21760,FRENCH STYLE WALL DRESSER,Neutral,0.8289
21215,IVORY PAPER CUP CAKE CASES ,Neutral,0.8028
85103,SILVER T-LIGHT SETTING,Neutral,0.8254
22150,3 STRIPEY MICE FELTCRAFT,Neutral,0.769
79323W,WHITE CHERRY LIGHTS,Neutral,0.7044
40001,WHITE BAMBOO RIBS LAMPSHADE,Neutral,0.8006
84226,HEN HOUSE W FAMILY IN BARN & NEST,Neutral,0.85
84770,ROUND GEORGIAN SILVER MIRROR,Neutral,0.8817
90163A,PINK ROSEBUD & PEARL NECKLACE,Neutral,0.7798
20750,RED/WHITE DOT MINI CASES,Neutral,0.8288
84279P,CHERRY BLOSSOM  DECORATIVE FLASK,Neutral,0.7606
84984B,RED PEONY CUSHION COVER ,Neutral,0.7579
84984C,ORIENTAL BLUE CUSHION COVER ,Neutral,0.784
84984D,ORIENTAL RED CUSHION COVER ,Neutral,0.7903
71496A,A4 WALL TIDY BLUE OFFICE,Neutral,0.8119
84877B,GREEN ROUND COMPACT MIRROR,Neutral,0.8342
84546,CROCHET POODLE KEYRING,Neutral,0.7248
62086A,PINK RETRO BIG FLOWER BAG,Neutral,0.6563
90162C,ANT SILVER FUSCHIA BOUDICCA RING,Neutral,0.8478
90162B,ANT SILVER LIME GREEN BOUDICCA RING,Neutral,0.8606
72750A,FLOWER FAIRY SET OF 3 LILY CANDLES,Neutral,0.8303
22119,PEACE WOODEN BLOCK LETTERS,Neutral,0.7106
84660A,WHITE STITCHED WALL CLOCK,Neutral,0.7721
72051S,BAG OF SILVER STONES,Neutral,0.7767
84805A,CREAM CLIMBING HYDRANGA ART FLOWER,Neutral,0.8282
84905,PINK BUTTERFLY CUSHION COVER ,Neutral,0.716
85070,ANT WHITE SWEETHEART TABLE W 3 DRAW,Neutral,0.8768
84509G,SET OF 4 FAIRY CAKE PLACEMATS ,Neutral,0.814
84679,CLASSICAL ROSE TABLE LAMP,Neutral,0.8109
84907,PINK YELLOW PATCH CUSHION COVER,Neutral,0.8082
84908B,BLUE 5 PATCH FLOWER CUSHION COVER,Neutral,0.8625
84919,BLUE CUSHION COVER WITH FLOWER,Neutral,0.7696
16054,POPART RECT PENCIL SHARPENER ASST,Neutral,0.8427
20836,FRENCH PAISLEY CUSHION COVER,Neutral,0.8538
21003,ROSE DU SUD CUSHION COVER,Neutral,0.8115
22489,PACK OF 12 TRADITIONAL CRAYONS,Neutral,0.8713
90027C,GLASS BEAD HOOP EARRINGS GREEN,Neutral,0.766
90070,RUBY GLASS CLUSTER BRACELET,Neutral,0.7801
90086,CRYSTAL FROG PHONE CHARM,Neutral,0.7767
84205C,HAPPY BIRTHDAY GINGER CAT CARD,Positive,0.9848
84726,LILLIES CANVAS PICTURE,Neutral,0.8178
84720,DOT MATRIX CANVAS ART PICTURE,Neutral,0.8863
17012F,ORIGAMI SANDLEWOOD INCENSE/CAND SET,Neutral,0.8283
17012B,ORIGAMI JASMINE INCENSE/CANDLE SET,Neutral,0.8459
17012A,ORIGAMI VANILLA INCENSE/CANDLE SET ,Neutral,0.838
84924F,PSYCHEDELIC METAL SIGN CALENDAR,Neutral,0.8151
84926A,WAKE UP COCKEREL TILE COASTER,Neutral,0.7114
77079,DOLPHIN WINDMILL,Neutral,0.7965
84596I,WRAP SWEETS LIGHT PINK SMALL BOWL,Neutral,0.7338
21197,MULTICOLOUR  CONFETTI IN TUBE,Neutral,0.844
16045,POPART WOODEN PENCILS ASST,Neutral,0.8439
84858A,NATURAL RIVIERA HANDBAG,Neutral,0.8137
21185,HOME SWEET HOME  BLACKBOARD,Positive,0.5185
35950,FOLKART HEART CHRISTMAS DECORATIONS,Neutral,0.73
20835,FRENCH LATTICE CUSHION COVER ,Neutral,0.8176
37379B,BLUE CHERRY BLOSSOM CUP & SAUCER,Neutral,0.7932
20821,GOLDIE LOOKING MIRROR,Neutral,0.7953
22457,NATURAL SLATE HEART CHALKBOARD ,Neutral,0.7853
22456,NATURAL SLATE CHALKBOARD LARGE ,Neutral,0.7616
22483,RED GINGHAM TEDDY BEAR ,Neutral,0.7621
22458,CAST IRON HOOK GARDEN FORK,Neutral,0.8768
22459,CAST IRON HOOK GARDEN TROWEL,Neutral,0.8794
22467,GUMBALL COAT RACK,Neutral,0.75
22465,HANGING METAL STAR LANTERN,Neutral,0.8851
22464,HANGING METAL HEART LANTERN,Neutral,0.8289
84796A,PINK HAWAIIAN PICNIC HAMPER FOR 2,Neutral,0.792
84796B,BLUE SAVANNAH PICNIC HAMPER FOR 2,Neutral,0.8787
84797A,PINK HAWAIIAN PICNIC HAMPER FOR 4,Neutral,0.7982
84797B,BLUE SAVANNAH PICNIC HAMPER FOR 4,Neutral,0.8812
84873A,FUNKY FLOWER PICNIC BAG FOR 4,Neutral,0.7773
84872A,TEATIME FUNKY FLOWER BACKPACK FOR 2,Neutral,0.7992
22478,BIRDHOUSE GARDEN MARKER ,Neutral,0.7701
22477,WATERING CAN GARDEN MARKER,Neutral,0.8443
22480,RED TEA TOWEL CLASSIC DESIGN,Neutral,0.8393
22482,BLUE TEA TOWEL CLASSIC DESIGN,Neutral,0.85
22488,NATURAL SLATE RECTANGLE CHALKBOARD,Neutral,0.7756
22485,SET OF 2 WOODEN MARKET CRATES,Neutral,0.8424
22466,FAIRY TALE COTTAGE NIGHTLIGHT,Neutral,0.8225
21686,MEDINA STAMPED METAL STOOL,Neutral,0.829
79320,FLAMINGO LIGHTS,Neutral,0.6029
18097A,PINK TALL PORCELAIN T-LIGHT HOLDER ,Neutral,0.7818
22475,SKULL DESIGN TV DINNER TRAY,Neutral,0.8317
22479,DAISY GARDEN MARKER,Neutral,0.7542
22487,WHITE WOOD GARDEN PLANT LADDER,Neutral,0.83
22461,SAVOY ART DECO CLOCK,Neutral,0.8752
90201B,BLACK ENAMEL FLOWER RING,Neutral,0.844
90201D,GREEN ENAMEL FLOWER RING,Neutral,0.8036
22476,EMPIRE UNION JACK TV DINNER TRAY,Neutral,0.8615
16050,TEATIME PENCIL WITH RUBBER,Neutral,0.832
22481,BLACK TEA TOWEL CLASSIC DESIGN,Neutral,0.8795
90130A,WHITE STONE/CRYSTAL EARRINGS,Neutral,0.8273
90123B,TURQUOISE HEART OF GLASS BRACELET,Neutral,0.7728
90037C,TINY CRYSTAL BRACELET BLUE,Neutral,0.7296
90160C,TURQ+RED BOUDICCA LARGE BRACELET,Neutral,0.8341
90176A,CLASSIC DIAMANTE NECKLACE JET,Neutral,0.7881
90077,BLACK DIAMOND CLUSTER EARRINGS,Neutral,0.8675
90183C,BLACK DROP EARRINGS W LONG BEADS,Neutral,0.8781
90075,MONTANA DIAMOND CLUSTER NECKLACE,Neutral,0.8354
90176C,DIAMANTE NECKLACE,Neutral,0.6725
90025F,BAROQUE BUTTERFLY EARRINGS CRYSTAL,Neutral,0.8078
90025E,BAROQUE BUTTERFLY EARRINGS MONTANA,Neutral,0.8105
90025B,BAROQUE BUTTERFLY EARRINGS RED,Neutral,0.7706
90074,BLACK DIAMOND CLUSTER NECKLACE,Neutral,0.8738
90079,VINTAGE ENAMEL & CRYSTAL NECKLACE,Neutral,0.8221
47369A,PINK GREEN EMBROIDERY COSMETIC BAG,Neutral,0.8258
22474,SPACEBOY TV DINNER TRAY,Neutral,0.8626
84251B,"GREETING CARD, STICKY GORDON",Neutral,0.7496
22486,PLASMATRONIC LAMP,Neutral,0.6615
22460,EMBOSSED GLASS TEALIGHT HOLDER,Neutral,0.7778
79172D,PURPLE TINT ACRYLIC FLOWER VASE,Neutral,0.7674
22468,BABUSHKA LIGHTS STRING OF 10,Neutral,0.8702
21379,CAMPHOR WOOD PORTOBELLO MUSHROOM,Neutral,0.8278
84821,DANISH ROSE DELUXE COASTER,Neutral,0.8294
22569,FELTCRAFT CUSHION BUTTERFLY,Neutral,0.7983
22568,FELTCRAFT CUSHION OWL,Neutral,0.8273
22570,FELTCRAFT CUSHION RABBIT,Neutral,0.7328
22586,FELTCRAFT HAIRBAND PINK AND BLUE,Neutral,0.8549
22587,"FELTCRAFT HAIRBAND, S/2, RED/BLUE",Neutral,0.8817
22565,FELTCRAFT HAIRBANDS PINK + WHITE ,Neutral,0.8482
16245A,PINK MINI STATIONERY SET W CASE,Neutral,0.8668
16011,ANIMAL STICKERS,Negative,0.5085
22566,"FELTCRAFT HAIRBAND S/2, PINK/PURPLE",Neutral,0.8712
22585,PACK OF 6 BIRDY GIFT TAGS,Neutral,0.8861
22582,PACK OF 6 SWEETIE GIFT BOXES,Neutral,0.7675
22583,PACK OF 6 HANDBAG GIFT BOXES,Neutral,0.8524
22584,PACK OF 6 PANNETONE GIFT BOXES,Neutral,0.8558
22587,FELTCRAFT HAIRBAND RED AND BLUE,Neutral,0.8464
79161A,ST GEORGE SET OF 10 PARTY LIGHTS,Neutral,0.8628
22472,TV DINNER TRAY DOLLY GIRL,Neutral,0.8741
22509,SEWING BOX RETROSPOT DESIGN ,Neutral,0.8401
22505,MEMO BOARD COTTAGE DESIGN,Neutral,0.8527
71434B,"BLACK RND BULLET""KEEP CLEAN"" BIN",Neutral,0.7608
22473,TV DINNER TRAY VINTAGE PAISLEY,Neutral,0.8776
16243B,BROWN COZY SQUARE PHOTO ALBUM,Neutral,0.849
22508,DOORSTOP RETROSPOT HEART,Neutral,0.6608
22471,TV DINNER TRAY AIR HOSTESS ,Neutral,0.8634
84632,DECORATIVE HANGING SHELVING UNIT,Neutral,0.8288
84913B,MINT GREEN ROSE TOWEL,Neutral,0.7264
22507,MEMO BOARD RETROSPOT  DESIGN,Neutral,0.8605
21982,PACK OF 12 SUKI TISSUES ,Neutral,0.8396
90163B,WHITE ROSEBUD & PEARL NECKLACE,Neutral,0.7986
90130D,RED STONE/CRYSTAL EARRINGS,Neutral,0.8152
90013B,BLACK VINTAGE EARRINGS,Neutral,0.8576
22512,DOORSTOP RACING CAR DESIGN,Neutral,0.5728
84743C,ORANGE FELT VASE + FLOWERS,Neutral,0.7644
21310,CAPIZ CHANDELIER,Neutral,0.7413
84806B,WHITE CANDYSTUFT ARTIFICIAL FLOWER,Neutral,0.8638
22511,DOORSTOP RUSSIAN DOLL RETROSPOT,Neutral,0.59
22513,DOORSTOP FOOTBALL DESIGN,Neutral,0.7703
22659,LUNCHBOX I LOVE LONDON,Positive,0.9853
22631,CIRCUS PARADE LUNCHBOX ,Neutral,0.8215
22618,COOKING SET RETROSPOT,Neutral,0.8466
22617,BAKING SET SPACEBOY DESIGN,Neutral,0.8442
22566,FELTCRAFT HAIRBAND PINK AND PURPLE,Neutral,0.7894
79323S,SILVER CHERRY LIGHTS,Neutral,0.6314
22363,GLASS JAR MARMALADE ,Neutral,0.7426
22423,REGENCY CAKESTAND 3 TIER,Neutral,0.8262
84313C,ORANGE TV TRAY TABLE ,Neutral,0.7901
84613C,BLUE NEW BAROQUE FLOCK CANDLESTICK,Neutral,0.8472
21666,RIDGED GLASS T-LIGHT HOLDER,Neutral,0.7416
22510,DOORSTOP RUSSIAN DOLL GINGHAM,Neutral,0.6947
22359,GLASS JAR KINGS CHOICE,Neutral,0.7367
22360,GLASS JAR ENGLISH CONFECTIONERY,Neutral,0.7798
22361,GLASS JAR DAISY FRESH COTTON WOOL,Neutral,0.7878
22364,GLASS JAR DIGESTIVE BISCUITS,Neutral,0.755
22362,GLASS JAR PEACOCK BATH SALTS,Neutral,0.762
90037B,TINY CRYSTAL BRACELET GREEN,Neutral,0.7744
22565,FELTCRAFT HAIRBANDS PINK AND WHITE ,Neutral,0.8391
84899E,YELLOW BROWN BEAR FELT PURSE KIT,Neutral,0.7376
22450,SILK PURSE RUSSIAN DOLL BLUE,Neutral,0.8005
22449,SILK PURSE RUSSIAN DOLL PINK,Neutral,0.8856
22451,SILK PURSE RUSSIAN DOLL RED,Neutral,0.7571
22445,PENCIL CASE LIFE IS BEAUTIFUL,Positive,0.9766
85186B,BUNNY BUNCH OF FLOWERS,Neutral,0.5861
21196,ROUND WHITE CONFETTI IN TUBE,Neutral,0.8829
84984A,GREEN PEONY CUSHION COVER,Neutral,0.7879
22429,ENAMEL MEASURING JUG CREAM,Neutral,0.8416
21452,TOADSTOOL MONEY BOX,Neutral,0.7322
22446,PIN CUSHION RUSSIAN DOLL PINK,Neutral,0.8706
22448,PIN CUSHION RUSSIAN DOLL RED,Neutral,0.7486
85019B,BLOSSOM  IMAGES NOTEBOOK SET,Neutral,0.8845
37471,MULTICOLOUR DOTS PLATE,Neutral,0.8089
90026A,GLASS BEAD HOOP NECKLACE BLACK,Neutral,0.7439
16008,SMALL FOLDING SCISSOR(POINTED EDGE),Neutral,0.8127
10124A,SPOTS ON RED BOOKCOVER TAPE,Neutral,0.7616
72140E,BEST DAD CANDLE LETTERS,Neutral,0.724
90027A,GLASS BEAD HOOP EARRINGS BLACK,Neutral,0.7959
90071,RUBY GLASS CLUSTER EARRINGS,Neutral,0.7524
90187A,BLUE DROP EARRINGS W BEAD CLUSTER,Neutral,0.8314
90187B,GREEN DROP EARRINGS W BEAD CLUSTER,Neutral,0.8276
90011E,AMBER CRYSTAL DROP EARRINGS,Neutral,0.7854
22454,MEASURING TAPE RUSSIAN DOLL RED,Neutral,0.6023
22453,MEASURING TAPE RUSSIAN DOLL BLUE,Neutral,0.7751
22452,MEASURING TAPE RUSSIAN DOLL PINK,Neutral,0.8145
84450B,PINK/YELLOW RABBIT SAT EASTER,Neutral,0.8036
37509,NEW ENGLAND MUG W GIFT BOX,Neutral,0.8821
35824P,"HANGING FLOWERS+MIRROR,PINK",Neutral,0.7591
90211A,DIAMOND LAS VEGAS NECKLACE 45CM,Neutral,0.8641
22447,PIN CUSHION RUSSIAN DOLL BLUE,Neutral,0.8328
22441,GROW YOUR OWN BASIL IN ENAMEL MUG,Neutral,0.7379
22444,GROW YOUR OWN PLANT IN A CAN ,Neutral,0.6692
22443,GROW YOUR OWN HERBS SET OF 3,Neutral,0.805
22442,GROW YOUR OWN FLOWERS SET OF 3,Neutral,0.7896
90191,SILVER LARIAT 40CM,Neutral,0.7705
90019B,GOLD M.O.P ORBIT BRACELET,Neutral,0.8433
21131,GOLD STANDING GNOME,Neutral,0.7996
21132,SILVER STANDING GNOME   ,Neutral,0.7733
22564,ALPHABET STENCIL CRAFT,Neutral,0.8246
22563,HAPPY STENCIL CRAFT,Positive,0.9507
22562,MONSTERS STENCIL CRAFT,Neutral,0.8476
22561,WOODEN SCHOOL COLOURING SET,Neutral,0.8666
46138D,GREEN CHENILLE SHAGGY C/COVER,Neutral,0.8068
22555,PLASTERS IN TIN STRONGMAN,Neutral,0.812
22556,PLASTERS IN TIN CIRCUS PARADE ,Neutral,0.8227
22560,TRADITIONAL MODELLING CLAY,Neutral,0.8047
22551,PLASTERS IN TIN SPACEBOY,Neutral,0.8119
22554,PLASTERS IN TIN WOODLAND ANIMALS,Neutral,0.8771
44242A,LILAC FEATHERS CURTAIN,Neutral,0.7726
22557,PLASTERS IN TIN VINTAGE PAISLEY ,Neutral,0.8159
22553,PLASTERS IN TIN SKULLS,Neutral,0.769
22549,PICTURE DOMINOES,Neutral,0.7783
22550,HOLIDAY FUN LUDO,Positive,0.8521
22535,MAGIC DRAWING SLATE BUNNIES ,Neutral,0.6368
22359,"GLASS JAR, KINGS CHOICE SOAP",Neutral,0.8509
22518,CHILDS GARDEN BRUSH BLUE,Neutral,0.7481
21878,PACK OF 6 SANDCASTLE FLAGS ASSORTED,Neutral,0.8451
22522,CHILDS GARDEN FORK BLUE ,Neutral,0.7088
22520,CHILDS GARDEN TROWEL BLUE ,Neutral,0.733
22523,CHILDS GARDEN FORK PINK,Neutral,0.8565
22521,CHILDS GARDEN TROWEL PINK,Neutral,0.8659
22524,CHILDRENS GARDEN GLOVES BLUE,Positive,0.5359
22525,CHILDRENS GARDEN GLOVES PINK,Positive,0.5698
22519,CHILDS GARDEN BRUSH PINK,Neutral,0.8608
22548,HEADS AND TAILS SPORTING FUN,Positive,0.8014
21787,RAIN PONCHO WITH RED SPOTS,Neutral,0.7848
22559,SEASIDE FRISBEE ,Neutral,0.7625
40005B,BLUE ORGANDY ROUND LAMPSHADE W BEA,Neutral,0.8612
22544,MINI JIGSAW SPACEBOY,Neutral,0.8306
20953,PORCELAIN CHERUB BELL LARGE,Neutral,0.753
22539,MINI JIGSAW DOLLY GIRL,Neutral,0.8372
22528,GARDENERS KNEELING PAD,Neutral,0.7711
22526,WHEELBARROW FOR CHILDREN ,Neutral,0.7565
22567,20 DOLLY PEGS RETROSPOT,Neutral,0.8258
22543,MINI JIGSAW BAKE A CAKE ,Neutral,0.7967
22546,MINI JIGSAW FIDO,Neutral,0.7528
22545,MINI JIGSAW BUNNIES,Neutral,0.7538
22405,MONEY BOX POCKET MONEY DESIGN,Neutral,0.7909
22409,MONEY BOX BISCUITS DESIGN,Neutral,0.7816
22408,MONEY BOX CONFECTIONERY DESIGN,Neutral,0.7938
22406,MONEY BOX KINGS CHOICE DESIGN,Neutral,0.8043
22407,MONEY BOX FIRST ADE DESIGN,Neutral,0.8446
22410,MONEY BOX HOUSEKEEPING DESIGN,Neutral,0.8137
22402,MAGNETS PACK OF 4 VINTAGE COLLAGE,Neutral,0.8777
22399,MAGNETS PACK OF 4 CHILDHOOD MEMORY,Neutral,0.8727
22396,MAGNETS PACK OF 4 RETRO PHOTO,Neutral,0.8806
22390,PAPERWEIGHT CHILDHOOD MEMORIES,Neutral,0.8489
22393,PAPERWEIGHT VINTAGE COLLAGE,Neutral,0.8313
20958,PORCELAIN HANGING BELL LARGE,Neutral,0.8399
22517,CHILDS GARDEN RAKE PINK,Neutral,0.8568
44091A,BLUE CRUSOE CHECK LAMPSHADE,Neutral,0.8685
72084B,CHOCOLATE ICE CREAM CANDLE,Neutral,0.745
85146,JARDIN ETCHED GLASS SMALL BELL JAR,Neutral,0.8306
90046,WHITE WITH METAL BAG CHARM,Neutral,0.8112
84814A,HEXAGONAL CRYSTAL PERFUME BOTTLE,Neutral,0.8376
22541,MINI JIGSAW LEAP FROG,Neutral,0.8112
22612,TEA COSY VINTAGE UNION JACK,Neutral,0.8542
22611,VINTAGE UNION JACK SHOPPING BAG,Neutral,0.8788
22516,CHILDS GARDEN RAKE BLUE,Neutral,0.7753
22515,CHILDS GARDEN SPADE PINK,Neutral,0.8385
22514,CHILDS GARDEN SPADE BLUE,Neutral,0.76
90030C,BROWN KUKUI COCONUT SEED NECKLACE,Neutral,0.7885
90030A,SPOTTED WHITE NATURAL SEED NECKLACE,Neutral,0.7961
90030B,RED KUKUI COCONUT SEED NECKLACE,Neutral,0.7817
22530,MAGIC DRAWING SLATE DOLLY GIRL ,Neutral,0.7536
22534,MAGIC DRAWING SLATE SPACEBOY ,Neutral,0.7765
22536,MAGIC DRAWING SLATE PURDEY,Neutral,0.8325
22533,MAGIC DRAWING SLATE BAKE A CAKE ,Neutral,0.627
22529,MAGIC DRAWING SLATE GO TO THE FAIR ,Neutral,0.7499
22445,PENCIL CASE GINGHAM FOREST,Neutral,0.8495
22538,MINI JIGSAW GO TO THE FAIR,Neutral,0.8377
22532,MAGIC DRAWING SLATE LEAP FROG ,Neutral,0.8047
22536,MAGIC DRAWING SLATE FIDO,Neutral,0.8705
21815,STAR  T-LIGHT HOLDER ,Neutral,0.8012
22545,MINI JIGSAW BUNNIES AT HOME,Neutral,0.8343
22540,MINI JIGSAW CIRCUS PARADE ,Neutral,0.8525
22547,MINI JIGSAW DINOSAUR ,Neutral,0.8029
22403,MAGNETS PACK OF 4 VINTAGE LABELS ,Neutral,0.8457
22537,MAGIC DRAWING SLATE DINOSAUR,Neutral,0.8561
37326,FAIRY DESIGN MUGS,Neutral,0.7833
22398,MAGNETS PACK OF 4 SWALLOWS,Neutral,0.8774
84915,HAND TOWEL PINK FLOWER AND DAISY,Neutral,0.7843
22400,MAGNETS PACK OF 4 HOME SWEET HOME,Neutral,0.6728
22389,PAPERWEIGHT SAVE THE PLANET,Neutral,0.5636
22391,PAPERWEIGHT HOME SWEET HOME,Positive,0.5063
84527,FLAMES SUNGLASSES PINK LENSES,Neutral,0.7699
21633,SUNFLOWER DECORATIVE PARASOL,Neutral,0.8176
22531,MAGIC DRAWING SLATE CIRCUS PARADE  ,Neutral,0.7709
45016,DECORATIVE NET CANOPY LEOPARD,Neutral,0.7819
21535,RED RETROSPOT SMALL MILK JUG,Neutral,0.8047
21746,SMALL RED RETROSPOT WINDMILL,Neutral,0.7768
21749,LARGE RED RETROSPOT WINDMILL,Neutral,0.8143
21531,RED RETROSPOT SUGAR JAM BOWL,Neutral,0.8045
21843,RED RETROSPOT CAKE STAND,Neutral,0.8021
22071,SMALL WHITE RETROSPOT MUG IN BOX ,Neutral,0.8462
21559,STRAWBERRY LUNCH BOX WITH CUTLERY,Neutral,0.8252
21561,DINOSAUR LUNCH BOX WITH CUTLERY,Neutral,0.8787
22352,LUNCH BOX WITH CUTLERY RETROSPOT ,Neutral,0.829
90152C,BLUE/NAT SHELL NECKLACE W PENDANT,Neutral,0.8558
90151,SILVER/NATURAL SHELL NECKLACE,Neutral,0.7871
BANK CHARGES,Bank Charges,Neutral,0.6964
21537,RED RETROSPOT PUDDING BOWL,Neutral,0.7527
21527,RED RETROSPOT TRADITIONAL TEAPOT ,Neutral,0.7799
85099B,RED RETROSPOT JUMBO BAG ,Neutral,0.7749
21539,RED RETROSPOT BUTTER DISH,Neutral,0.7484
22353,LUNCH BOX WITH CUTLERY FAIRY CAKES ,Neutral,0.688
22394,PAPERWEIGHT KINGS CHOICE ,Neutral,0.8353
21529,RED RETROSPOT TOASTRACK,Neutral,0.8303
22343,PARTY PIZZA DISH RED RETROSPOT,Neutral,0.8615
21540,DAIRY MAID BUTTER DISH,Neutral,0.7028
90037A,TINY CRYSTAL BRACELET RED,Neutral,0.7346
90169,DAISY HAIR COMB,Neutral,0.7488
35638B,PINK/BLUE STRING CURTAIN ,Neutral,0.7722
22072,RED RETROSPOT TEA CUP AND SAUCER ,Neutral,0.7752
22073,RED RETROSPOT STORAGE JAR,Neutral,0.8125
21844,RED RETROSPOT MUG,Neutral,0.7153
22436,12 COLOURED PARTY BALLOONS,Neutral,0.8551
22434,BALLOON PUMP WITH 10 BALLOONS,Neutral,0.836
22070,SMALL RED RETROSPOT MUG IN BOX ,Neutral,0.8312
22437,SET OF 9 BLACK SKULL BALLOONS,Neutral,0.8806
22439,6 ROCKET BALLOONS ,Neutral,0.7938
22536,MAGIC SLATE FIDO,Neutral,0.8226
22530,MAGIC SLATE DOLLY GIRL ,Neutral,0.6503
22435,SET OF 9 HEART SHAPED BALLOONS,Neutral,0.8807
20860,GOLD COSMETICS BAG WITH BUTTERFLY,Neutral,0.851
21936,RED RETROSPOT PICNIC BAG,Neutral,0.784
22406,TIN CAN KINGS CHOICE DESIGN,Neutral,0.8179
22345,PARTY PIZZA DISH BLUE RETROSPOT,Neutral,0.8578
22546,MINI JIGSAW PURDEY,Neutral,0.7216
90130C,GREEN STONE/CRYSTAL EARRINGS,Neutral,0.831
22606,WOODEN SKITTLES GARDEN SET,Neutral,0.8122
22607,WOODEN ROUNDERS GARDEN SET ,Neutral,0.8289
22605,WOODEN CROQUET GARDEN SET,Neutral,0.819
22555,PLASTERS IN TIN MR STRONG ,Neutral,0.5184
21922,UNION STRIPE WITH FRINGE  HAMMOCK,Neutral,0.8406
47348A,FUSCHIA VOILE POINTY SHOE DEC,Neutral,0.7439
22440,BALLOON WATER BOMB PACK OF 35,Neutral,0.8874
21925,UNION STRIPE CUSHION COVER ,Neutral,0.8505
22438,BALLOON ART MAKE YOUR OWN FLOWERS,Neutral,0.7454
21927,BLUE/CREAM STRIPE CUSHION COVER ,Neutral,0.8245
21926,RED/CREAM STRIPE CUSHION COVER ,Neutral,0.8394
20957,PORCELAIN HANGING BELL SMALL,Neutral,0.8366
22354,RETROSPOT PADDED SEAT CUSHION,Neutral,0.831
72750B,FLOWER FAIRY SET 3 CANDLES LAVENDER,Neutral,0.853
22395,PAPERWEIGHT VINTAGE PAISLEY,Neutral,0.8276
21511,VINTAGE COLLAGE  GREETING  CARD ,Neutral,0.8226
22558,CLOTHES PEGS RETROSPOT PACK 24 ,Neutral,0.8482
84875B,GREEN SQUARE COMPACT MIRROR,Neutral,0.8351
90133,TEAL/FUSCHIA COL BEAD NECKLACE,Neutral,0.7755
84927D,LA PALMIERA TILE HOOK,Neutral,0.7506
22559,SEASIDE FLYING DISC,Neutral,0.6762
72709,IVORY SCULPTED RND CANDLE ,Neutral,0.799
90135A,ORANGE/FUSCHIA STONES NECKLACE,Neutral,0.8401
22410,TIN CAN HOUSEKEEPING DESIGN,Neutral,0.813
22409,TIN CAN BISCUITS DESIGN,Neutral,0.7946
71496B,A4 WALL TIDY RED FLOWERS,Neutral,0.8585
90064B,BLACK VINTAGE  CRYSTAL EARRINGS,Neutral,0.8458
22408,TIN CAN CONFECTIONERY DESIGN,Neutral,0.7966
22344,PARTY PIZZA DISH PINK RETROSPOT,Neutral,0.8615
90095,NECKLACE+BRACELET SET PINK BLOSSOM,Neutral,0.8359
47503A,ASS FLORAL PRINT MULTI SCREWDRIVER,Neutral,0.8099
22469,HEART OF WICKER SMALL,Neutral,0.7446
22470,HEART OF WICKER LARGE,Neutral,0.6522
22346,PARTY PIZZA DISH GREEN RETROSPOT,Neutral,0.8578
22534,MAGIC SLATE SPACEBOY ,Neutral,0.6735
22531,MAGIC SLATE CIRCUS PARADE  ,Neutral,0.6243
22533,MAGIC SLATE BAKE A CAKE ,Negative,0.5258
22719,"GUMBALL COATHOOK., BLACK & WHITE ",Neutral,0.8592
90185D,CRYSTAL DIAMANTE EXPANDABLE RING,Neutral,0.7624
21530,DAIRY MAID TOASTRACK,Neutral,0.7672
84823,DANISH ROSE FOLDING CHAIR,Neutral,0.839
90123C,GREEN HEART OF GLASS BRACELET,Neutral,0.6367
78027,SEAGRASS S/2 CORNER LAUNDRY ,Neutral,0.8141
84731,3 BIRDS CANVAS SCREEN,Neutral,0.8106
84858B,BLUE RIVIERA HANDBAG,Neutral,0.7805
22535,MAGIC SLATE BUNNIES AT HOME ,Neutral,0.5692
84509C,SET OF 4 DOTTY PLACEMATS ,Neutral,0.6934
90152A,SILVER/NAT SHELL NECKLACE W PENDANT,Neutral,0.8376
90173,PAIR BUTTERFLY HAIR CLIPS,Neutral,0.8106
16169A,WRAP CHRISTMAS DECOUPAGE,Neutral,0.8626
16151A,FLOWER DES BLUE HANDBAG/ORANG HANDL,Neutral,0.8089
62043B,BLUE CHECK BAG W HANDLE 34X20CM,Neutral,0.8762
22626,BLACK KITCHEN SCALES,Neutral,0.8434
22503,CABIN BAG VINTAGE PAISLEY,Neutral,0.8184
84840,SWEETHEART CARRY-ALL BASKET,Neutral,0.7255
90001B,ANTIQUE MID BLUE FLOWER EARRINGS,Neutral,0.8035
22537,MAGIC SLATE DINOSAUR,Neutral,0.8106
22532,MAGIC SLATE LEAP FROG ,Neutral,0.7482
22529,MAGIC SLATE GO TO THE FAIR ,Neutral,0.6516
22627,MINT KITCHEN SCALES,Neutral,0.6895
22625,RED KITCHEN SCALES,Neutral,0.696
84760L,LARGE HANGING GLASS+ZINC LANTERN,Neutral,0.8817
22624,IVORY KITCHEN SCALES,Neutral,0.666
22504,CABIN BAG VINTAGE RETROSPOT,Neutral,0.8276
22491,PACK OF 12 COLOURED PENCILS,Neutral,0.8123
22492,MINI PAINT SET VINTAGE ,Neutral,0.825
22615,PACK OF 12 CIRCUS PARADE TISSUES ,Neutral,0.8648
22616,PACK OF 12 LONDON TISSUES ,Neutral,0.8707
22614,PACK OF 12 SPACEBOY TISSUES,Neutral,0.8712
22613,PACK OF 20 SPACEBOY NAPKINS,Neutral,0.8169
22421,LIPSTICK PEN FUSCHIA,Neutral,0.7573
22492,MINI PAINT SET VINTAGE  BOY+ GIRL,Neutral,0.8704
22418,10 COLOUR SPACEBOY PEN,Neutral,0.8195
22621,TRADITIONAL KNITTING NANCY,Neutral,0.8098
22623,BOX OF VINTAGE JIGSAW BLOCKS ,Neutral,0.7835
22619,SET OF 6 SOLDIER SKITTLES,Neutral,0.8613
22419,LIPSTICK PEN RED,Neutral,0.7025
22493,PAINT YOUR OWN CANVAS SET,Neutral,0.7692
22622,BOX OF VINTAGE ALPHABET BLOCKS,Neutral,0.7656
22493, PAINT YOUR OWN CANVAS SET,Neutral,0.6969
22420,LIPSTICK PEN BABY PINK,Neutral,0.6963
22422,TOOTHPASTE TUBE PEN,Neutral,0.7475
47574A,ENGLISH ROSE SCENTED HANGING FLOWER,Neutral,0.867
81953B,ROUND ARTICULATED BLUE CLOCK W/SUCK,Negative,0.9243
22620,4 TRADITIONAL SPINNING TOPS,Neutral,0.8386
90091,CRYSTAL DRAGONFLY PHONE CHARM,Neutral,0.8054
22619, SET Of 6 SOLDIER SKITTLES,Neutral,0.9169
22405,TIN CAN POCKET MONEY DESIGN,Neutral,0.7989
22719,GUMBALL MONOCHROME COAT RACK,Neutral,0.7677
84914A,PINK ROSE PICNIC RUG,Neutral,0.7792
85050,FRENCH ENAMEL SOAP DISH WITH LID,Neutral,0.8684
46115B,GREEN POP ART MAO CUSHION COVER ,Neutral,0.8542
45013,FOLDING SHOE TIDY,Neutral,0.7144
35819B,"ACRYLIC HANGING JEWEL,BLUE",Neutral,0.8269
21558,SKULL LUNCH BOX WITH CUTLERY ,Neutral,0.7903
35817P,"ACRYLIC JEWEL SNOWFLAKE,PINK",Neutral,0.7978
35818B,"ACRYLIC JEWEL ICICLE, BLUE",Neutral,0.7924
35818P,"ACRYLIC JEWEL ICICLE, PINK",Neutral,0.8379
22427,ENAMEL FLOWER JUG CREAM,Neutral,0.7812
22430,ENAMEL WATERING CAN CREAM,Neutral,0.8298
22645,CERAMIC HEART FAIRY CAKE MONEY BANK,Neutral,0.7486
22646,CERAMIC STRAWBERRY CAKE MONEY BANK,Neutral,0.8066
22650,CERAMIC PIRATE CHEST MONEY BANK,Neutral,0.7557
22647,CERAMIC LOVE HEART MONEY BANK,Positive,0.8154
22649,STRAWBERRY FAIRY CAKE TEAPOT,Neutral,0.7162
22644,CERAMIC CHERRY CAKE MONEY BANK,Neutral,0.7859
85099B,JUMBO BAG RED RETROSPOT,Neutral,0.8183
22425,ENAMEL COLLANDER CREAM,Neutral,0.7874
22424,ENAMEL BREAD BIN CREAM,Neutral,0.7619
22426,ENAMEL WASH BOWL CREAM,Neutral,0.7967
22355,CHARLOTTE BAG SUKI DESIGN,Neutral,0.8046
22356,CHARLOTTE BAG PINK WITH WHITE SPOTS,Neutral,0.8745
84757,ENCHANTED GARDEN WROUGHT IRON TABLE,Neutral,0.8815
21382,SET/4 SPRING FLOWER DECORATION,Neutral,0.8984
84086B,YELLOW/BLUE RETRO RADIO,Neutral,0.858
22428,ENAMEL FIRE BUCKET CREAM,Neutral,0.7396
22649,STRAWBERRY CAKE TEAPOT,Neutral,0.733
22425,ENAMEL COLANDER CREAM,Neutral,0.7727
10124G,ARMY CAMO BOOKCOVER TAPE,Neutral,0.8806
84963A,PINK PAINTED KASHMIRI CHAIR,Neutral,0.8596
84963B,BLUE PAINTED KASHMIRI CHAIR,Neutral,0.8556
84967C,GREEN KASHMIRI OCCASIONAL TABLE,Neutral,0.8641
85131B,BEADED CRYSTAL HEART GREEN ON STICK,Neutral,0.8267
90175C,BLUE GLASS CHUNKY CHARM BRACELET,Neutral,0.7681
22634,CHILDS BREAKFAST SET SPACEBOY ,Neutral,0.8032
22635,CHILDS BREAKFAST SET DOLLY GIRL ,Neutral,0.7992
22645,CERAMIC HEART CAKE MONEY BANK,Neutral,0.7182
22637,PIGGY BANK RETROSPOT ,Neutral,0.7952
22636,CHILDS BREAKFAST SET CIRCUS PARADE,Neutral,0.8688
17014E,ORIGAMI OPIUM INCENSE CONES,Neutral,0.7094
90160A,PURPLE BOUDICCA LARGE BRACELET,Neutral,0.7535
90025C,BAROQUE BUTTERFLY EARRINGS GREEN,Neutral,0.8031
90028,NEW BAROQUE LARGE NECKLACE BLK/WHIT,Neutral,0.8481
90001A,ANTIQUE RASPBERRY FLOWER EARRINGS,Neutral,0.7907
22501,PICNIC BASKET WICKER LARGE,Neutral,0.7805
85159B,"WHITE TEA,COFFEE,SUGAR JARS",Neutral,0.7591
22502,PICNIC BASKET WICKER SMALL,Neutral,0.8227
90049,IVORY GOLD METAL BAG CHARM,Neutral,0.7571
ADJUST,Adjustment by Peter on 24/05/2010 1,Neutral,0.9128
35265,COLOURFUL FLOWER FRUIT BOWL,Neutral,0.7497
46037A,PINK CANVAS DES CUSHION COVER ,Neutral,0.7383
84886,BLUE METAL WALL SHELF,Neutral,0.7999
22707,WRAP MONSTER FUN ,Neutral,0.5187
90123D,WHITE HEART OF GLASS BRACELET,Neutral,0.7304
22705,WRAP GREEN PEARS ,Neutral,0.7761
22704,WRAP RED APPLES ,Neutral,0.7717
22711,WRAP CIRCUS PARADE,Neutral,0.8001
22710,WRAP I LOVE LONDON ,Positive,0.9733
35240,ENAMEL BLUE RIM OVAL TRAY SET/2,Neutral,0.8461
22713,CARD I LOVE LONDON ,Positive,0.9672
22474,"TRAY FOR TV DINNER ,SPACEBOY",Neutral,0.8528
22418,"PEN, 10 COLOURS - SPACEBOY",Neutral,0.8585
22472,"TRAY FOR TV DINNER , DOLLY GIRL",Neutral,0.8466
90018A,SILVER M.O.P ORBIT DROP EARRINGS,Neutral,0.8506
90018C,SILVER BLACK ORBIT DROP EARRINGS,Neutral,0.8592
22712,CARD DOLLY GIRL ,Neutral,0.733
22714,CARD BIRTHDAY COWBOY,Neutral,0.6701
21495,SKULLS AND CROSSBONES WRAP,Neutral,0.7733
17011B,ORIGAMI JASMINE INCENSE+FLOWER ,Neutral,0.8292
84891B,GREEN WIRE GOBLET CANDLEHOLDER,Neutral,0.8257
22716,CARD CIRCUS PARADE,Neutral,0.7388
22715,CARD WEDDING DAY,Neutral,0.7616
22718,CARD CAT AND TREE ,Neutral,0.7515
22706,WRAP COWBOYS  ,Neutral,0.7776
22708,WRAP DOLLY GIRL,Neutral,0.6908
22709,WRAP WEDDING DAY,Neutral,0.8024
22717,CARD DOG AND BALL ,Neutral,0.7494
22864,MUG AND COASTER SET RED CIRCLES,Neutral,0.8294
79308B,MOSAIC CANDLE DISH BLUE PURPLE,Neutral,0.8061
35650,VINTAGE BEAD PINK JEWEL STAND,Neutral,0.8718
90081C,LILY BROOCH OLIVE COLOUR,Neutral,0.8086
37481,CUBIC MUG TEATIME CAKES,Neutral,0.7751
90158,ST TROPEZ NECKLACE,Neutral,0.8001
90214W,"LETTER ""W"" BLING KEY RING",Neutral,0.826
90154,LAZER CUT NECKLACE W PASTEL BEADS,Neutral,0.8335
90024F,NEW BAROQUE B'FLY NECKLACE CRYSTAL,Neutral,0.8289
90026D,GLASS BEAD HOOP NECKLACE AMETHYST,Neutral,0.776
90036F,"FLOWER GLASS GARLD NECKL36""TURQUOIS",Neutral,0.8195
79532,MOSAIC GLASS BALL CANDLEHOLDER,Neutral,0.8377
71050,SMALL SINGLE FLAME CANDLE HOLDER,Neutral,0.8326
90201C,RED ENAMEL FLOWER RING,Neutral,0.7818
84424A,FOUR PICTURE WHITE GLASS FRAME,Neutral,0.6944
85115B,S/4 BLACK DISCO PARTITION PANEL,Neutral,0.8851
72812,LARGE ZINC GLASS CANDLEHOLDER,Neutral,0.8434
84709A,SILVER OVAL JEWELLED MIRROR,Neutral,0.8238
90164A,PINK ROSEBUD PEARL BRACELET,Neutral,0.7114
37479P,CUBIC MUG FLOCK PINK ON BROWN,Neutral,0.8699
90038A,GLASS AND PAINTED BEADS BRACELET TO,Neutral,0.8067
90038C,GLASS AND BEADS BRACELET IVORY,Neutral,0.7633
90042C,FRESHWATER PEARL BRACELET IVORY,Neutral,0.8224
84493,BLUE/PINK NEST STRIPE BOX,Neutral,0.8153
16162M,THE KING GIFT BAG 25x24x12cm,Neutral,0.8735
84857C,PINK MONTE CARLO HANDBAG,Neutral,0.8155
62097B,BLUE STRIPES SHOULDER BAG,Neutral,0.784
78034B,BLUE NETTING STORAGE HANGER,Neutral,0.8456
90063A,WHITE VINT ART DECO CRYSTAL NECKLAC,Neutral,0.8
90181A,AMBER GLASS/SHELL/PEARL NECKLACE,Neutral,0.7617
90056,CHUNKY CRACKED GLAZE NECKLACE IVORY,Neutral,0.6815
85114A,BLACK ENCHANTED FOREST PLACEMAT,Neutral,0.8514
90104,PURPLE FRANGIPANI HAIRCLIP,Neutral,0.8307
22350,ILLUSTRATED CAT BOWL ,Neutral,0.7444
90128D,PURPLE LEAVES AND BEADS PHONE CHAR,Neutral,0.8461
90185A,AMBER DIAMANTE EXPANDABLE RING,Neutral,0.7914
90126C,AMBER BERTIE MOBILE PHONE CHARM,Neutral,0.7824
90128C,GREEN LEAVES AND BEADS PHONE CHARM,Neutral,0.8148
90119,METALIC LEAVES BAG CHARMS,Neutral,0.8496
22701,PINK DOG BOWL,Neutral,0.744
75172,PAINTED SEA SHELL METAL WINDCHIME,Neutral,0.7263
90037D,TINY CRYSTALS BRACELET BLACK,Neutral,0.8347
22702,BLACK AND WHITE CAT BOWL,Neutral,0.8535
22640,SET OF 4 NAPKIN CHARMS 3 KEYS ,Neutral,0.8384
90016A,SILVER/M.O.P PENDANT ORBIT NECKLACE,Neutral,0.8542
90016C,SILVER/BLACK PENDANT ORBIT NECKLACE,Neutral,0.8849
90019A,SILVER M.O.P ORBIT BRACELET,Neutral,0.8374
22416,SET OF 36 DOILIES SPACEBOY DESIGN ,Neutral,0.8804
ADJUST2,Adjustment by Peter on Jun 25 2010 ,Neutral,0.9137
90094,NECKLACE+BRACELET SET FRUIT SALAD ,Neutral,0.8579
90102,WHITE FRANGIPANI HAIR CLIP,Neutral,0.867
90124C,GREEN MURANO TWIST NECKLACE,Neutral,0.8064
20685,DOORMAT RED SPOT,Neutral,0.6575
48184,DOORMAT ENGLISH ROSE ,Neutral,0.831
48138,DOORMAT UNION FLAG,Neutral,0.7194
48173C,DOORMAT BLACK FLOCK ,Neutral,0.7297
21524,DOORMAT SPOTTY HOME SWEET HOME,Neutral,0.5318
22692,DOORMAT WELCOME TO OUR HOME,Positive,0.7985
22660,DOORMAT I LOVE LONDON,Positive,0.9717
22687,DOORMAT CHRISTMAS VILLAGE,Neutral,0.7715
22691,DOORMAT WELCOME SUNRISE,Positive,0.7632
48111,DOORMAT 3 SMILEY CATS,Neutral,0.8244
22690,DOORMAT HOME SWEET HOME BLUE ,Neutral,0.59
21523,DOORMAT FANCY FONT HOME SWEET HOME,Neutral,0.691
22689,DOORMAT MERRY CHRISTMAS RED ,Neutral,0.6943
48185,DOORMAT FAIRY CAKE,Neutral,0.5279
22688,DOORMAT PEACE ON EARTH BLUE,Positive,0.593
48188,DOORMAT WELCOME PUPPIES,Positive,0.7859
48187,DOORMAT NEW ENGLAND,Neutral,0.8539
21955,DOORMAT UNION JACK GUNS AND ROSES,Neutral,0.6676
90059F,DIAMANTE HAIR GRIP PACK/2 LT ROSE,Neutral,0.8552
48129,DOORMAT TOPIARY,Neutral,0.6657
48189,DOORMAT FRIENDSHIP ,Neutral,0.8033
22349,DOG BOWL CHASING BALL DESIGN,Neutral,0.8527
22703,PINK CAT BOWL,Neutral,0.7458
84247E,PACK/12 XMAS FUN CARD,Neutral,0.7606
48116,DOORMAT MULTICOLOUR STRIPE,Neutral,0.8048
22629,SPACEBOY LUNCH BOX ,Neutral,0.7942
22628,PICNIC BOXES SET OF 3 RETROSPOT ,Neutral,0.854
22700,BLACK AND WHITE DOG BOWL,Neutral,0.8368
48197,DOORMAT BIRD ON THE WIRE,Neutral,0.7531
22630,DOLLY GIRL LUNCH BOX,Neutral,0.8293
22659,LUNCH BOX I LOVE LONDON,Positive,0.9828
22631,CIRCUS PARADE LUNCH BOX ,Neutral,0.8404
16161U,WRAP SUKI AND FRIENDS,Neutral,0.8352
22669,RED BABY BUNTING ,Neutral,0.6146
84967A,PINK KASHMIRI OCCASIONAL TABLE,Neutral,0.8788
22668,PINK BABY BUNTING,Neutral,0.6601
48103,DOORMAT KISS MY.......,Neutral,0.7613
22666,RECIPE BOX PANTRY YELLOW DESIGN,Neutral,0.8619
22667,RECIPE BOX RETRO SPOT DESIGN,Neutral,0.866
22665,RECIPE BOX BLUE SKETCHBOOK DESIGN,Neutral,0.8577
90041,PEARL AND CHERRY QUARTZ BRACLET,Neutral,0.7921
22656,VINTAGE BLUE KITCHEN CABINET,Neutral,0.7823
22655,VINTAGE RED KITCHEN CABINET,Neutral,0.7846
47591C,BLUE FAIRY CAKE CHILDRENS APRON,Neutral,0.7598
47591D,PINK FAIRY CAKE CHILDRENS APRON,Neutral,0.7272
21156,RETROSPOT CHILDRENS APRON,Neutral,0.8306
47591B,SCOTTIES CHILDRENS APRON,Neutral,0.8037
17012D,ORIGAMI ROSE INCENSE/CANDLE SET ,Neutral,0.846
45014,FOLDING SHIRT TIDY,Neutral,0.763
10123G,ARMY CAMO WRAPPING TAPE,Neutral,0.8804
84508A,CAMOUFLAGE DESIGN TEDDY,Neutral,0.8527
22367,CHILDRENS APRON SPACEBOY DESIGN,Neutral,0.8585
22596,CHRISTMAS STAR WISH LIST CHALKBOARD,Neutral,0.8549
22602,CHRISTMAS RETROSPOT HEART WOOD,Neutral,0.7939
22600,CHRISTMAS RETROSPOT STAR WOOD,Neutral,0.8293
22603,CHRISTMAS RETROSPOT TREE WOOD,Neutral,0.8242
22595,CHRISTMAS GINGHAM HEART,Neutral,0.6458
22593,CHRISTMAS GINGHAM STAR,Neutral,0.7942
22588,CARDHOLDER GINGHAM HEART,Neutral,0.7528
22589,CARDHOLDER GINGHAM STAR,Neutral,0.8322
22591,CARDHOLDER GINGHAM CHRISTMAS TREE,Neutral,0.8386
22573,STAR WOODEN CHRISTMAS DECORATION,Neutral,0.851
22581,WOOD STOCKING CHRISTMAS SCANDISPOT,Neutral,0.8086
22579,WOODEN TREE CHRISTMAS SCANDINAVIAN,Neutral,0.8256
22578,WOODEN STAR CHRISTMAS SCANDINAVIAN,Neutral,0.8339
22577,WOODEN HEART CHRISTMAS SCANDINAVIAN,Neutral,0.796
22601,CHRISTMAS RETROSPOT ANGEL WOOD,Neutral,0.8191
22594,CHRISTMAS GINGHAM TREE,Neutral,0.7785
22576,SWALLOW WOODEN CHRISTMAS DECORATION,Neutral,0.8804
22574,HEART WOODEN CHRISTMAS DECORATION,Neutral,0.7896
22579,WOODEN TREE CHRISTMAS SCANDISPOT,Neutral,0.8098
22652,TRAVEL SEWING KIT,Negative,0.6482
22643,SET OF 4 NAPKIN CHARMS LEAVES   ,Neutral,0.8678
22642,SET OF 4 NAPKIN CHARMS STARS   ,Neutral,0.863
22639,SET OF 4 NAPKIN CHARMS HEARTS,Neutral,0.8583
44092B,BLUE WHITE PLASTIC RINGS LAMPSHADE,Neutral,0.8669
22575,METAL MERRY CHRISTMAS WREATH,Neutral,0.6977
22654,DELUXE SEWING KIT ,Negative,0.5796
22653,BUTTON BOX ,Neutral,0.7023
22661,CHARLOTTE BAG DOLLY GIRL DESIGN,Neutral,0.8717
22662,LUNCH BAG DOLLY GIRL DESIGN,Neutral,0.881
22663,JUMBO BAG DOLLY GIRL DESIGN,Neutral,0.8694
90066A,PINK VINTAGE VICTORIAN CHOKER,Neutral,0.7966
22588,CARD HOLDER GINGHAM HEART,Neutral,0.7478
22580,ADVENT CALENDAR GINGHAM SACK,Neutral,0.7345
90188,DROP EARRINGS W FLOWER & LEAF,Neutral,0.8428
47592B,SCOTTIE DOGS CHILDRENS OVERALL,Neutral,0.6774
22641,SET OF 4 NAPKIN CHARMS INSTRUMENT,Neutral,0.8618
47593A,CAROUSEL PONIES BABY BIB,Neutral,0.6437
47592A,CAROUSEL CHILDRENS OVERALL,Neutral,0.5884
47593B,SCOTTIE DOGS BABY BIB,Neutral,0.5404
22664,TOY TIDY DOLLY GIRL DESIGN,Neutral,0.8318
21004,ROSE DU SUD CHILDRENS APRON,Neutral,0.844
47591A,CAROUSEL CHILDRENS APRON,Neutral,0.8038
22963,JAM JAR WITH BLUE LID,Neutral,0.7816
90202B,WHITE ENAMEL FLOWER HAIR TIE,Neutral,0.8456
22961,JAM MAKING SET PRINTED,Neutral,0.8462
22638,SET OF 4 NAPKIN CHARMS CROWNS ,Neutral,0.8352
22571,ROCKING HORSE RED CHRISTMAS ,Neutral,0.5637
22572,ROCKING HORSE GREEN CHRISTMAS ,Neutral,0.5684
22604,SET OF 4 NAPKIN CHARMS CUTLERY,Neutral,0.8376
22599,CHRISTMAS MUSICAL ZINC STAR,Neutral,0.8415
22597,CHRISTMAS MUSICAL ZINC HEART ,Neutral,0.5807
22651,GENTLEMAN SHIRT REPAIR KIT ,Neutral,0.8297
22598,CHRISTMAS MUSICAL ZINC TREE,Neutral,0.856
22641,SET OF 4 NAPKIN CHARMS INSTUMENT   ,Neutral,0.8716
22592,CARDHOLDER HOLLY WREATH METAL,Neutral,0.844
22604,SET OF 4 NAPKIN CHARM CUTLERY,Neutral,0.8281
22694,WICKER STAR ,Neutral,0.7401
22696,WICKER WREATH LARGE,Neutral,0.7602
22695,WICKER WREATH SMALL,Neutral,0.7941
90179C,BLACK FINE BEAD NECKLACE W TASSEL,Neutral,0.8748
21585,SWALLOW SMALL TUBE MATCHES,Neutral,0.8648
72801D,4 SKY BLUE DINNER CANDLES,Neutral,0.77
22693,GROW A FLYTRAP OR SUNFLOWER IN TIN,Neutral,0.8132
85131D,BEADED CRYSTAL HEART PINK ON STICK,Neutral,0.8083
22755,SMALL PURPLE BABUSHKA NOTEBOOK ,Neutral,0.806
22753,SMALL YELLOW BABUSHKA NOTEBOOK ,Neutral,0.8349
22754,SMALL RED BABUSHKA NOTEBOOK ,Neutral,0.8134
22759,SET OF 3 NOTEBOOKS IN PARCEL,Neutral,0.9012
72814,SET OF 3 CHRISTMAS BRIAR CANDLES,Neutral,0.8438
22752,SET 7 BABUSHKA NESTING BOXES,Neutral,0.8569
22757,LARGE RED BABUSHKA NOTEBOOK ,Neutral,0.8303
22756,LARGE YELLOW BABUSHKA NOTEBOOK ,Neutral,0.8318
22758,LARGE PURPLE BABUSHKA NOTEBOOK  ,Neutral,0.826
90212B,JET BLACK LAS VEGAS BRACELET ROUND,Neutral,0.8887
22743,MAKE YOUR OWN FLOWERPOWER CARD KIT,Neutral,0.7469
22744,MAKE YOUR OWN MONSOON CARD KIT,Neutral,0.6685
22742,MAKE YOUR OWN PLAYTIME CARD KIT,Neutral,0.5735
84968D,SET OF 16 VINTAGE RED CUTLERY,Neutral,0.8882
22451,SILK PURSE BABUSHKA RED,Neutral,0.7442
21620,SET OF 4 ROSE BOTANICAL CANDLES,Neutral,0.8543
84968B,SET OF 16 VINTAGE IVORY CUTLERY,Neutral,0.9045
84969,BOX OF 6 ASSORTED COLOUR TEASPOONS,Neutral,0.8254
72801C,4 ROSE PINK DINNER CANDLES,Neutral,0.8109
84509E,SET OF 4 CAROUSEL PLACEMATS ,Neutral,0.8456
35610A,PINK CHRISTMAS FLOCK DROPLET ,Neutral,0.7513
35610C,WHITE CHRISTMAS FLOCK DROPLET ,Neutral,0.842
85232B,SET OF 3 BABUSHKA STACKING TINS,Neutral,0.8559
22449,SILK PURSE BABUSHKA PINK,Neutral,0.8662
22450,SILK PURSE BABUSHKA BLUE,Neutral,0.731
22699,ROSES REGENCY TEACUP AND SAUCER ,Neutral,0.7982
22698,PINK REGENCY TEACUP AND SAUCER,Neutral,0.8385
22697,GREEN REGENCY TEACUP AND SAUCER,Neutral,0.8005
22698,TEACUP AND SAUCER REGENCY PINK,Neutral,0.8634
22699,TEACUP AND SAUCER REGENCY ROSES,Neutral,0.8245
22697,TEACUP AND SAUCER REGENCY GREEN,Neutral,0.8172
90156,RESIN BRACELET W PASTEL BEADS,Neutral,0.8238
22448,PIN CUSHION BABUSHKA RED,Neutral,0.7674
17129F,BLUE GLASS GEMS IN BAG,Neutral,0.7916
72817,SET OF 2 CHRISTMAS DECOUPAGE CANDLE,Neutral,0.8658
22680,"FRENCH BLUE METAL DOOR SIGN, 5",Neutral,0.8162
22681,"FRENCH BLUE METAL DOOR SIGN, 6",Neutral,0.8094
22677,"FRENCH BLUE METAL DOOR SIGN, 2",Neutral,0.8032
22678,"FRENCH BLUE METAL DOOR SIGN, 3",Neutral,0.8031
22679,"FRENCH BLUE METAL DOOR SIGN, 4",Neutral,0.8033
22682,"FRENCH BLUE METAL DOOR SIGN, 7",Neutral,0.8235
22683,"FRENCH BLUE METAL DOOR SIGN, 8",Neutral,0.8317
22684,"FRENCH BLUE METAL DOOR SIGN, 9",Neutral,0.8298
22685,"FRENCH BLUE METAL DOOR SIGN, 0",Neutral,0.8077
22686,"FRENCH BLUE METAL DOOR SIGN, No",Neutral,0.7296
22670,FRENCH WC SIGN BLUE METAL,Neutral,0.8728
22671,FRENCH LAUNDRY SIGN BLUE METAL,Neutral,0.8493
22672,FRENCH BATHROOM SIGN BLUE METAL,Neutral,0.8595
22673,FRENCH GARDEN SIGN BLUE METAL,Neutral,0.8637
22674,FRENCH TOILET SIGN BLUE METAL,Neutral,0.8405
22675,FRENCH KITCHEN SIGN BLUE METAL,Neutral,0.8637
22676,"FRENCH BLUE METAL DOOR SIGN, 1",Neutral,0.781
22447,PIN CUSHION BABUSHKA BLUE,Neutral,0.78
22454,MEASURING TAPE BABUSHKA RED,Neutral,0.8065
22453,MEASURING TAPE BABUSHKA BLUE,Neutral,0.8145
22452,MEASURING TAPE BABUSHKA PINK,Neutral,0.9029
22578,WOODEN STAR CHRISTMAS SCANDISPOT,Neutral,0.8262
90021,LASER CUT MULTI STRAND NECKLACE,Neutral,0.8111
90130B,TURQ STONE/CRYSTAL EARRINGS,Neutral,0.8098
90063B,BLACK VINT ART DEC CRYSTAL NECKLACE,Neutral,0.8766
90064A,WHITE VINTAGE CRYSTAL EARRINGS,Neutral,0.8401
90176D,DIAMANTE NECKLACE PURPLE,Neutral,0.7562
84968A,SET OF 16 VINTAGE ROSE CUTLERY,Neutral,0.8888
22510,GINGHAM BABUSHKA DOORSTOP,Neutral,0.7256
22511,RETROSPOT BABUSHKA DOORSTOP,Neutral,0.7849
84968E,SET OF 16 VINTAGE BLACK CUTLERY,Neutral,0.9046
85095,THREE CANVAS LUGGAGE TAGS,Neutral,0.8528
22851,SET 20 NAPKINS FAIRY CAKES DESIGN ,Neutral,0.8676
22446,PIN CUSHION BABUSHKA PINK,Neutral,0.8648
84968F,SET OF 16 VINTAGE SKY BLUE CUTLERY,Neutral,0.8712
84968C,SET OF 16 VINTAGE PISTACHIO CUTLERY,Neutral,0.8885
72801G,4 BURGUNDY WINE DINNER CANDLES,Neutral,0.832
84201C,HAPPY BIRTHDAY CARD TEDDY/CAKE,Positive,0.9797
16012,FOOD/DRINK SPONGE STICKERS,Neutral,0.8363
22333,RETRO SPOT PARTY BAG + STICKER SET,Neutral,0.8763
84206B,CAT W SUNGLASSES BLANK CARD,Neutral,0.824
72801E,4 FESTIVE GREEN DINNER CANDLES,Neutral,0.8298
22310,IVORY KNITTED MUG COSY ,Neutral,0.6024
84966C,GREEN KASHMIRI BOXED MIRROR,Neutral,0.8699
78026,SEAGRASS S/3 SQU LAUNDRY BOX,Neutral,0.8576
22751,FELTCRAFT PRINCESS OLIVIA DOLL,Neutral,0.879
90038B,GLASS AND PAINTED BEADS BRACELET OL,Neutral,0.8058
35591T,TURQUOISE CHRISTMAS TREE ,Neutral,0.7778
35597A,DUSTY PINK CHRISTMAS TREE 30CM,Neutral,0.768
22750,FELTCRAFT PRINCESS LOLA DOLL,Neutral,0.8374
22940,FELTCRAFT CHRISTMAS FAIRY,Neutral,0.7447
22959,WRAP CHRISTMAS VILLAGE,Neutral,0.8377
22985,"WRAP, BILLBOARD FONTS DESIGN",Neutral,0.8517
22986,GINGHAM ROSE WRAP,Neutral,0.7789
22987,"WRAP , SUMMER ROSE DESIGN",Neutral,0.8544
22749,FELTCRAFT PRINCESS CHARLOTTE DOLL,Neutral,0.8907
90059A,DIAMANTE HAIR GRIP PACK/2 CRYSTAL,Neutral,0.8307
90059B,DIAMANTE HAIR GRIP PACK/2 BLACK DIA,Neutral,0.8752
22867,HAND WARMER BIRD DESIGN,Neutral,0.7946
22865,HAND WARMER OWL DESIGN,Neutral,0.8818
22866,HAND WARMER SCOTTY DOG DESIGN,Neutral,0.8409
72800B, 4 PURPLE FLOCK DINNER CANDLES,Neutral,0.7605
22834,HAND WARMER BABUSHKA DESIGN,Neutral,0.8626
22984,"CARD, GINGHAM ROSE ",Neutral,0.7142
22835,HOT WATER BOTTLE I AM SO POORLY,Negative,0.9068
21263,GREEN GOOSE FEATHER TREE 60CM,Neutral,0.8355
47341A,FUSCHIA TABLE RUN FLOWER ,Neutral,0.819
90054,CRACKED GLAZE EARRINGS RED,Neutral,0.7885
72800D,4 BLUE DINNER CANDLES SILVER FLOCK,Neutral,0.8038
47518F,ICON PLACEMAT POP ART ELVIS,Neutral,0.8563
22855,FINE WICKER HEART ,Neutral,0.6437
22812,PACK 3 BOXES CHRISTMAS PANNETONE,Neutral,0.8252
22732,3D VINTAGE CHRISTMAS STICKERS ,Neutral,0.7863
21493,VINTAGE DESIGN GIFT TAGS,Neutral,0.8601
22821,GIFT BAG PSYCHEDELIC APPLES,Neutral,0.8072
22820,GIFT BAG BIRTHDAY,Neutral,0.8008
22948,METAL DECORATION NAUGHTY CHILDREN ,Neutral,0.772
22815,CARD PSYCHEDELIC APPLES,Neutral,0.7585
22817,CARD SUKI BIRTHDAY,Neutral,0.7844
22834,MINI HAND WARMER BABUSHKA DESIGN,Neutral,0.8949
22577,WOODEN HEART CHRISTMAS SCANDISPOT,Neutral,0.793
22734,SET OF 6 RIBBONS VINTAGE CHRISTMAS,Neutral,0.8679
22242,5 HOOK HANGER MAGIC TOADSTOOL,Neutral,0.8572
22735,RIBBON REEL SOCKS AND MITTENS,Neutral,0.7741
22737,RIBBON REEL CHRISTMAS PRESENT ,Neutral,0.7709
22738,RIBBON REEL SNOWY VILLAGE,Neutral,0.7917
22736,"RIBBON REEL, MAKING SNOWMEN ",Neutral,0.7061
22739,"RIBBON REEL, XMAS SOCK/BAUBLE",Neutral,0.7842
22946,WOODEN ADVENT CALENDAR CREAM,Neutral,0.8238
22947,WOODEN ADVENT CALENDAR RED,Neutral,0.8183
22199,FRYING PAN RED RETROSPOT,Neutral,0.7309
22907,PACK OF 20 NAPKINS PANTRY DESIGN,Neutral,0.8867
22862,LOVE HEART NAPKIN BOX ,Positive,0.9055
20914,SET/5 RED RETROSPOT LID GLASS BOWLS,Neutral,0.8244
22816,CARD MOTORBIKE SANTA,Neutral,0.7725
22818,CARD CHRISTMAS VILLAGE,Neutral,0.7659
22983,"CARD, BILLBOARD FONT",Neutral,0.5871
22731,3D CHRISTMAS STAMPS STICKERS ,Neutral,0.7827
22739,RIBBON REEL CHRISTMAS SOCK BAUBLE,Neutral,0.7908
22227,HANGING HEART MIRROR DECORATION ,Neutral,0.7418
22854,CREAM SWEETHEART EGG HOLDER,Neutral,0.5999
22909,SET OF 20 VINTAGE CHRISTMAS NAPKINS,Neutral,0.8758
22813,PACK 3 BOXES BIRD PANNETONE ,Neutral,0.8041
22243,5 HOOK HANGER RED MAGIC TOADSTOOL,Neutral,0.8453
22244,3 HOOK HANGER MAGIC GARDEN,Neutral,0.8235
22733,3D STICKERS TRADITIONAL CHRISTMAS ,Neutral,0.8501
22732,3D STICKERS VINTAGE CHRISTMAS,Neutral,0.8181
22731,3D STICKERS CHRISTMAS STAMPS,Neutral,0.8057
22952,72 CAKE CASES VINTAGE CHRISTMAS,Neutral,0.8278
22733,3D TRADITIONAL CHRISTMAS STICKERS,Neutral,0.8669
22910,PAPER CHAIN KIT VINTAGE CHRISTMAS,Neutral,0.8308
22945,CHRISTMAS METAL TAGS ASSORTED ,Neutral,0.8217
22949,36 DOILIES DOLLY GIRL,Neutral,0.8132
22951,72 CAKE CASES DOLLY GIRL DESIGN,Neutral,0.8934
22944,CHRISTMAS METAL POSTCARD WITH BELLS,Neutral,0.8571
22736,RIBBON REEL MAKING SNOWMEN ,Neutral,0.7205
22950,36 DOILIES VINTAGE CHRISTMAS,Neutral,0.8393
22906,12 MESSAGE CARDS WITH ENVELOPES,Neutral,0.8746
22911,PAPER CHAIN KIT LONDON,Neutral,0.8565
22905,CALENDAR IN SEASON DESIGN,Neutral,0.8329
22904,CALENDAR PAPER CUT DESIGN,Neutral,0.8136
22819,"BIRTHDAY CARD, RETRO SPOT",Neutral,0.8425
22201,FRYING PAN BLUE RETROSPOT,Neutral,0.7496
22809,SET OF 6 T-LIGHTS SANTA,Neutral,0.8664
22810,SET OF 6 T-LIGHTS SNOWMEN,Neutral,0.8668
16248B,BLUE HOLE PUNCH,Neutral,0.7442
22950,SET OF 36 DOILIES VINTAGE CHRISTMAS,Neutral,0.8768
22952,SET 72 CAKE CASES VINTAGE CHRISTMAS,Neutral,0.8633
22959,"WRAPPING PAPER, XMAS VILLAGE",Neutral,0.7113
22951,60 CAKE CASES DOLLY GIRL DESIGN,Neutral,0.8888
22908,PACK OF 20 NAPKINS RED APPLES,Neutral,0.8502
22806,SET OF 6 T-LIGHTS WEDDING CAKE ,Neutral,0.8103
22938,CUPCAKE LACE PAPER SET 6,Neutral,0.8634
22807,SET OF 6 T-LIGHTS TOADSTOOLS,Neutral,0.9088
22808,SET OF 6 T-LIGHTS EASTER CHICKS,Neutral,0.8642
22632,HAND WARMER RED POLKA DOT,Neutral,0.7918
22952,60 CAKE CASES VINTAGE CHRISTMAS,Neutral,0.8009
72800C,4 PINK DINNER CANDLE SILVER FLOCK,Neutral,0.8632
22814,CARD PARTY GAMES ,Neutral,0.7574
22863,SOAP DISH BROCANTE,Neutral,0.7451
22804,CANDLEHOLDER PINK HANGING HEART,Neutral,0.6548
21243,PINK  POLKADOT PLATE ,Neutral,0.8182
21242,RED RETROSPOT PLATE ,Neutral,0.7744
21244,BLUE POLKADOT PLATE ,Neutral,0.7738
21245,GREEN POLKADOT PLATE ,Neutral,0.7806
22386,JUMBO BAG PINK POLKADOT,Neutral,0.8199
85014A,BLACK/BLUE POLKADOT UMBRELLA,Neutral,0.8703
22200,FRYING PAN PINK RETROSPOT,Neutral,0.8345
21499,BLUE POLKADOT WRAP,Neutral,0.7824
22200,FRYING PAN PINK POLKADOT,Neutral,0.8108
21500,PINK POLKADOT WRAP ,Neutral,0.8451
21240,BLUE POLKADOT CUP,Neutral,0.7642
21239,PINK  POLKADOT CUP,Neutral,0.7806
84997D,PINK 3 PIECE POLKADOT CUTLERY SET,Neutral,0.8681
84997C,BLUE 3 PIECE POLKADOT CUTLERY SET,Neutral,0.8784
22139,RETROSPOT TEA SET CERAMIC 11 PC ,Neutral,0.8769
22384,LUNCH BAG PINK POLKADOT,Neutral,0.8236
20685,DOORMAT RED RETROSPOT,Neutral,0.7061
21533,RETROSPOT LARGE MILK JUG,Neutral,0.789
21707,FOLDING UMBRELLA BLACKBLUE POLKADOT,Neutral,0.8109
21706,FOLDING UMBRELLA RED/WHITE POLKADOT,Neutral,0.8527
21986,PACK OF 12 PINK POLKADOT TISSUES,Neutral,0.8911
21980,PACK OF 12 RED RETROSPOT TISSUES ,Neutral,0.85
21584,RETROSPOT SMALL TUBE MATCHES,Neutral,0.8669
20674,GREEN POLKADOT BOWL,Neutral,0.74
22356,CHARLOTTE BAG PINK POLKADOT,Neutral,0.8256
22667,RECIPE BOX RETROSPOT ,Neutral,0.7585
21210,SET OF 72 RETROSPOT PAPER  DOILIES,Neutral,0.7911
21212,PACK OF 72 RETROSPOT CAKE CASES,Neutral,0.8839
20658,RED RETROSPOT LUGGAGE TAG,Neutral,0.8093
21124,SET/10 BLUE POLKADOT PARTY CANDLES,Neutral,0.8464
20725,LUNCH BAG RED RETROSPOT,Neutral,0.8371
21080,SET/20 RED RETROSPOT PAPER NAPKINS ,Neutral,0.8585
21786,POLKADOT RAIN HAT ,Neutral,0.7202
20724,RED RETROSPOT CHARLOTTE BAG,Neutral,0.8145
22381,TOY TIDY PINK POLKADOT,Neutral,0.7743
22727,ALARM CLOCK BAKELIKE RED ,Neutral,0.7939
22729,ALARM CLOCK BAKELIKE ORANGE,Neutral,0.822
22726,ALARM CLOCK BAKELIKE GREEN,Neutral,0.8223
37330,BIG POLKADOT MUG,Neutral,0.73
20652,BLUE POLKADOT LUGGAGE TAG ,Neutral,0.8232
22201,FRYING PAN BLUE POLKADOT,Neutral,0.7144
20718,RED RETROSPOT SHOPPER BAG,Neutral,0.8058
22204,MILK PAN BLUE POLKADOT,Neutral,0.7162
84997A,GREEN 3 PIECE POLKADOT CUTLERY SET,Neutral,0.8713
22730,ALARM CLOCK BAKELIKE IVORY,Neutral,0.8109
84997B,RED 3 PIECE RETROSPOT CUTLERY SET,Neutral,0.8381
21122,SET/10 PINK POLKADOT PARTY CANDLES,Neutral,0.8363
22083,PAPER CHAIN KIT RETROSPOT,Neutral,0.7849
22191,IVORY DINER WALL CLOCK,Neutral,0.7401
21291,SMALL POLKADOT CHOCOLATE GIFT BAG ,Neutral,0.8141
22728,ALARM CLOCK BAKELIKE PINK,Neutral,0.8766
22725,ALARM CLOCK BAKELIKE CHOCOLATE,Neutral,0.8155
20665,RED RETROSPOT PURSE ,Neutral,0.7531
21397,BLUE POLKADOT EGG CUP ,Neutral,0.7525
22746,POPPY'S PLAYHOUSE LIVINGROOM ,Neutral,0.7733
22748,POPPY'S PLAYHOUSE KITCHEN,Neutral,0.7932
22894,TABLECLOTH RED APPLES DESIGN ,Neutral,0.8214
22895,SET OF 2 TEA TOWELS APPLE AND PEARS,Neutral,0.8665
22747,POPPY'S PLAYHOUSE BATHROOM,Neutral,0.7869
22745,POPPY'S PLAYHOUSE BEDROOM ,Neutral,0.8018
21485,RETROSPOT HEART HOT WATER BOTTLE,Neutral,0.7107
22900, SET 2 TEA TOWELS I LOVE LONDON ,Positive,0.9801
22903,CALENDAR FAMILY FAVORITES,Positive,0.554
21035,SET/2 RED RETROSPOT TEA TOWELS ,Neutral,0.8381
20676,RED RETROSPOT BOWL,Neutral,0.7376
20750,RED RETROSPOT MINI CASES,Neutral,0.8147
22384,LUNCH BAG PINK POLKADOTS,Neutral,0.8158
20675,BLUE POLKADOT BOWL,Neutral,0.7411
20677,PINK POLKADOT BOWL,Neutral,0.798
20975,12 PENCILS SMALL TUBE RED RETROSPOT,Neutral,0.8667
22090,PAPER BUNTING RETROSPOT,Neutral,0.7462
22333,RETROSPOT PARTY BAG + STICKER SET,Neutral,0.8735
22899,CHILDRENS APRON DOLLY GIRL ,Neutral,0.7853
22348,TEA BAG PLATE RED RETROSPOT,Neutral,0.8387
22898,CHILDRENS APRON APPLE DESIGN,Neutral,0.8617
20983,12 PENCILS TALL TUBE RED RETROSPOT,Neutral,0.8507
35962,SET/12 ZINC CHRISTMAS DECORATIONS,Neutral,0.911
21710,FOLDING UMBRELLA PINKWHITE POLKADOT,Neutral,0.8353
22896,PEG BAG APPLE DESIGN,Neutral,0.8272
85014B,RED RETROSPOT UMBRELLA,Neutral,0.7518
22902,TOTE BAG I LOVE LONDON,Positive,0.9781
21592,RETROSPOT CIGAR BOX MATCHES ,Neutral,0.8208
22897,OVEN MITT APPLE DESIGN,Neutral,0.8296
22939,APRON APPLE DELIGHT,Neutral,0.742
21154,RED RETROSPOT OVEN GLOVE ,Neutral,0.7123
20754,RETROSPOT RED WASHING UP GLOVES,Neutral,0.652
84415A,PINK FLOCK SUEDE CUSHION COVER ,Neutral,0.8117
84415B,BLUE FLOCK CUSHION COVER ,Neutral,0.7785
22180,RETROSPOT LAMP,Neutral,0.7427
37343,POLKADOT MUG PINK ,Neutral,0.8266
21121,SET/10 RED POLKADOT PARTY CANDLES,Neutral,0.8345
20752,BLUE POLKADOT WASHING UP GLOVES,Neutral,0.5013
21155,RED RETROSPOT PEG BAG,Neutral,0.7647
22080,RIBBON REEL POLKADOTS ,Neutral,0.7854
21498,RED RETROSPOT WRAP ,Neutral,0.7057
37471,MULTICOLOUR POLKADOT PLATE,Neutral,0.7835
21393,BLUE POLKADOT PUDDING BOWL,Neutral,0.7585
21392,RED POLKADOT PUDDING BOWL,Neutral,0.7319
20661,BLUE POLKADOT PURSE ,Neutral,0.7603
21041,RED RETROSPOT OVEN GLOVE DOUBLE,Neutral,0.8062
22322,BIRD DECORATION GREEN POLKADOT,Neutral,0.8142
22811,SET OF 6 T-LIGHTS CACTI ,Neutral,0.8551
21042,RED RETROSPOT APRON ,Neutral,0.7648
21284,RETROSPOT CANDLE  SMALL,Neutral,0.784
21217,RED RETROSPOT ROUND CAKE TINS,Neutral,0.7996
84510C,SET OF 4 POLKADOT COASTERS,Neutral,0.8539
84509C,SET OF 4 POLKADOT PLACEMATS ,Neutral,0.8499
20682,RED RETROSPOT CHILDRENS UMBRELLA,Neutral,0.7887
21238,RED RETROSPOT CUP,Neutral,0.7161
20681,PINK POLKADOT CHILDRENS UMBRELLA,Neutral,0.8236
90205C,LARGE CRYSTAL DIAMANTE HAIRSLIDE,Neutral,0.8226
22202,MILK PAN PINK POLKADOT,Neutral,0.8458
21286,RETROSPOT CANDLE  LARGE,Neutral,0.7331
21246,RED RETROSPOT BIG BOWL,Neutral,0.704
22321,BIRD DECORATION RED RETROSPOT,Neutral,0.8054
20979,36 PENCILS TUBE RED RETROSPOT,Neutral,0.8624
21787,RAIN PONCHO RETROSPOT,Neutral,0.787
21241,GREEN POLKADOT CUP,Neutral,0.7743
21039,RED RETROSPOT SHOPPING BAG,Neutral,0.8133
22740,POLKA DOT PEN,Neutral,0.6777
22741,FUNKY DIVA PEN,Neutral,0.7214
21588,RETROSPOT GIANT TUBE MATCHES,Neutral,0.857
21708,FOLDING UMBRELLA CREAM POLKADOT,Neutral,0.8064
22899,CHILDREN'S APRON DOLLY GIRL ,Neutral,0.7863
21398,RED POLKADOT COFFEE  MUG,Neutral,0.7687
21399,BLUE POLKADOT COFFEE MUG,Neutral,0.7891
37482P,CUBIC MUG PINK POLKADOT,Neutral,0.8354
22059,CERAMIC STRAWBERRY DESIGN MUG,Neutral,0.8339
21285,RETROSPOT CANDLE  MEDIUM,Neutral,0.8051
21709,FOLDING UMBRELLA CHOCOLATE POLKADOT,Neutral,0.8243
22740,POLKADOT PEN,Neutral,0.6352
22903,CALENDAR FAMILY FAVOURITES,Neutral,0.5976
72586,SET OF 6 HALLOWEEN GHOST T-LIGHTS,Neutral,0.8856
21123,SET/10 IVORY POLKADOT PARTY CANDLES,Neutral,0.8467
22857,ASSORTED EASTER GIFT TAGS,Neutral,0.806
22860,EASTER TIN CHICKS PINK DAISY,Neutral,0.7422
22859,EASTER TIN BUNNY BOUQUET,Neutral,0.7678
22094,RED RETROSPOT TISSUE BOX,Neutral,0.7625
21880,RED RETROSPOT TAPE,Neutral,0.4977
85232A,SET/3 POLKADOT STACKING TINS,Neutral,0.8208
22898,CHILDRENS APRON APPLES DESIGN,Neutral,0.8166
22837,HOT WATER BOTTLE BABUSHKA ,Neutral,0.7772
22633,HAND WARMER UNION JACK,Neutral,0.8465
22632,HAND WARMER RED RETROSPOT,Neutral,0.8014
22344,PARTY PIZZA DISH PINK POLKADOT,Neutral,0.8548
22345,PARTY PIZZA DISH BLUE POLKADOT,Neutral,0.8534
22346,PARTY PIZZA DISH GREEN POLKADOT,Neutral,0.8482
SP1002,KID'S CHALKBOARD/EASEL,Neutral,0.7657
22897,OVEN MITT APPLES DESIGN,Neutral,0.7864
22896,PEG BAG APPLES DESIGN,Neutral,0.8133
21157,RED RETROSPOT WASHBAG,Neutral,0.7798
21216,"SET 3 RETROSPOT TEA,COFFEE,SUGAR",Neutral,0.8728
22796,PHOTO FRAME 3 CLASSIC HANGING,Neutral,0.8926
90179A,AMBER FINE BEAD NECKLACE W TASSEL,Neutral,0.791
22769,CHALKBOARD KITCHEN ORGANISER,Neutral,0.7954
22766,PHOTO FRAME CORNICE,Neutral,0.7867
22768,FAMILY PHOTO FRAME CORNICE,Neutral,0.8121
22767,TRIPLE PHOTO FRAME CORNICE ,Neutral,0.7609
22765,NEWSPAPER STAND,Neutral,0.8043
22762,CUPBOARD 3 DRAWER MA CAMPAGNE,Neutral,0.8407
22763,KEY CABINET MA CAMPAGNE,Neutral,0.764
22760,"TRAY, BREAKFAST IN BED",Neutral,0.7816
90197B,BLACK GLASS BRACELET W HEART CHARMS,Neutral,0.8072
22837,HOT WATER BOTTLE BABUSHKA LARGE,Neutral,0.7893
35596,WOOD XMAS TREE 9 FIG SHELVES,Neutral,0.8799
22764,"RUSTIC WOODEN CABINET, GLASS DOORS",Neutral,0.7974
22770,MIRROR CORNICE,Neutral,0.8183
20615,BLUE POLKADOT PASSPORT COVER,Neutral,0.8074
21395,BLUE POLKADOT BEAKER ,Neutral,0.7312
22840,ROUND CAKE TIN VINTAGE RED,Neutral,0.7944
22841,ROUND CAKE TIN VINTAGE GREEN,Neutral,0.8102
22842,BISCUIT TIN VINTAGE RED,Neutral,0.8234
22847,"BREAD BIN, DINER STYLE, IVORY",Neutral,0.7122
22849,"BREAD BIN, DINER STYLE, MINT",Neutral,0.6987
22790,"MIRROR, ARCHED GEORGIAN",Neutral,0.8021
22838,3 TIER CAKE TIN RED AND CREAM,Neutral,0.8166
22847,BREAD BIN DINER STYLE IVORY,Neutral,0.7598
22846,BREAD BIN DINER STYLE RED ,Neutral,0.7439
22838,"CAKE TIN, 3 TIER RED/IVORY",Neutral,0.7946
22839,"CAKE TIN, 3 TIER MINT/IVORY",Neutral,0.7783
22849,BREAD BIN DINER STYLE MINT,Neutral,0.7494
22839,3 TIER CAKE TIN GREEN AND CREAM,Neutral,0.8029
22890,NOVELTY BISCUITS CAKE STAND 3 TIER,Neutral,0.861
37342,POLKADOT COFFEE CUP & SAUCER PINK,Neutral,0.8118
22848,BREAD BIN DINER STYLE PINK,Neutral,0.8267
22843,BISCUIT TIN VINTAGE GREEN,Neutral,0.8143
22891,TEA FOR ONE POLKADOT,Neutral,0.784
22840,"CAKE TIN, ROUND, VINTAGE RED,CREAM",Neutral,0.7469
22842,"BISCUIT TIN, RED,IVORY, VINTAGE",Neutral,0.7919
22841,"CAKE TIN, ROUND, VINTAGE MINT,IVORY",Neutral,0.7494
22843,"BISCUIT TIN, MINT,IVORY, VINTAGE",Neutral,0.7706
22892,SALT AND PEPPER SHAKERS TOADSTOOLS,Neutral,0.8427
22853,ENAMEL CAT BOWL CREAM,Neutral,0.7491
22852,ENAMEL DOG BOWL CREAM,Neutral,0.7458
22852,DOG BOWL VINTAGE CREAM,Neutral,0.7496
22893,MINI CAKE STAND T-LIGHT HOLDER,Neutral,0.8674
22853,CAT BOWL VINTAGE CREAM,Neutral,0.7657
22845,VINTAGE CREAM CAT FOOD CONTAINER,Neutral,0.8515
22788,BROCANTE COAT RACK,Neutral,0.7069
22785,CUSHION COVER PINK UNION FLAG,Neutral,0.8744
22795,SWEETHEART RECIPE BOOK STAND,Neutral,0.7207
22781,GUMBALL MAGAZINE RACK,Neutral,0.8225
22776,SWEETHEART CAKESTAND 3 TIER,Neutral,0.7183
22775,PURPLE DRAWERKNOB ACRYLIC EDWARDIAN,Neutral,0.8548
22771,CLEAR DRAWER KNOB ACRYLIC EDWARDIAN,Neutral,0.8484
22772,PINK DRAWER KNOB ACRYLIC EDWARDIAN,Neutral,0.8486
22773,GREEN DRAWER KNOB ACRYLIC EDWARDIAN,Neutral,0.8431
22805,BLUE DRAWER KNOB ACRYLIC EDWARDIAN,Neutral,0.8555
22774,RED DRAWER KNOB ACRYLIC EDWARDIAN,Neutral,0.8432
22856,ASSORTED EASTER DECORATIONS  BELLS,Neutral,0.778
22789,T-LIGHT HOLDER SWEETHEART HANGING,Neutral,0.5419
22850,BREAD BIN DINER STYLE BLACK,Neutral,0.7996
22797,CHEST OF DRAWERS GINGHAM HEART ,Neutral,0.7025
22786,PILLOWCUSHION COVER PINK UNION JACK,Neutral,0.8682
22844,VINTAGE CREAM DOG FOOD CONTAINER,Neutral,0.8371
22873,"NUMBER TILE COTTAGE GARDEN, 5",Neutral,0.8324
22869,"NUMBER TILE COTTAGE GARDEN, 1",Neutral,0.8164
22794,SWEETHEART WIRE MAGAZINE RACK,Neutral,0.6915
22844,VINTAGE DOG FOOD CONTAINER,Neutral,0.8194
22778,GLASS CLOCHE SMALL,Neutral,0.7551
21394,RED POLKADOT BEAKER ,Neutral,0.7186
22776,"CAKESTAND, 3 TIER, LOVEHEART",Positive,0.6707
22799,SWEETHEART WIRE FRUIT BOWL,Neutral,0.7007
22878,"NUMBER TILE COTTAGE GARDEN, No",Neutral,0.7884
22870,"NUMBER TILE COTTAGE GARDEN, 2",Neutral,0.8019
22871,"NUMBER TILE COTTAGE GARDEN, 3 ",Neutral,0.8106
22872,"NUMBER TILE COTTAGE GARDEN, 4",Neutral,0.804
22874,"NUMBER TILE COTTAGE GARDEN, 6",Neutral,0.8321
22875,"NUMBER TILE COTTAGE GARDEN, 7",Neutral,0.84
22876,"NUMBER TILE COTTAGE GARDEN, 8",Neutral,0.8386
22877,"NUMBER TILE COTTAGE GARDEN, 9",Neutral,0.8481
22868,"NUMBER TILE COTTAGE GARDEN, 0 ",Neutral,0.8408
22848,"BREAD BIN, DINER STYLE, PINK",Neutral,0.7334
22845,"CAT FOOD CONTAINER , VINTAGE",Neutral,0.765
22844,"DOG FOOD CONTAINER , VINTAGE",Neutral,0.7811
22852,"DOG BOWL, ENAMEL , CREAM COLOUR",Neutral,0.7425
22853,"CAT BOWL, ENAMEL , CREAM COLOUR",Neutral,0.7506
22845,VINTAGE CAT FOOD CONTAINER,Neutral,0.8308
22846,"BREAD BIN, DINER STYLE, RED ",Neutral,0.6994
35815P,"ACRYLIC JEWEL SNOWFLAKE, PINK",Neutral,0.7804
22882,NUMBER TILE VINTAGE FONT 3,Neutral,0.8391
22761,CHEST 7 DRAWER MA CAMPAGNE,Neutral,0.817
90081B,LILY BROOCH WHITE/SILVER COLOUR,Neutral,0.8574
22942,CHRISTMAS LIGHTS 10 SANTAS ,Neutral,0.6995
22941,CHRISTMAS LIGHTS 10 REINDEER,Neutral,0.8457
22943,CHRISTMAS LIGHTS 10 VINTAGE BAUBLES,Neutral,0.7852
22892,SET OF SALT AND PEPPER TOADSTOOLS,Neutral,0.8517
22827,GIANT SEVENTEEN DRAWER SIDEBOARD,Neutral,0.8725
22884,NUMBER TILE VINTAGE FONT 5,Neutral,0.8536
22885,NUMBER TILE VINTAGE FONT 6 ,Neutral,0.8584
22828,REGENCY MIRROR WITH SHUTTERS,Neutral,0.8393
22825,DECORATIVE PLANT POT WITH FRIEZE,Neutral,0.7525
22771,DRAWER KNOB ACRYLIC EDWARDIAN CLEAR,Neutral,0.8389
22773,DRAWER KNOB ACRYLIC EDWARDIAN GREEN,Neutral,0.863
22775,DRAWERKNOB ACRYLIC EDWARDIAN PURPLE,Neutral,0.8564
22772,DRAWER KNOB ACRYLIC EDWARDIAN PINK,Neutral,0.873
22777,GLASS CLOCHE LARGE,Neutral,0.6945
22784,LANTERN CREAM GAZEBO ,Neutral,0.7422
22780,LIGHT GARLAND BUTTERFILES PINK,Neutral,0.7508
22791,T-LIGHT GLASS FLUTED ANTIQUE,Neutral,0.8481
22830,UTILTY CABINET WITH HOOKS,Neutral,0.7836
22801,ANTIQUE GLASS PEDESTAL BOWL,Neutral,0.7874
22792,FLUTED ANTIQUE CANDLE HOLDER,Neutral,0.8188
22798,ANTIQUE GLASS DRESSING TABLE POT,Neutral,0.8046
22800,ANTIQUE TALL SWIRLGLASS TRINKET POT,Neutral,0.8084
22803,IVORY EMBROIDERED QUILT ,Neutral,0.7283
22968,ROSE COTTAGE KEEPSAKE BOX ,Neutral,0.8328
22779,WOODEN OWLS LIGHT GARLAND ,Neutral,0.726
22874,NUMBER TILE COTTAGE GARDEN 6,Neutral,0.8581
22872,NUMBER TILE COTTAGE GARDEN 4,Neutral,0.8218
22889,"NUMBER TILE VINTAGE FONT, No ",Neutral,0.7769
22880,"NUMBER TILE VINTAGE FONT, 1",Neutral,0.8208
22887,"NUMBER TILE VINTAGE FONT, 8",Neutral,0.8429
22886,"NUMBER TILE VINTAGE FONT, 7",Neutral,0.8456
22885,"NUMBER TILE VINTAGE FONT, 6 ",Neutral,0.8502
22884,"NUMBER TILE VINTAGE FONT, 5",Neutral,0.8381
22883,"NUMBER TILE VINTAGE FONT, 4",Neutral,0.8145
22882,"NUMBER TILE VINTAGE FONT, 3",Neutral,0.8293
22881,"NUMBER TILE VINTAGE FONT, 2",Neutral,0.8152
22879,"NUMBER TILE VINTAGE FONT, 0",Neutral,0.7965
22783,SET 3 WICKER OVAL BASKETS W LIDS,Neutral,0.863
22823,CHEST NATURAL WOOD 20 DRAWERS,Neutral,0.8474
22782,SET 3 WICKER STORAGE BASKETS ,Neutral,0.8726
22802,FAUX FUR CHOCOLATE THROW,Negative,0.4871
22740,POLKADOT PENS,Neutral,0.6732
22827,RUSTIC  SEVENTEEN DRAWER SIDEBOARD,Neutral,0.8374
90214Y,"LETTER ""Y"" BLING KEY RING",Neutral,0.8155
90214U,"LETTER ""U"" BLING KEY RING",Neutral,0.8248
22955,36 FOIL STAR CAKE CASES ,Neutral,0.8453
22167, OVAL WALL MIRROR DIAMANTE ,Neutral,0.8008
22888,NUMBER TILE VINTAGE FONT 9 ,Neutral,0.8681
22953,BIRTHDAY PARTY CORDON BARRIER TAPE,Neutral,0.8681
22956,36 FOIL HEART CAKE CASES,Neutral,0.8547
22833,HALL CABINET WITH 3 DRAWERS,Neutral,0.874
22679,FRENCH BLUE METAL DOOR SIGN 4,Neutral,0.8233
90176B,DIAMANTE NECKLACE BLACK ,Neutral,0.7781
22873,NUMBER TILE COTTAGE GARDEN 5,Neutral,0.8499
22954,HEN PARTY CORDON BARRIER TAPE,Neutral,0.8422
22822,CREAM WALL PLANTER HEART SHAPED,Neutral,0.5781
22824,3 TIER SWEETHEART GARDEN SHELF,Neutral,0.796
22831,WHITE BROCANTE SOAP DISH,Neutral,0.8022
22786,CUSHION COVER PINK UNION JACK,Neutral,0.8842
22677,FRENCH BLUE METAL DOOR SIGN 2,Neutral,0.8334
22678,FRENCH BLUE METAL DOOR SIGN 3,Neutral,0.8293
22676,FRENCH BLUE METAL DOOR SIGN 1,Neutral,0.8147
90033,IVORY SHELL HEART EARRINGS,Neutral,0.5554
22785,SQUARECUSHION COVER PINK UNION FLAG,Neutral,0.8794
22966,GINGERBREAD MAN COOKIE CUTTER,Neutral,0.6777
22832,SWEETHEART WIRE WALL TIDY,Neutral,0.7658
22829,BROCANTE SHELF WITH HOOKS,Neutral,0.7418
22680,FRENCH BLUE METAL DOOR SIGN 5,Neutral,0.8294
90183A,AMBER DROP EARRINGS W LONG BEADS,Neutral,0.7769
90051,CRACKED GLAZE NECKLACE RED,Neutral,0.7856
22953,BIRTHDAY BANNER TAPE,Neutral,0.8503
22954,HEN PARTY BANNER TAPE,Neutral,0.8418
22722,SET OF 6 SPICE TINS PANTRY DESIGN,Neutral,0.8678
22829,SWEETHEART WIRE WALL TIDY,Neutral,0.7658
22889,NUMBER TILE VINTAGE FONT No ,Neutral,0.8102
22887,NUMBER TILE VINTAGE FONT 8,Neutral,0.8636
84617,NEW BAROQUE BLACK BOXES,Neutral,0.8485
21711,FOLDING UMBRELLA WHITE/RED POLKADOT,Neutral,0.8712
22682,FRENCH BLUE METAL DOOR SIGN 7,Neutral,0.8381
22166,WALL MIRROR RECTANGLE DIAMANTE PINK,Neutral,0.8802
22686,FRENCH BLUE METAL DOOR SIGN No,Neutral,0.833
22681,FRENCH BLUE METAL DOOR SIGN 6,Neutral,0.8283
22685,FRENCH BLUE METAL DOOR SIGN 0,Neutral,0.8165
15058B,PINK POLKADOT GARDEN PARASOL,Neutral,0.8467
22683,FRENCH BLUE METAL DOOR SIGN 8,Neutral,0.8446
22684,FRENCH BLUE METAL DOOR SIGN 9,Neutral,0.8433
90118,PINK DAISY BAG CHARM,Neutral,0.7871
22881,NUMBER TILE VINTAGE FONT 2,Neutral,0.8347
22880,NUMBER TILE VINTAGE FONT 1,Neutral,0.8358
84402B,PURPLE DRESS JEWELLERY STAND,Neutral,0.8581
90101,WHITE FRANGIPANI NECKLACE,Neutral,0.8046
22877,NUMBER TILE COTTAGE GARDEN 9,Neutral,0.8746
44228,CANNABIS LEAF BEAD CURTAIN,Neutral,0.7577
22923,FRIDGE MAGNETS LES ENFANTS ASSORTED,Neutral,0.8318
22914,BLUE COAT RACK PARIS FASHION,Neutral,0.857
22913,RED COAT RACK PARIS FASHION,Neutral,0.8578
22912,YELLOW COAT RACK PARIS FASHION,Neutral,0.8753
90204,PAIR OF ENAMEL BUTTERFLY HAIRCLIP,Neutral,0.8062
22832,BROCANTE SHELF WITH HOOKS,Neutral,0.7418
22915,ASSORTED BOTTLE TOP  MAGNETS ,Neutral,0.7273
22922,FRIDGE MAGNETS US DINER ASSORTED,Neutral,0.8496
22924,FRIDGE MAGNETS LA VIE EN ROSE,Neutral,0.8133
22926,IVORY GIANT GARDEN THERMOMETER,Neutral,0.7632
22917,HERB MARKER ROSEMARY,Neutral,0.7894
22878,NUMBER TILE COTTAGE GARDEN No,Neutral,0.8148
22969,HOMEMADE JAM SCENTED CANDLES,Neutral,0.8108
22879,NUMBER TILE VINTAGE FONT 0,Neutral,0.7888
22964,3 PIECE SPACEBOY COOKIE CUTTER SET,Neutral,0.8301
90127A,PINK BEADS+HAND PHONE CHARM,Neutral,0.814
22965,3 TRADITIONAl BISCUIT CUTTERS  SET,Neutral,0.8903
22983,CARD BILLBOARD FONT,Neutral,0.6187
22927,GREEN GIANT GARDEN THERMOMETER,Neutral,0.82
22870,NUMBER TILE COTTAGE GARDEN 2,Neutral,0.8497
22921,HERB MARKER CHIVES ,Neutral,0.7098
22920,HERB MARKER BASIL,Neutral,0.6981
22916,HERB MARKER THYME,Neutral,0.7395
22918,HERB MARKER PARSLEY,Neutral,0.7728
22875,NUMBER TILE COTTAGE GARDEN 7,Neutral,0.8652
22925,BLUE GIANT GARDEN THERMOMETER,Neutral,0.8309
22965,3 TRADITIONAL COOKIE CUTTERS  SET,Neutral,0.8385
22984,CARD GINGHAM ROSE ,Neutral,0.7319
22858,EASTER TIN KEEPSAKE,Neutral,0.8072
22919,HERB MARKER MINT,Neutral,0.6939
22928,YELLOW GIANT GARDEN THERMOMETER,Neutral,0.83
22868,NUMBER TILE COTTAGE GARDEN 0 ,Neutral,0.8322
37477C,"FLOWER FAIRY MUG+COASTER,ROSE",Neutral,0.7577
22988,SOLDIERS EGG CUP ,Neutral,0.7446
22973,CHILDRENS CIRCUS PARADE MUG,Neutral,0.7618
22929,SCHOOL DESK AND CHAIR ,Neutral,0.7363
90142D,MOP PENDANT SHELL NECKLACE,Neutral,0.7611
22972,CHILDREN'S SPACEBOY MUG,Neutral,0.7684
22975,SPACEBOY CHILDRENS EGG CUP,Neutral,0.785
22972,CHILDRENS SPACEBOY MUG,Neutral,0.7695
22974,CHILDRENS DOLLY GIRL MUG,Neutral,0.7949
22976,CIRCUS PARADE CHILDRENS EGG CUP ,Neutral,0.7943
22977,DOLLY GIRL CHILDRENS EGG CUP,Neutral,0.8084
22973,CHILDREN'S CIRCUS PARADE MUG,Neutral,0.7958
22869,NUMBER TILE COTTAGE GARDEN 1,Neutral,0.8338
22962,JAM JAR WITH PINK LID,Neutral,0.8288
22960,JAM MAKING SET WITH JARS,Neutral,0.8638
22963,JAM JAR WITH GREEN LID,Neutral,0.7914
22292,HANGING CHICK  YELLOW DECORATION,Neutral,0.8281
22291,HANGING CHICK CREAM DECORATION,Neutral,0.8651
22246,MAGIC GARDEN FELT GARLAND ,Neutral,0.6864
21391,FRENCH LAVENDER SCENT HEART,Neutral,0.722
90011A,MIDNIGHT BLUE CRYSTAL DROP EARRINGS,Neutral,0.8555
22293,HANGING CHICK GREEN DECORATION,Neutral,0.8591
22876,NUMBER TILE COTTAGE GARDEN 8,Neutral,0.8677
22778,GLASS BELL JAR SMALL,Neutral,0.7513
22777,GLASS BELL JAR LARGE,Neutral,0.7193
79151B,"SILICON CUBE 25W, BLUE",Neutral,0.8394
22930,BAKING MOULD HEART MILK CHOCOLATE,Neutral,0.5635
22931,BAKING MOULD HEART WHITE CHOCOLATE,Neutral,0.6423
22932,BAKING MOULD TOFFEE CUP CHOCOLATE,Neutral,0.7873
22937,BAKING MOULD CHOCOLATE CUPCAKES,Neutral,0.4793
22936,BAKING MOULD ROSE WHITE CHOCOLATE,Neutral,0.7281
22935,BAKING MOULD ROSE MILK CHOCOLATE,Neutral,0.7834
22937,BAKING MOULD CHOCOLATE CUP CAKES,Neutral,0.5268
22933,BAKING MOULD EASTER EGG MILK CHOC,Neutral,0.7797
22934,BAKING MOULD EASTER EGG WHITE CHOC,Neutral,0.799
15058A,BLUE POLKADOT GARDEN PARASOL,Neutral,0.7725
22826,LOVE SEAT ANTIQUE WHITE METAL,Positive,0.7935
22861,EASTER TIN CHICKS IN GARDEN,Neutral,0.8239
22723,SET OF 6 HERB TINS SKETCHBOOK,Neutral,0.8524
22720,SET OF 3 CAKE TINS PANTRY DESIGN ,Neutral,0.8509
21109,LARGE CAKE TOWEL CHOCOLATE SPOTS,Neutral,0.8097
22932,BAKING MOULD TOFFEE CUP  CHOCOLATE,Neutral,0.7583
22937,BAKING MOULD CUPCAKE CHOCOLATE,Neutral,0.6609
22721,SET OF 3 CAKE TINS SKETCHBOOK,Neutral,0.8442
22886,NUMBER TILE VINTAGE FONT 7,Neutral,0.8637
22883,NUMBER TILE VINTAGE FONT 4,Neutral,0.8314
90136,PALE PINK/AMETHYST STONE NECKLACE,Neutral,0.8729
22871,NUMBER TILE COTTAGE GARDEN 3 ,Neutral,0.8208
22970,LONDON BUS COFFEE MUG,Neutral,0.838
22971,QUEENS GUARD COFFEE MUG,Neutral,0.8443
90022,EDWARDIAN DROP EARRINGS JET BLACK,Neutral,0.8836
85144,JARDIN ETCHED GLASS CHEESE DISH,Neutral,0.8031
22285,HANGING HEN ON NEST DECORATION,Neutral,0.8666
22134,MINI LADLE LOVE HEART RED ,Positive,0.9075
22288,HANGING METAL RABBIT DECORATION,Neutral,0.8809
23231,WRAP DOILEY DESIGN,Neutral,0.7982
22135,MINI LADLE LOVE HEART PINK,Positive,0.8504
23230,WRAP ALPHABET DESIGN,Neutral,0.8399
22967,SET 3 SONG BIRD PAPER EGGS ASSORTED,Neutral,0.8836
22957,SET 3 PAPER VINTAGE CHICK PAPER EGG,Neutral,0.8676
23233,WRAP POPPIES  DESIGN,Neutral,0.8002
23232,WRAP VINTAGE PETALS  DESIGN,Neutral,0.8419
23166,MEDIUM CERAMIC TOP STORAGE JAR,Neutral,0.8697
17028J,INCENSE BAZAAR PEACH,Neutral,0.7612
21818,GLITTER HEART DECORATION,Neutral,0.8056
22595,GINGHAM HEART DECORATION,Neutral,0.8199
22989,SET 2 PANTRY DESIGN TEA TOWELS,Neutral,0.8777
22990,COTTON APRON PANTRY DESIGN,Neutral,0.8493
37413,ICON MUG REVOLUTIONARY,Neutral,0.8421
90174,BUTTERFLY HAIR BAND,Neutral,0.7723
22602,RETROSPOT WOODEN HEART DECORATION,Neutral,0.8408
90055,CRACKED GLAZE EARRINGS BROWN,Neutral,0.7671
22597,MUSICAL ZINC HEART DECORATION ,Neutral,0.8285
22289,HANGING METAL CHICKEN DECORATION,Neutral,0.8904
22980,PANTRY SCRUBBING BRUSH,Neutral,0.5598
21811,HANGING HEART WITH BELL,Neutral,0.5219
22993,SET OF 4 PANTRY JELLY MOULDS,Neutral,0.8598
23006,TRAVEL CARD WALLET FLOWER MEADOW,Neutral,0.8662
23004,TRAVEL CARD WALLET PANTRY,Neutral,0.8379
23002,TRAVEL CARD WALLET SKULLS,Neutral,0.8117
23003,TRAVEL CARD WALLET VINTAGE ROSE ,Neutral,0.8286
23000,TRAVEL CARD WALLET TRANSPORT,Neutral,0.8428
22994,TRAVEL CARD WALLET RETROSPOT,Neutral,0.8475
22998,TRAVEL CARD WALLET KEEP CALM,Neutral,0.8245
22991,GIRAFFE WOODEN RULER,Neutral,0.778
22992,REVOLVER WOODEN RULER ,Neutral,0.7681
79063D,"RETRO PILL BOX , REVOLUTIONARY",Neutral,0.8126
22999,TRAVEL CARD WALLET RETRO PETALS,Neutral,0.8677
22995,TRAVEL CARD WALLET SUKI,Neutral,0.8065
22996,TRAVEL CARD WALLET VINTAGE TICKET,Neutral,0.8797
22978,PANTRY ROLLING PIN,Neutral,0.8292
22997,TRAVEL CARD WALLET UNION JACK,Neutral,0.8735
23005,TRAVEL CARD WALLET I LOVE LONDON,Positive,0.981
79062D,"RETRO TIN ASHTRAY,REVOLUTIONARY",Neutral,0.8731
22351,DOTCOMGIFTSHOP TEA TOWEL,Neutral,0.8505
84997C,CHILDRENS CUTLERY POLKADOT BLUE,Neutral,0.7716
84997D,CHILDRENS CUTLERY POLKADOT PINK,Neutral,0.8695
21112,SWISS ROLL TOWEL PINK  SPOTS,Neutral,0.802
22383,LUNCH BAG SUKI DESIGN ,Neutral,0.842
84997B,CHILDRENS CUTLERY RETROSPOT RED ,Neutral,0.7908
84997A,CHILDRENS CUTLERY POLKADOT GREEN ,Neutral,0.7763
21928,JUMBO BAG SCANDINAVIAN BLUE PAISLEY,Neutral,0.8432
23182,TOILET SIGN OCCUPIED OR VACANT,Neutral,0.6798
22979,PANTRY WASHING UP BRUSH,Neutral,0.7943
23177,TREASURE ISLAND BOOK BOX,Neutral,0.8498
23193,BUFFALO BILL TREASURE BOOK BOX,Neutral,0.8878
23194,GYMKHANNA TREASURE BOOK BOX,Neutral,0.8558
23176,ABC TREASURE BOOK BOX ,Neutral,0.8302
22982,PANTRY PASTRY BRUSH,Neutral,0.7868
23126,DOLLCRAFT GIRL AMELIE KIT,Neutral,0.8546
23127,DOLLCRAFT GIRL NICOLE,Neutral,0.8512
23127,FELTCRAFT GIRL NICOLE KIT,Neutral,0.8676
23128,FELTCRAFT BOY JEAN-PAUL KIT,Neutral,0.8471
23126,FELTCRAFT GIRL AMELIE KIT,Neutral,0.8554
23194,GYMKHANA TREASURE BOOK BOX,Neutral,0.8593
23183,MOTHER'S KITCHEN SPOON REST ,Neutral,0.771
23179,CLOCK MAGNET MUM'S KITCHEN,Neutral,0.7214
23178,JAM CLOCK MAGNET,Neutral,0.769
22981,PANTRY APPLE CORER,Neutral,0.7264
23180,MUM'S KITCHEN CLOCK,Neutral,0.744
23049,RECYCLED ACAPULCO MAT RED,Neutral,0.7773
23053,RECYCLED ACAPULCO MAT PINK,Neutral,0.873
23054,RECYCLED ACAPULCO MAT LAVENDER,Neutral,0.7677
23050,RECYCLED ACAPULCO MAT GREEN,Neutral,0.7676
23052,RECYCLED ACAPULCO MAT TURQUOISE,Neutral,0.7926
23051,RECYCLED ACAPULCO MAT BLUE,Neutral,0.8096
23128,DOLLCRAFT BOY JEAN-PAUL ,Neutral,0.7746
23185,FRENCH STYLE STORAGE JAR JAM,Neutral,0.8623
23184,BULL DOG BOTTLE OPENER,Negative,0.5385
23181,BULL DOG BOTTLE TOP WALL CLOCK,Neutral,0.662
23187,FRENCH STYLE STORAGE JAR BONBONS,Neutral,0.866
23126,DOLLCRAFT GIRL AMELIE,Neutral,0.8252
23186,FRENCH STYLE STORAGE JAR CAFE ,Neutral,0.8509
79063C,"RETRO PILL BOX KEY CHAIN,THE KING",Neutral,0.6713
23009,I LOVE LONDON BABY GIFT SET,Positive,0.9879
23007, SPACEBOY BABY GIFT SET,Neutral,0.7364
23008,DOLLY GIRL BABY GIFT SET,Neutral,0.8216
23010,CIRCUS PARADE BABY GIFT SET,Neutral,0.8257
84828,JUNGLE POPSICLES ICE LOLLY MOULDS,Neutral,0.8228
84946,ANTIQUE SILVER T-LIGHT GLASS,Neutral,0.7654
23077,DOUGHNUT LIP GLOSS ,Neutral,0.5712
23076,ICE CREAM SUNDAE LIP GLOSS,Neutral,0.7221
23078,ICE CREAM PEN LIP GLOSS ,Neutral,0.721
22985,WRAP BILLBOARD FONTS DESIGN,Neutral,0.8631
23159,SET OF 5 PANCAKE DAY MAGNETS,Neutral,0.8736
23154,SET OF 4 JAM JAR MAGNETS,Neutral,0.8506
23156,SET OF 5 MINI GROCERY MAGNETS,Neutral,0.8619
23155,KNICKERBOCKERGLORY MAGNET ASSORTED ,Neutral,0.7783
23158,SET OF 5 LUCKY CAT MAGNETS ,Neutral,0.6431
16156L,WRAP CAROUSEL,Neutral,0.7193
23157,SET OF 6 NATIVITY MAGNETS ,Neutral,0.8421
84228,HEN HOUSE WITH CHICK STANDING,Neutral,0.7991
79030D,TUMBLER BAROQUE,Neutral,0.6893
22287,DECORATION WOBBLY CHICKEN,Neutral,0.7685
22286,DECORATION WOBBLY RABBIT METAL ,Neutral,0.8051
23254,CHILDRENS CUTLERY DOLLY GIRL ,Neutral,0.7667
23256,CHILDRENS CUTLERY SPACEBOY ,Neutral,0.7668
23255,CHILDRENS CUTLERY CIRCUS PARADE,Neutral,0.8129
79030G,TUMBLER NEW ENGLAND,Neutral,0.826
90025A,BAROQUE BUTTERFLY EARRINGS BLACK,Neutral,0.8395
37487B,YELLOW/ORANGE FLOWER DESIGN PLATE,Neutral,0.8633
23205,CHARLOTTE BAG VINTAGE ALPHABET ,Neutral,0.7762
23201,JUMBO BAG ALPHABET,Neutral,0.7926
23207,LUNCH BAG ALPHABET DESIGN,Neutral,0.8765
23199,JUMBO BAG APPLES,Neutral,0.7801
23206,LUNCH BAG APPLE DESIGN,Neutral,0.8459
23204,CHARLOTTE BAG APPLES DESIGN,Neutral,0.8194
23205,CHARLOTTE BAG ALPHABET  DESIGN,Neutral,0.8328
23256,KIDS CUTLERY SPACEBOY ,Neutral,0.7993
23254,KIDS CUTLERY DOLLY GIRL ,Neutral,0.7729
23208,LUNCH BAG VINTAGE LEAF DESIGN,Neutral,0.8615
37468,HARDMAN MUG 3 ASSORTED,Neutral,0.8672
22785,SQUARECUSHION COVER PINK UNION JACK,Neutral,0.8844
23065,LARGE DECO JEWELLERY STAND,Neutral,0.8272
23060,HEART BEADED TRELLIS DECORATION,Neutral,0.7623
23057,GEMSTONE CHANDELIER T-LIGHT HOLDER,Neutral,0.8384
23057,BEADED CHANDELIER T-LIGHT HOLDER,Neutral,0.8065
23066,SMALL DECO JEWELLERY STAND,Neutral,0.8346
23068,ALUMINIUM STAMPED HEART,Neutral,0.6714
23075,DOUBLE CERAMIC PARLOUR HOOK,Neutral,0.7996
23153,ZINC SWEETHEART WIRE LETTER RACK,Neutral,0.8143
23075,PARLOUR CERAMIC WALL HOOK,Neutral,0.8162
23073,GEORGIAN TRINKET BOX,Neutral,0.7729
23146,TRIPLE HOOK ANTIQUE IVORY ROSE,Neutral,0.8132
23061,VINTAGE EMBOSSED HEART,Neutral,0.6351
23055,IVORY CHANDELIER T-LIGHT HOLDER,Neutral,0.8093
23056,FLOWERS CHANDELIER T-LIGHT HOLDER,Neutral,0.803
23140,TRIPLE WIRE HOOK IVORY HEART,Neutral,0.7627
23141,TRIPLE WIRE HOOK PINK HEART,Neutral,0.7362
23135,SMALL ZINC HEART WALL ORGANISER,Neutral,0.8571
23132,SMALL IVORY HEART WALL ORGANISER,Neutral,0.8538
23071,MARIE ANTOIENETT TRINKET BOX GOLD,Neutral,0.8589
23152,IVORY SWEETHEART WIRE LETTER RACK ,Neutral,0.7892
23134,LARGE ZINC HEART WALL ORGANISER,Neutral,0.8612
23133,LARGE IVORY HEART WALL ORGANISER,Neutral,0.8641
23147,SINGLE ANTIQUE ROSE HOOK IVORY,Neutral,0.8408
23148,MINIATURE ANTIQUE ROSE HOOK IVORY,Neutral,0.8362
23144,ZINC T-LIGHT HOLDER STARS SMALL,Neutral,0.716
23142,IVORY WIRE KITCHEN ORGANISER,Neutral,0.808
23136,IVORY WIRE SWEETHEART LETTER TRAY,Neutral,0.788
23139,SINGLE WIRE HOOK PINK HEART,Neutral,0.7436
23138,SINGLE WIRE HOOK IVORY HEART,Neutral,0.7685
23150,IVORY SWEETHEART SOAP DISH,Neutral,0.7788
23145,ZINC T-LIGHT HOLDER STAR LARGE,Neutral,0.827
23253,16 PIECE CUTLERY SET PANTRY DESIGN,Neutral,0.8312
84906,PINK BUTTERFLY CUSHION COVER,Neutral,0.7486
23137,ZINC WIRE SWEETHEART LETTER TRAY,Neutral,0.7284
90135,ORANGE/WHT/FUSCHIA STONES NECKLACE,Neutral,0.8766
23069,EDWARDIAN PHOTO FRAME,Negative,0.5005
23131,MISTLETOE HEART WREATH CREAM,Neutral,0.7837
23067,HANGING ENGRAVED METAL HEART,Neutral,0.7859
23163,REGENCY SUGAR TONGS,Neutral,0.8569
23284,DOORMAT KEEP CALM AND COME IN,Neutral,0.8139
23283,DOORMAT VINTAGE LEAVES DESIGN ,Neutral,0.8126
23162,REGENCY TEA STRAINER,Neutral,0.7333
23048,SET OF 10 LANTERNS FAIRY LIGHT STAR,Neutral,0.8188
23042,PAPER LANTERN 7 POINT SNOW STAR,Neutral,0.8548
23041,PAPER LANTERN 9 POINT SNOW STAR,Neutral,0.8626
23040,PAPER LANTERN 9 POINT SNOW STAR ,Neutral,0.8456
23064,CINDERELLA CHANDELIER ,Neutral,0.734
23130,MISTLETOE HEART WREATH GREEN,Neutral,0.6366
22987,WRAP SUMMER ROSE DESIGN,Neutral,0.8766
23160,REGENCY TEA SPOON,Neutral,0.787
23161,REGENCY CAKE FORK,Neutral,0.7463
23164,REGENCY CAKE SLICE,Neutral,0.7597
23149,ANTIQUE IVORY WIRE BOWL SMALL,Neutral,0.8337
23148,MINITURE ANTIQUE ROSE HOOK IVORY,Neutral,0.7937
23143,ZINC WIRE KITCHEN ORGANISER,Neutral,0.892
23299,FOOD COVER WITH BEADS SET 2 ,Neutral,0.7689
23298,SPOTTY BUNTING,Negative,0.5413
23070,EDWARDIAN HEART PHOTO FRAME,Negative,0.5146
23151,ZINC SWEETHEART SOAP DISH,Neutral,0.7641
23040,PAPER LANTERN 9 POINT SNOW STAR,Neutral,0.8626
23043,PAPER LANTERN 9 POINT HOLLY STAR 40,Neutral,0.8746
23045,PAPER LANTERN 5 POINT STAR MOON 30,Neutral,0.8684
23041,PAPER LANTERN 6 POINT SNOW STAR,Neutral,0.8453
23298,"BUNTING , SPOTTY ",Neutral,0.6514
23209,LUNCH BAG DOILEY PATTERN ,Neutral,0.8419
23200,JUMBO BAG PEARS,Neutral,0.764
23203,JUMBO BAG DOILEY PATTERNS,Neutral,0.8197
90076,MONTANA DIAMOND CLUSTER EARRINGS,Neutral,0.8408
23071,MARIE ANTOINETTE TRINKET BOX GOLD,Neutral,0.8535
23072,MARIE ANTOINETTE TRINKET BOX SILVER,Neutral,0.8446
23202,JUMBO BAG VINTAGE LEAF,Neutral,0.8011
23043,PAPER LANTERN 9 POINT HOLLY STAR L,Neutral,0.8664
23046,PAPER LANTERN 9 POINT DELUXE STAR,Neutral,0.862
23047,PAPER LANTERN 5 POINT SEQUIN STAR,Neutral,0.8507
23044,PAPER LANTERN 9 POINT HOLLY STAR S,Neutral,0.8586
23044,PAPER LANTERN 9 POINT HOLLY STAR 23,Neutral,0.8836
23047,PAPER LANTERN 5 POINT STUDDED STAR,Neutral,0.8463
23299,"FOOD COVER WITH BEADS , SET 2 SIZES",Neutral,0.7537
23282,FOLDING BUTTERFLY MIRROR IVORY ,Neutral,0.8069
23280,FOLDING BUTTERFLY MIRROR HOT PINK ,Neutral,0.7109
23190,BUNDLE OF 3 SCHOOL EXERCISE BOOKS  ,Neutral,0.8447
23191,BUNDLE OF 3 RETRO NOTE BOOKS,Neutral,0.8736
23191,BUNDLE OF 3 RETRO EXERCISE BOOKS,Neutral,0.8546
23175,REGENCY MILK JUG PINK ,Neutral,0.8515
23174,REGENCY SUGAR BOWL GREEN,Neutral,0.8053
23173,REGENCY TEAPOT ROSES ,Neutral,0.7671
23172,REGENCY TEA PLATE PINK,Neutral,0.8778
23171,REGENCY TEA PLATE GREEN ,Neutral,0.8091
23170,REGENCY TEA PLATE ROSES ,Neutral,0.781
23081,GREEN METAL BOX ARMY SUPPLIES,Neutral,0.865
23084,RABBIT NIGHT LIGHT,Neutral,0.7476
23281,FOLDING BUTTERFLY MIRROR RED  ,Neutral,0.7444
23118,PARISIENNE JEWELLERY DRAWER ,Neutral,0.8249
23096,PETIT TRAY CHIC,Neutral,0.5774
23091,ZINC HERB GARDEN CONTAINER,Neutral,0.8553
23094,LE GRAND TRAY CHIC SET,Neutral,0.7324
23108,SET OF 10 LED DOLLY LIGHTS,Neutral,0.8348
23080,RED METAL BOX TOP SECRET,Neutral,0.8207
23081,GREEN METAL BOX TOP SECRET,Neutral,0.8383
23110,PARISIENNE KEY CABINET ,Neutral,0.802
23192,BUNDLE OF 3 ALPHABET EXERCISE BOOKS,Neutral,0.8561
23100,SILVER BELLS TABLE DECORATION,Neutral,0.8261
23102,SILVER HEARTS TABLE DECORATION,Neutral,0.8042
23061,VINTAGE ENGRAVED HEART,Neutral,0.6257
23082,SET 6 PAPER TABLE LANTERN HEARTS ,Neutral,0.8737
16151A,FLOWERS HANDBAG blue and orange,Neutral,0.7827
23093,SMALL PARISIENNE HEART PHOTO FRAME ,Neutral,0.7787
23280,FOLDING MIRROR HOT PINK ,Neutral,0.7323
23109,LED TEA LIGHTS,Neutral,0.6498
23103,BELL HEART DECORATION,Neutral,0.8025
23068,ALUMINIUM HEART,Neutral,0.7322
23056,CRYSTAL CHANDELIER T-LIGHT HOLDER,Neutral,0.8272
23112,PARISIENNE CURIO CABINET,Neutral,0.7509
23111,PARISIENNE SEWING BOX,Neutral,0.725
23079,TOADSTOOL BEDSIDE LIGHT ,Neutral,0.8151
23167,SMALL CERAMIC TOP STORAGE JAR ,Neutral,0.8468
23104,IVORY PANTRY HANGING LAMP ,Neutral,0.78
23168,CLASSIC SUGAR DISPENSER,Neutral,0.7925
23131,MISELTOE HEART WREATH WHITE,Neutral,0.7785
23130,MISELTOE HEART WREATH ,Neutral,0.6954
23169,CLASSIC GLASS SWEET JAR,Neutral,0.5903
23165,LARGE CERAMIC TOP STORAGE JAR,Neutral,0.8591
23065,LARGE JEWELLERY STAND,Neutral,0.8387
23066,SMALL JEWELLERY STAND,Neutral,0.8137
23101,SILVER STARS TABLE DECORATION,Neutral,0.8456
23089,GLASS BON BON JAR,Neutral,0.6969
23107,WHITE WIRE PLANT POT HOLDER,Neutral,0.793
23169,CLASSIC GLASS COOKIE JAR,Neutral,0.799
23168,CLASSIC CAFE SUGAR DISPENSER,Neutral,0.8447
23103,JINGLE BELL HEART DECORATION,Neutral,0.8148
23106,ZINC HEARTS PLANT POT HOLDER,Neutral,0.865
23107,WHITE HEARTS WIRE PLANT POT HOLDER,Neutral,0.8475
23087,ZINC  HEART T-LIGHT HOLDER,Neutral,0.6371
23088,ZINC HEART FLOWER T-LIGHT HOLDER,Neutral,0.7073
23091,METAL HERB GERDEN CONTAINER,Neutral,0.8294
23106,ZINC PLANT POT HOLDER,Neutral,0.7898
23282,FOLDING MIRROR IVORY ,Neutral,0.8311
23281,FOLDING MIRROR RED  ,Neutral,0.7603
23301,GARDENERS KNEELING PAD KEEP CALM ,Neutral,0.7716
23300,GARDENERS KNEELING PAD CUP OF TEA ,Neutral,0.8027
23302,KNEELING MAT HOUSEWORK  DESIGN,Neutral,0.8632
23090,VINTAGE GLASS T-LIGHT HOLDER,Neutral,0.7941
23083,SET 6 PAPER TABLE LANTERN STARS ,Neutral,0.8732
23092,LARGE ANTIQUE WHITE PHOTO FRAME,Neutral,0.6676
23085,ANTIQUE SILVER BAUBLE LAMP  ,Neutral,0.8093
23099,FRENCH CARRIAGE LANTERN,Neutral,0.8195
23086,ZINC  STAR T-LIGHT HOLDER ,Neutral,0.7904
22179,SET 10 NIGHT OWL LIGHTS,Neutral,0.8981
23129,HEART SHAPED HOLLY WREATH,Neutral,0.6316
23104,IVORY CAFE HANGING LAMP ,Neutral,0.8251
90050,CRACKED GLAZE NECKLACE IVORY,Neutral,0.7989
90141B,IVORY PENDANT TRIPLE SHELL NECKLACE,Neutral,0.7618
23145,ZINC T-LIGHT HOLDER STARS LARGE,Neutral,0.7668
23253,16 PC CUTLERY SET PANTRY DESIGN,Neutral,0.8865
23228,FILIGREE HEART BIRD WHITE ,Neutral,0.7613
23227,FILIGREE HEART BUTTERFLY WHITE ,Neutral,0.7683
23086,ZINC STAR T-LIGHT HOLDER ,Neutral,0.7954
23444,Next Day Carriage,Neutral,0.8607
22268,DECORATION SITTING BUNNY,Neutral,0.5861
23226,FILIGREE HEART DAISY WHITE,Neutral,0.7864
23214,JINGLE BELL HEART ANTIQUE GOLD,Neutral,0.7423
23215,JINGLE BELL HEART ANTIQUE SILVER,Neutral,0.79
90208,PAIR OF PINK FLOWER CLUSTER SLIDE,Neutral,0.7988
23210,WHITE ROCKING HORSE HAND PAINTED,Neutral,0.729
23213,STAR WREATH DECORATION WITH BELL,Neutral,0.8786
23212,HEART WREATH DECORATION WITH BELL,Neutral,0.7626
23219,LAUREL STAR ANTIQUE SILVER ,Neutral,0.8166
23224,CHERUB HEART DECORATION GOLD,Neutral,0.7391
23221,REINDEER HEART DECORATION SILVER,Neutral,0.818
23211,RED ROCKING HORSE HAND PAINTED,Neutral,0.7787
23216,LAUREL HEART ANTIQUE GOLD,Neutral,0.7337
23217,LAUREL HEART ANTIQUE SILVER,Neutral,0.7846
23225,CHERUB HEART DECORATION SILVER ,Neutral,0.7882
22900,SET 2 TEA TOWELS I LOVE LONDON ,Positive,0.9767
23275,SET OF 3 HANGING OWLS OLLIE BEAK,Neutral,0.9018
23263,SET OF 3 WOODEN HEART DECORATIONS,Neutral,0.8883
23045,PAPER LANTERN 5 POINT STAR MOON ,Neutral,0.8025
23309,SET OF 60 I LOVE LONDON CAKE CASES ,Positive,0.9749
23270,SET OF 2 CERAMIC PAINTED HEARTS ,Neutral,0.8529
23307,SET OF 60 PANTRY DESIGN CAKE CASES ,Neutral,0.8707
23306,SET OF 36 DOILIES PANTRY DESIGN,Neutral,0.8862
23308,SET OF 60 VINTAGE LEAF CAKE CASES ,Neutral,0.8686
23273,HEART T-LIGHT HOLDER WILLIE WINKIE,Neutral,0.602
23274,STAR T-LIGHT HOLDER WILLIE WINKIE,Neutral,0.8287
85184C,SET 4 VALENTINE DECOUPAGE HEART BOX,Neutral,0.8783
22986,WRAP GINGHAM ROSE ,Neutral,0.7894
23240,SET OF 4 KNICK KNACK TINS DOILEY ,Neutral,0.808
23238,SET OF 4 KNICK KNACK TINS LONDON ,Neutral,0.8753
23243,SET OF TEA COFFEE SUGAR TINS PANTRY,Neutral,0.8443
23245,SET OF 3 REGENCY CAKE TINS,Neutral,0.8301
23239,SET OF 4 KNICK KNACK TINS POPPIES,Neutral,0.7983
23236,DOILEY STORAGE TIN,Neutral,0.8311
23235,STORAGE TIN VINTAGE LEAF,Neutral,0.8199
23241,TREASURE TIN GYMKHANA DESIGN,Neutral,0.8191
23242,TREASURE TIN BUFFALO BILL ,Neutral,0.8336
23247,BISCUIT TIN 50'S CHRISTMAS,Neutral,0.8364
23244,ROUND STORAGE TIN VINTAGE LEAF,Neutral,0.8438
23237,SET OF 4 KNICK KNACK TINS LEAVES ,Neutral,0.8471
23244,STORAGE TIN VINTAGE LEAF,Neutral,0.8199
23321,SMALL WHITE HEART OF WICKER,Neutral,0.8134
23236,DOILEY BISCUIT TIN,Neutral,0.7937
23310,BUBBLEGUM RING ASSORTED,Neutral,0.6154
23220,REINDEER HEART DECORATION GOLD,Neutral,0.7888
22502,PICNIC BASKET WICKER 60 PIECES,Neutral,0.8078
23266,SET OF 3 WOODEN STOCKING DECORATION,Neutral,0.8787
23265,SET OF 3 WOODEN TREE DECORATIONS,Neutral,0.8663
23264,SET OF 3 WOODEN SLEIGH DECORATIONS,Neutral,0.8875
23269,SET OF 2 CERAMIC CHRISTMAS TREES,Neutral,0.8464
23268,SET OF 2 CERAMIC CHRISTMAS REINDEER,Neutral,0.8674
23252,VINTAGE RED ENAMEL TRIM JUG ,Neutral,0.8265
23322,LARGE WHITE HEART OF WICKER,Neutral,0.8301
22197,POPCORN HOLDER,Neutral,0.7086
23286,BLUE VINTAGE SPOT BEAKER,Neutral,0.7472
23338,EGG FRYING PAN RED ,Neutral,0.5584
23285,PINK VINTAGE SPOT BEAKER,Neutral,0.7684
23288,GREEN VINTAGE SPOT BEAKER,Neutral,0.7587
23343,JUMBO BAG VINTAGE CHRISTMAS ,Neutral,0.7948
47310M,SMALL POP BOX FUNKY MONKEY,Neutral,0.5373
23271,CHRISTMAS TABLE CANDLE SILVER SPIKE,Neutral,0.8424
23335,EGG FRYING PAN IVORY ,Neutral,0.6138
23339,EGG FRYING PAN BLUE ,Neutral,0.6368
23336,EGG FRYING PAN PINK ,Neutral,0.748
23337,EGG FRYING PAN MINT ,Negative,0.5961
23292,SPACE BOY CHILDRENS CUP,Neutral,0.7928
23291,DOLLY GIRL CHILDRENS CUP,Neutral,0.8186
23289,DOLLY GIRL CHILDRENS BOWL,Neutral,0.8267
23290,SPACEBOY CHILDRENS BOWL,Neutral,0.798
23287,RED VINTAGE SPOT BEAKER,Neutral,0.755
23188,VINTAGE  2 METER FOLDING RULER,Neutral,0.8206
23235,BISCUIT TIN VINTAGE LEAF,Neutral,0.8158
23244,CANNISTER VINTAGE LEAF DESIGN,Neutral,0.8473
23251,VINTAGE RED ENAMEL TRIM MUG ,Neutral,0.8351
23249,VINTAGE RED ENAMEL TRIM PLATE,Neutral,0.8083
23250,VINTAGE RED TRIM ENAMEL BOWL ,Neutral,0.8076
23229,VINTAGE DONKEY TAIL GAME ,Neutral,0.7762
23234,BISCUIT TIN VINTAGE CHRISTMAS,Neutral,0.8456
23012,GLASS APOTHECARY BOTTLE PERFUME,Neutral,0.7761
23014,GLASS APOTHECARY BOTTLE ELIXIR,Neutral,0.765
23035,DRAWER KNOB CERAMIC IVORY,Neutral,0.7893
23020,GLASS  SONGBIRD STORAGE JAR,Neutral,0.8698
23032,DRAWER KNOB CRACKLE GLAZE IVORY,Neutral,0.7998
23028,DRAWER KNOB CRACKLE GLAZE BLUE,Neutral,0.7628
23031,DRAWER KNOB CRACKLE GLAZE PINK,Neutral,0.8584
23029,DRAWER KNOB CRACKLE GLAZE GREEN,Neutral,0.7996
23033,DRAWER KNOB CERAMIC RED,Neutral,0.7838
23034,DRAWER KNOB CERAMIC BLACK,Neutral,0.8244
23013,GLASS APOTHECARY BOTTLE TONIC,Neutral,0.728
23229,DONKEY TAIL GAME ,Neutral,0.7414
23079, TOADSTOOL BEDSIDE LIGHT ,Neutral,0.8017
23344,JUMBO BAG 50'S CHRISTMAS ,Neutral,0.7414
23032,DOORKNOB CRACKED GLAZE IVORY,Negative,0.5511
23028,DOORKNOB CRACKED GLAZE BLUE,Neutral,0.6153
23022,SMALL BONNE JAM JAR  T-LIGHT HOLDER,Neutral,0.8123
23016,GLASS TWIST BON BON JAR,Neutral,0.7631
23026,DRAWER KNOB VINTAGE GLASS STAR,Neutral,0.8197
23119,PACK OF 6 LARGE FRUIT STRAWS ,Neutral,0.8233
23292,SPACEBOY CHILDRENS CUP,Neutral,0.768
23123,COCKTAIL SWORDS 50 PIECES,Neutral,0.7278
23122,PARTY CHARMS 50 PIECES,Neutral,0.7978
23120,PACK OF 6 SMALL FRUIT STRAWS,Neutral,0.8497
23121,PACK OF 6 COCKTAIL PARASOL STRAWS,Neutral,0.8416
23124,18PC WOODEN CUTLERY SET DISPOSABLE,Neutral,0.7282
23125,6PC WOOD PLATE SET DISPOSABLE,Neutral,0.7814
23039,T-LIGHT HOLDER SILVER HEART HANDLE,Neutral,0.7747
23023,RIDGED BONNE JAM JAR T-LIGHT HOLDER,Neutral,0.7893
23019,SMALL APOTHECARY MEASURING JAR ,Neutral,0.849
23272,TREE T-LIGHT HOLDER WILLIE WINKIE,Neutral,0.8253
23036,T-LIGHT HOLDER SILVER PETIT FOUR ,Neutral,0.8361
23021,GLASS BONNE JAM JAR,Neutral,0.6441
23232,WRAP VINTAGE LEAF DESIGN,Neutral,0.8719
23198,PANTRY MAGNETIC  SHOPPING LIST,Neutral,0.8506
23027,DRAWER KNOB VINTAGE GLASS HEXAGON,Neutral,0.8461
23015,CORDIAL GLASS JUG,Neutral,0.7701
23024,LARGE BONNE JAM JAR  T-LIGHT HOLDER,Neutral,0.8134
23223,CHRISTMAS TREE HANGING SILVER ,Neutral,0.8092
23222,CHRISTMAS TREE HANGING GOLD,Neutral,0.7788
23197,SKETCHBOOK MAGNETIC SHOPPING LIST,Neutral,0.8765
23196,RETRO LEAVES MAGNETIC NOTEPAD,Neutral,0.8477
23267,SET OF 4 SANTA PLACE SETTINGS,Neutral,0.891
23323,WHITE WICKER STAR ,Neutral,0.792
23315,IVORY REFECTORY CLOCK,Neutral,0.7213
23316,RED REFECTORY CLOCK ,Neutral,0.7433
23342,MINT DINER WALL CLOCK,Neutral,0.7313
23341,PINK DINER WALL CLOCK,Neutral,0.8075
23196,RETO LEAVES MAGNETIC SHOPPING LIST,Neutral,0.8817
23037,CANDLE HOLDER SILVER MADELINE,Neutral,0.861
23197,VEGETABLE MAGNETIC  SHOPPING LIST,Neutral,0.6959
23271,CHRISTMAS TABLE SILVER CANDLE SPIKE,Neutral,0.8137
23317,BLUE REFECTORY CLOCK ,Neutral,0.7716
23017,APOTHECARY MEASURING JAR,Neutral,0.8142
23018,LARGE APOTHECARY MEASURING JAR ,Neutral,0.8437
23031,DOORKNOB CRACKED GLAZE PINK,Neutral,0.5629
23029,DOORKNOB CRACKED GLAZE GREEN,Neutral,0.5347
23025,DRAWER KNOB VINTAGE GLASS BALL,Neutral,0.819
23020,GLASS SONGBIRD STORAGE JAR,Neutral,0.882
22999,TRAVEL CARD WALLET VINTAGE LEAF,Neutral,0.8383
23214,BELL HEART ANTIQUE GOLD,Neutral,0.749
23196,LEAVES MAGNETIC  SHOPPING LIST,Neutral,0.8403
20622,VIP PASSPORT COVER ,Neutral,0.7976
21899,GARAGE KEY FOB,Neutral,0.7308
81952B,ROUND BLUE CLOCK WITH SUCKER,Negative,0.763
81952V,ROUND PURPLE CLOCK WITH SUCKER,Negative,0.732
81950V,FLOWER PURPLE CLOCK WITH SUCKER,Negative,0.7282
81950B,FLOWER BLUE CLOCK WITH SUCKER,Negative,0.7883
23237,SET OF 4 KNICK KNACK TINS LEAF,Neutral,0.8034
23320,GIANT 50'S CHRISTMAS CRACKER,Neutral,0.7338
23574,PACKING CHARGE,Neutral,0.7862
23196,VINTAGE LEAF MAGNETIC NOTEPAD,Neutral,0.8095
23318,BOX OF 6 MINI VINTAGE CRACKERS,Neutral,0.8655
23319,BOX OF 6 MINI 50'S CRACKERS,Neutral,0.8742
90205A,LARGE MINT DIAMANTE HAIRSLIDE,Neutral,0.8009
23283,DOORMAT VINTAGE LEAF,Neutral,0.7541
23038,T-LIGHT HOLDER SILVER SAUCER,Neutral,0.8278
23313,VINTAGE CHRISTMAS BUNTING,Neutral,0.815
23296,SET OF 6 TEA TIME BAKING CASES,Neutral,0.8758
23294,SET OF 6 SNACK LOAF BAKING CASES,Neutral,0.8717
23293,SET OF 12 FAIRY CAKE BAKING CASES,Neutral,0.8503
23295,SET OF 12 MINI LOAF BAKING CASES,Neutral,0.8793
23297,SET 40 HEART SHAPE PETIT FOUR CASES,Neutral,0.8339
81953B,ROUND BLUE CLOCK WITH SUCKER,Negative,0.763
23252,ENAMEL JUG PANTRY,Neutral,0.7761
23250,ENAMEL BOWL PANTRY,Neutral,0.766
23251,ENAMEL MUG PANTRY,Neutral,0.7375
23311,VINTAGE CHRISTMAS STOCKING ,Neutral,0.8142
23314,VINTAGE CHRISTMAS TABLECLOTH,Neutral,0.8118
23109,PACK OF SIX LED TEA LIGHTS,Neutral,0.759
23312,VINTAGE CHRISTMAS GIFT SACK,Neutral,0.7432
90031,BILI NUT AND WOOD NECKLACE,Neutral,0.7362
90141D,ROSE PENDANT TRIPLE SHELL NECKLACE,Neutral,0.8243
23550,WRAP ALPHABET POSTER  ,Neutral,0.8009
23218,LAUREL STAR ANTIQUE GOLD,Neutral,0.8226
23549,WRAP BIRD GARDEN ,Neutral,0.6985
23546,WRAP PAISLEY PARK ,Neutral,0.7658
84857B,BLUE MONTE CARLO HANDBAG,Neutral,0.7776
23545,WRAP RED DOILEY,Neutral,0.7147
23547,WRAP FLOWER SHOP  ,Neutral,0.8145
23548,WRAP MAGIC FOREST ,Neutral,0.7847
84387A,BIRD ON BRANCH CANVAS SCREEN,Neutral,0.8429
16169E,WRAP 50'S  CHRISTMAS,Neutral,0.8195
23347,I LOVE LONDON BEAKER,Positive,0.9814
23345, DOLLY GIRL BEAKER,Neutral,0.7752
23346,SPACEBOY BEAKER,Neutral,0.6532
23035,DOORKNOB CERAMIC IVORY,Neutral,0.6419
22407,MONEY BOX FIRST AID DESIGN,Neutral,0.8084
23340,VINTAGE CHRISTMAS CAKE FRILL,Neutral,0.7524
23131,MISELTOE HEART WREATH CREAM,Neutral,0.7646
23360,SET 8 CANDLES VINTAGE DOILEY,Neutral,0.8591
23359,SET OF 12 T-LIGHTS VINTAGE DOILEY,Neutral,0.8752
23373,VINTAGE CHRISTMAS PAPER GIFT BAG,Neutral,0.8419
23436,GIFT BAG LARGE VINTAGE CHRISTMAS,Neutral,0.8205
23353,6 GIFT TAGS VINTAGE CHRISTMAS ,Neutral,0.8239
23354,6 GIFT TAGS 50'S CHRISTMAS ,Neutral,0.7982
23374,RED SPOT PAPER GIFT BAG,Neutral,0.805
23438, RED SPOT GIFT BAG LARGE,Neutral,0.7515
23189,SET OF 12 FORK CANDLES,Neutral,0.8182
23349,ROLL WRAP VINTAGE CHRISTMAS,Neutral,0.8489
23350,ROLL WRAP VINTAGE SPOT ,Neutral,0.8023
23438,GIFT BAG LARGE SPOT ,Neutral,0.7335
23352,ROLL WRAP 50'S RED CHRISTMAS ,Neutral,0.8044
23351,ROLL WRAP 50'S CHRISTMAS,Neutral,0.8336
23203,JUMBO BAG VINTAGE DOILEY ,Neutral,0.7894
22939,ADULT APRON APPLE DELIGHT,Neutral,0.8532
23231,WRAP  VINTAGE DOILEY ,Neutral,0.8265
23240,SET OF 4 KNICK KNACK TINS DOILY ,Neutral,0.8177
23324,RUSTIC STRAWBERRY JAMPOT LARGE ,Neutral,0.7894
23203,JUMBO BAG VINTAGE DOILY ,Neutral,0.8018
23209,LUNCH BAG VINTAGE DOILY ,Neutral,0.8359
23360,SET 8 CANDLES VINTAGE DOILY,Neutral,0.8635
23236,STORAGE TIN VINTAGE DOILY ,Neutral,0.8108
23332,IVORY WICKER HEART LARGE,Neutral,0.8001
23329,DECORATIVE WICKER HEART LARGE,Neutral,0.8035
44235,ASSORTED COLOURED CIRCLE MOBILE ,Neutral,0.7671
23330,DECORATIVE WICKER HEART MEDIUM,Neutral,0.8162
23334,IVORY WICKER HEART SMALL,Neutral,0.8085
23333,IVORY WICKER HEART MEDIUM,Neutral,0.8137
23209,LUNCH BAG VINTAGE DOILEY ,Neutral,0.8284
23231,WRAP  VINTAGE DOILY ,Neutral,0.8211
23236,STORAGE TIN VINTAGE DOILEY ,Neutral,0.8024
23240,SET OF 4 KNICK KNACK TINS  DOILEY ,Neutral,0.8472
23328,SET 6 SCHOOL MILK BOTTLES IN CRATE,Neutral,0.71
23331,DECORATIVE WICKER HEART SMALL,Neutral,0.8073
23327,HANGING CLEAR MINI BOTTLE,Neutral,0.8284
23359,SET OF 12 T-LIGHTS VINTAGE DOILY,Neutral,0.8753
23326,HANGING MINI COLOURED BOTTLES,Neutral,0.8562
23325,RUSTIC STRAWBERRY JAMPOT SMALL,Neutral,0.8392
35817P,PINK ACRYLIC JEWEL SNOWFLAKE,Neutral,0.7788
23545,WRAP RED VINTAGE DOILY,Neutral,0.8181
23325,RUSTIC STRAWBERRY JAM POT SMALL,Neutral,0.8216
23324,RUSTIC STRAWBERRY JAM POT LARGE ,Neutral,0.7892
23436,VINTAGE CHRISTMAS GIFT BAG LARGE ,Neutral,0.7662
35916B,BLUE FELT HANGING HEART WITH FLOWER,Neutral,0.7261
23357,HOT WATER BOTTLE SEX BOMB,Neutral,0.7479
23358,HOT STUFF HOT WATER BOTTLE,Neutral,0.6842
23375,50'S CHRISTMAS PAPER GIFT BAG,Neutral,0.8317
23356,LOVE HOT WATER BOTTLE,Positive,0.9412
23355,HOT WATER BOTTLE KEEP CALM,Neutral,0.8046
90176E,DIAMANTE NECKLACE GREEN,Neutral,0.7371
23437, 50'S CHRISTMAS GIFT BAG LARGE,Neutral,0.8164
23015,CORDIAL JUG,Neutral,0.7425
23445,ICE CREAM BUBBLES,Neutral,0.6409
23439,HAND WARMER RED LOVE HEART,Positive,0.7721
23431,NATURAL HANGING QUILTED HEARTS ,Neutral,0.8259
23433,HANGING QUILTED PATCHWORK APPLES,Neutral,0.8527
23348,CHILDRENS TOY COOKING UTENSIL SET,Neutral,0.8387
82486,3 DRAWER ANTIQUE WHITE WOOD CABINET,Neutral,0.867
17107D,FLOWER FAIRY 5 DRAWER LINERS,Neutral,0.8457
21507,ELEPHANT BIRTHDAY CARD ,Neutral,0.774
DOT,DOTCOM POSTAGE,Neutral,0.8108
CRUK,CRUK Commission,Neutral,0.6096
23432,PRETTY HANGING QUILTED HEARTS,Neutral,0.8264
71459,HANGING JAM JAR T-LIGHT HOLDERS,Neutral,0.8649
22776,SWEETHEART 3 TIER CAKE STAND ,Neutral,0.7071
23376,PACK OF 12 VINTAGE CHRISTMAS TISSUE,Neutral,0.8078
23378,PACK OF 12 50'S CHRISTMAS TISSUES,Neutral,0.8716
23551,PACK OF 12 PAISLEY PARK TISSUES ,Neutral,0.8595
23342,MINT DINER CLOCK,Neutral,0.692
23396,BUTTERFLY CUSHION COVER,Neutral,0.7843
23395,BELLE JARDINIERE CUSHION COVER,Neutral,0.8636
23394,POSTE FRANCE CUSHION COVER,Neutral,0.859
23407,SET OF 2 TRAYS HOME SWEET HOME,Neutral,0.7169
23393,HOME SWEET HOME CUSHION COVER ,Neutral,0.5874
23427,STOOL HOME SWEET HOME ,Positive,0.5731
23397,FOOT STOOL HOME SWEET HOME ,Positive,0.5906
23377,PACK OF 12 DOLLY GIRL TISSUES,Neutral,0.8667
23399,HOME SWEET HOME HANGING HEART,Positive,0.8068
23411, TRELLIS COAT RACK,Neutral,0.7367
23398,HANGING HEART BONHEUR,Neutral,0.713
23396,LA JARDIN BOTANIQUE CUSHION COVER,Neutral,0.858
23404,HOME SWEET HOME BLACKBOARD,Positive,0.5167
23424,GINGHAM RECIPE BOOK BOX,Neutral,0.83
23406,HOME SWEET HOME KEY HOLDER,Neutral,0.6504
23414,ZINC BOX SIGN HOME,Neutral,0.833
23405,HOME SWEET HOME 2 DRAWER CABINET,Neutral,0.6605
23379,PACK OF 12 RED APPLE TISSUES,Neutral,0.8491
23381,PACK OF 12 VINTAGE LEAF TISSUES ,Neutral,0.8557
23380,PACK OF 12 VINTAGE DOILY TISSUES,Neutral,0.8758
23402,HOME SWEEET HOME 3 PEG HANGER ,Neutral,0.7779
23403,LETTER HOLDER HOME SWEET HOME,Positive,0.5398
23437,GIFT BAG LARGE 50'S CHRISTMAS,Neutral,0.8191
23426,METAL SIGN DROP YOUR PANTS,Neutral,0.6572
23425,STORAGE TIN HOME SWEET HOME,Neutral,0.5916
23412,HEART MIRROR ANTIQUE WHITE,Neutral,0.8353
23392,SPACEBOY ROCKET LOLLY MAKERS,Neutral,0.8235
23400,SHELF WITH 4 HOOKS HOME SWEET HOME,Neutral,0.5842
23249,ENAMEL DINNER PLATE PANTRY,Neutral,0.8142
22466,FAIRY TALE COTTAGE NIGHT LIGHT,Neutral,0.8001
23415,HOME SWEET HOME HOOK,Positive,0.4899
23417,BATHROOM HOOK,Neutral,0.7279
23402,HOME SWEET HOME 3 PEG HANGER ,Neutral,0.6147
23413,VINTAGE COFFEE GRINDER BOX,Neutral,0.8079
23409,PHOTO FRAME LINEN AND LACE LARGE,Neutral,0.8535
23408,PHOTO FRAME LINEN AND LACE SMALL,Neutral,0.8668
23401,RUSTIC MIRROR WITH LACE HEART,Neutral,0.689
23410,CURIO CABINET LINEN AND LACE ,Neutral,0.8105
23559,WOODLAND BUNNIES LOLLY MAKERS,Neutral,0.7822
23423,PANTRY 3 HOOK ROLLING PIN HANGER,Neutral,0.8558
23421,PANTRY HOOK SPATULA,Neutral,0.7261
23422,PANTRY HOOK BALLOON WHISK ,Neutral,0.8043
23418,LAVENDER TOILETTE BOTTLE,Neutral,0.7667
23419,HOME SWEET HOME BOTTLE ,Positive,0.5294
23435,3 RAFFIA RIBBONS VINTAGE CHRISTMAS,Neutral,0.851
23434,3 RAFFIA RIBBONS 50'S CHRISTMAS ,Neutral,0.839
23391, I LOVE LONDON MINI BACKPACK,Positive,0.9884
23390,DOLLY GIRL MINI BACKPACK,Neutral,0.8436
23389,SPACEBOY MINI BACKPACK,Neutral,0.8429
23074,EMBOSSED HEART TRINKET BOX,Neutral,0.7308
23388,WOODLAND MINI BACKPACK,Neutral,0.8487
23212,PAINTED HEART WREATH WITH BELL,Neutral,0.7748
23416,CHAMBRE HOOK,Neutral,0.6879
23058,CHRISTMAS HANGING SNOWFLAKE,Neutral,0.8464
23420,PANTRY HOOK TEA STRAINER ,Neutral,0.771
23113,PANTRY CHOPPING BOARD,Neutral,0.8157
35819P,"ACRYLIC HANGING JEWEL,PINK",Neutral,0.8123
23396,LE JARDIN BOTANIQUE CUSHION COVER,Neutral,0.8527
17107D,FLOWER FAIRY 5 SUMMER DRAW LINERS,Neutral,0.8692
23630,SET 10 CARDS HANGING BAUBLES 17080,Neutral,0.9196
23503,PLAYING CARDS KEEP CALM & CARRY ON,Neutral,0.7561
23366,SET 12 COLOURING PENCILS DOILY,Neutral,0.8853
23367,SET 12 COLOUR PENCILS SPACEBOY ,Neutral,0.8599
23504,PLAYING CARDS JUBILEE UNION JACK,Neutral,0.8881
23371,SET 36 COLOUR PENCILS SPACEBOY ,Neutral,0.8537
23506,MINI PLAYING CARDS SPACEBOY ,Neutral,0.8358
23502,PLAYING CARDS VINTAGE DOILEY ,Neutral,0.8312
23370,SET 36 COLOUR PENCILS DOILEY,Neutral,0.8312
23366,SET 12 COLOUR PENCILS DOILEY,Neutral,0.8467
23380,PACK OF 12 DOILEY TISSUES,Neutral,0.8319
23493,VINTAGE DOILY TRAVEL SEWING KIT,Neutral,0.8375
23365,SET 12 COLOUR PENCILS LOVE LONDON,Positive,0.9291
23369,SET 36 COLOUR PENCILS LOVE LONDON,Positive,0.934
23520,EMBROIDERED RIBBON REEL RUBY ,Neutral,0.8126
23511,EMBROIDERED RIBBON REEL EMILY ,Neutral,0.8407
23517,EMBROIDERED RIBBON REEL REBECCA ,Neutral,0.8315
23370,SET 36 COLOURING PENCILS DOILY,Neutral,0.8838
23368,SET 12 COLOUR PENCILS DOLLY GIRL ,Neutral,0.8412
23505,PLAYING CARDS I LOVE LONDON ,Positive,0.9673
23372,SET 36 COLOUR PENCILS DOLLY GIRL,Neutral,0.8656
23512,EMBROIDERED RIBBON REEL ROSIE,Neutral,0.8267
23515,EMBROIDERED RIBBON REEL DAISY ,Neutral,0.8132
23514,EMBROIDERED RIBBON REEL SALLY ,Neutral,0.8191
23518,EMBROIDERED RIBBON REEL RACHEL ,Neutral,0.82
23510,MINI PLAYING CARDS GYMKHANA,Neutral,0.8391
23508,MINI PLAYING CARDS DOLLY GIRL ,Neutral,0.8078
23509,MINI PLAYING CARDS FUN FAIR ,Positive,0.7473
23507,MINI PLAYING CARDS BUFFALO BILL ,Neutral,0.8598
23513,EMBROIDERED RIBBON REEL SUSIE ,Neutral,0.8084
23390,DOLLY GIRL MINI RUCKSACK,Neutral,0.7948
23389,SPACEBOY MINI RUCKSACK,Neutral,0.7311
23502,PLAYING CARDS VINTAGE DOILY ,Neutral,0.8177
20678,LARGE BLACK DIAMANTE HAIRSLIDE,Neutral,0.8579
23516,EMBROIDERED RIBBON REEL SOPHIE  ,Neutral,0.7978
23519,EMBROIDERED RIBBON REEL CLAIRE,Neutral,0.8412
23494,VINTAGE DOILY DELUXE SEWING KIT ,Neutral,0.707
84247E,PACK OF 12 CHRISTMAS FUN CARDS,Positive,0.5845
79051A,SMOKEY GREY COLOUR GLASS,Neutral,0.7361
23461,SWEETHEART BIRD HOUSE,Neutral,0.6273
23466,TUSCAN VILLA DOVECOTE,Neutral,0.7469
23469,CARD HOLDER LOVE BIRD SMALL,Positive,0.7985
23484,HEART TRELLISTRIPLE T-LIGHT HOLDER,Neutral,0.7451
23114,VINTAGE LEAF CHOPPING BOARD  ,Neutral,0.8032
23117,POPPY FIELDS CHOPPING BOARD,Neutral,0.7752
23115,RED APPLES CHOPPING BOARD   ,Neutral,0.7501
23471,SIX DRAWER OFFICE TIDY,Neutral,0.8465
23116,VEGETABLE GARDEN CHOPPING BOARD,Neutral,0.7352
23472, NINE DRAWER OFFICE TIDY,Neutral,0.8304
23470,CARD HOLDER LOVE BIRD LARGE ,Positive,0.8211
23524,HORSE & PONY WALL ART,Neutral,0.82
23535,BICYCLE SAFTEY WALL ART,Neutral,0.8482
23534,STOP FOR TEA WALL ART,Neutral,0.8083
23541,WALL ART CLASSIC PUDDINGS ,Neutral,0.8292
22129,PARTY CONES CANDY DECORATION,Neutral,0.8485
23539,WALL ART LOVES' SECRET ,Positive,0.5571
23522,DOG AND BALL WALL ART,Neutral,0.8183
23526,DOG LICENCE WALL ART,Neutral,0.8197
23533,WALL ART GARDEN HAVEN ,Neutral,0.8464
23542,70'S ALPHABET WALL ART,Neutral,0.8446
23528,SPACEBOY WALL ART,Neutral,0.8281
23543,KEEP CALM WALL ART ,Neutral,0.7019
23530,WALL ART ONLY ONE PERSON ,Neutral,0.7625
23538,WALL ART VINTAGE HEART,Neutral,0.7575
23521,CAT AND BIRD WALL ART,Neutral,0.8099
23523,TREASURE AHOY WALL ART,Neutral,0.84
23531,WALL ART BIG LOVE ,Positive,0.8796
23527,ANIMALS AND NATURE WALL ART,Neutral,0.8559
23483,HANGING  BUTTERFLY T-LIGHT HOLDER,Neutral,0.8378
23529,DOLLY GIRL WALL ART,Neutral,0.8189
23536,VILLAGE SHOW WALL ART,Neutral,0.8362
23544,WALL ART MID CENTURY MODERN ,Neutral,0.8798
23532,WALL ART WORK REST AND PLAY  ,Neutral,0.7136
23525,BUFFALO BILL WALL ART ,Neutral,0.8357
23540,WALL ART THE MAGIC FOREST ,Neutral,0.7123
23537,I LOVE LONDON WALL ART,Positive,0.9855
23543,WALL ART KEEP CALM ,Neutral,0.7602
23535,WALL ART BICYCLE SAFTEY ,Neutral,0.8275
23525,WALL ART BUFFALO BILL ,Neutral,0.8543
23536,WALL ART VILLAGE SHOW ,Neutral,0.8175
23534,WALL ART STOP FOR TEA ,Neutral,0.5905
23526,WALL ART DOG LICENCE ,Neutral,0.8439
23537,WALL ART I LOVE LONDON ,Positive,0.9704
23542,WALL ART 70'S ALPHABET ,Neutral,0.8598
23500,KEY RING BASEBALL BOOT ASSORTED ,Neutral,0.8306
23524,WALL ART HORSE & PONY ,Neutral,0.8191
23527,WALL ART ANIMALS AND NATURE ,Neutral,0.8469
85185B,PINK HORSE SOCK PUPPET KIT,Neutral,0.7925
23465,TUSCAN VILLA FEEDING STATION,Neutral,0.7849
23501,KEY RING BASEBALL BOOT UNION JACK,Neutral,0.8601
23535,WALL ART BICYCLE SAFETY,Neutral,0.8444
23188,VINTAGE  2 METRE FOLDING RULER,Neutral,0.8226
23528,WALL ART SPACEBOY,Neutral,0.8547
23529,WALL ART DOLLY GIRL ,Neutral,0.7898
23391, I LOVE LONDON MINI RUCKSACK,Positive,0.9764
23370,SET 36 COLOURING PENCILS DOILEY,Neutral,0.8555
23366,SET 12 COLOURING PENCILS DOILEY,Neutral,0.8646
23388,WOODLAND MINI RUCKSACK ,Neutral,0.665
23484,HEART TRELLIS TRIPLE T-LIGHT HOLDER,Neutral,0.7598
23522,WALL ART DOG AND BALL ,Neutral,0.8326
23521,WALL ART CAT AND BIRD ,Neutral,0.8254
23539,"WALL ART , LOVES' SECRET ",Positive,0.6927
23530,"WALL ART,ONLY ONE PERSON ",Neutral,0.7415
23541,"WALL ART ,PUDDINGS ",Neutral,0.7907
90012A,MIDNIGHT BLUE DROP CRYSTAL NECKLACE,Neutral,0.8511
23468,TUSCAN VILLA BIRD TABLE ,Neutral,0.7495
82600,N0 SINGING METAL SIGN,Neutral,0.8383
79157V,UBO-LIGHT TRIOBASE PURPLE,Neutral,0.5364
90014A,SILVER M.O.P. ORBIT NECKLACE,Neutral,0.8534
90014B,GOLD M.O.P. ORBIT NECKLACE,Neutral,0.8553
23466,TUSCAN VILLA DOVECOTE BIRD FEEDER,Neutral,0.7473
23540,"WALL ART , THE MAGIC FOREST ",Positive,0.5462
23448,CREAM BUNNY EASTER EGG BASKET,Neutral,0.7392
23447,PINK BUNNY EASTER EGG BASKET,Neutral,0.7656
23446,BLUE BUNNY EASTER EGG BASKET,Neutral,0.7129
23523,WALL ART TREASURE AHOY ,Positive,0.5062
23382,BOX OF 6 CHRISTMAS CAKE DECORATIONS,Neutral,0.8594
23660,HENRIETTA HEN MUG ,Neutral,0.7556
23661,MILK MAIDS MUG ,Neutral,0.7794
23564,EGG CUP MILKMAID INGRID,Neutral,0.7368
22804,PINK HANGING HEART T-LIGHT HOLDER,Neutral,0.5553
23567,EGG CUP HENRIETTA HEN PINK,Neutral,0.8728
23487,SWEET HEART CAKE CARRIER,Positive,0.544
23490,T-LIGHT HOLDER HANGING LOVE BIRD,Neutral,0.5299
23453,OVAL  MINI PORTRAIT FRAME,Neutral,0.7622
23452,HEART MINI PORTRAIT FRAME,Neutral,0.6291
23451,SQUARE MINI PORTRAIT FRAME,Neutral,0.773
23482,PEARLISED IVORY HEART LARGE ,Neutral,0.7553
23459,DOLLY CABINET 2 DRAWERS ,Neutral,0.8501
23565,EGG CUP MILKMAID HELGA ,Neutral,0.7071
23456,MEDIUM PARLOUR PICTURE FRAME ,Neutral,0.7781
23463,VINTAGE ZINC WATERING CAN,Neutral,0.8553
23464,VINTAGE ZINC WATERING CAN SMALL,Neutral,0.6054
23457,LARGE PARLOUR PICTURE FRAME,Neutral,0.7677
23455,SMALL PARLOUR PICTURE FRAME,Neutral,0.794
23568,EGG CUP HENRIETTA HEN CREAM ,Neutral,0.8034
23566,EGG CUP MILKMAID HEIDI,Neutral,0.6691
23467,VINTAGE ZINC PLANTER  ,Neutral,0.8256
23479,WIRE EGG BASKET ,Neutral,0.7035
23481,PEARLISED IVORY HEART SMALL ,Neutral,0.7007
23458,DOLLY CABINET 3 DRAWERS ,Neutral,0.8486
23579,SNACK TRAY I LOVE LONDON,Positive,0.9812
23702,High Resolution Image,Neutral,0.7055
23558,LANDMARK FRAME LONDON BRIDGE ,Neutral,0.7872
23556,LANDMARK FRAME COVENT GARDEN ,Neutral,0.7616
23554,LANDMARK FRAME OXFORD STREET,Neutral,0.8408
23557,LANDMARK FRAME BAKER STREET ,Neutral,0.7607
23555,LANDMARK FRAME NOTTING HILL ,Neutral,0.6849
23553,LANDMARK FRAME CAMDEN TOWN ,Neutral,0.7782
23489,"GARLAND, VINTAGE BELLS",Neutral,0.7517
23491,VINTAGE JINGLE BELLS HEART,Neutral,0.681
23492,VINTAGE JINGLE BELLS WREATH,Neutral,0.8335
23477,WOODLAND LARGE BLUE FELT HEART,Neutral,0.6929
23478,WOODLAND LARGE PINK FELT HEART,Neutral,0.6394
23476,WOODLAND LARGE RED FELT HEART,Neutral,0.7239
23486,ANTIQUE HEART SHELF UNIT,Neutral,0.7203
23480,MINI LIGHTS WOODLAND MUSHROOMS,Neutral,0.851
23473,WOODLAND SMALL RED FELT HEART,Neutral,0.7496
23460,SWEETHEART WALL TIDY ,Neutral,0.6139
23462,ROCOCO WALL MIRROR WHITE,Neutral,0.8311
23499,SET 12 VINTAGE DOILY CHALK ,Neutral,0.8437
23485,BOTANICAL GARDENS WALL CLOCK ,Neutral,0.8413
23489,VINTAGE BELLS GARLAND,Neutral,0.7932
23462,ROCOCO WALL MIROR,Neutral,0.7108
23413,DECROTIVEVINTAGE COFFEE GRINDER BOX,Neutral,0.8445
23570,TRADITIONAL PICK UP STICKS GAME ,Neutral,0.7729
23454,SET OF 3 MINI HANGING PORTRAITS,Neutral,0.8964
23571,TRADITIONAL NAUGHTS & CROSSES,Neutral,0.6168
23569,TRADTIONAL ALPHABET STAMP SET,Neutral,0.8549
23305,SET 4 PICNIC CUTLERY BLUEBERRY,Neutral,0.8507
23454,THREE MINI HANGING FRAMES,Neutral,0.8583
23474,WOODLAND SMALL BLUE FELT HEART,Neutral,0.6882
23582,VINTAGE DOILY JUMBO BAG RED ,Neutral,0.7778
23583,LUNCH BAG PAISLEY PARK  ,Neutral,0.8242
23581,JUMBO BAG PAISLEY PARK,Neutral,0.8296
22950,SET OF 36 VINTAGE CHRISTMAS DOILIES,Neutral,0.8727
22416,SET OF 36 SPACEBOY PAPER DOILIES,Neutral,0.8703
22949,SET OF 36 DOLLY GIRL PAPER DOILIES,Neutral,0.8661
21232,STRAWBERRY CERAMIC TRINKET POT,Neutral,0.8059
23413,DECORATIVE VINTAGE COFFEE  BOX,Neutral,0.7906
23306,SET OF 36 PANTRY PAPER DOILIES,Neutral,0.8473
23303,SET 4 PICNIC CUTLERY FONDANT,Neutral,0.8458
23475,WOODLAND SMALL PINK FELT HEART,Neutral,0.6922
82001S,SILVER RECORD COVER FRAME,Neutral,0.6652
23497,CLASSIC CHROME BICYCLE BELL ,Neutral,0.7767
23304,SET 4 PICNIC CUTLERY CHERRY ,Neutral,0.8341
23495,SET OF 3 PANTRY WOODEN SPOONS,Neutral,0.8427
23496,PANTRY KITCHEN THERMOMETER ,Neutral,0.7475
23691,KEEP CALM BIRTHDAY WRAP,Neutral,0.7115
23691,WRAP KEEP CALM BIRTHDAY,Neutral,0.5271
23681,LUNCH BAG RED VINTAGE DOILY,Neutral,0.8336
21243,PINK POLKADOT PLATE ,Neutral,0.8145
23692,WRAP A PRETTY THANK YOU,Positive,0.9214
23497,CLASSIC CROME BICYCLE BELL ,Neutral,0.7437
23695,DOILY THANK YOU CARD,Positive,0.8636
23697,A PRETTY THANK YOU CARD,Positive,0.9557
23465,TUSCAN VILLA BIRD FEEDER,Neutral,0.6817
23598,PAPER BUNTING VINTAGE PARTY,Neutral,0.8251
23597,PAPER BUNTING PAISLEY PARK,Neutral,0.8295
23457,LARGE PARLOUR FRAME,Neutral,0.6157
23456,MEDIUM PARLOUR FRAME ,Neutral,0.5834
23455,SMALL PARLOUR FRAME,Neutral,0.6165
23664,FLOWER SHOP DESIGN MUG,Neutral,0.7837
23694,PAISLEY PARK CARD,Neutral,0.7638
22812,PACK 3 BOXES CHRISTMAS PANETTONE,Neutral,0.807
22813,PACK 3 BOXES BIRD PANETTONE ,Neutral,0.7904
71477,COLOURED GLASS STAR T-LIGHT HOLDER,Neutral,0.7682
23442,12 HANGING EGGS HAND PAINTED,Neutral,0.863
23449,SET OF 6 EASTER RAINBOW CHICKS,Neutral,0.8691
23428,IVORY RETRO KITCHEN WALL CLOCK,Neutral,0.8329
22584,PACK OF 6 PANETTONE GIFT BOXES,Neutral,0.8627
84206B,CAT WITH SUNGLASSES BLANK CARD,Neutral,0.7682
23430,BLUE RETRO KITCHEN WALL CLOCK,Neutral,0.8285
23429,RED RETRO KITCHEN WALL CLOCK,Neutral,0.8227
71053,WHITE MOROCCAN METAL LANTERN,Neutral,0.8407
23441,HAND PAINTED HANGING EASTER EGG,Neutral,0.8248
23440,PAINT YOUR OWN EGGS IN CRATE,Negative,0.7537
23552,BICYCLE PUNCTURE REPAIR KIT ,Neutral,0.8227
23498,CLASSIC BICYCLE CLIPS ,Neutral,0.8014
23578,SNACK TRAY RED GINGHAM,Neutral,0.8427
23580,SNACK TRAY HAPPY FOREST  ,Positive,0.9235
23575,SNACK TRAY PAISLEY PARK,Neutral,0.8404
23560,SET OF 6 RIBBONS COUNTRY STYLE,Neutral,0.884
23576,SNACK TRAY RED VINTAGE DOILY,Neutral,0.8434
23562,SET OF 6 RIBBONS PERFECTLY PRETTY  ,Positive,0.9651
21175,GIN AND TONIC DIET METAL SIGN,Neutral,0.8395
23561,SET OF 6 RIBBONS PARTY,Neutral,0.8769
90014C,SILVER AND BLACK ORBIT NECKLACE,Neutral,0.8343
85123A,CREAM HANGING HEART T-LIGHT HOLDER,Neutral,0.6396
23843,"PAPER CRAFT , LITTLE BIRDIE",Neutral,0.7146
