CustomerID,Country,Recency,Frequency,Monetary,R_Score,F_Score,M_Score,RFM_AvgScore,TotalOrders,TotalItemsBought,AvgOrderValue,CustomerLifespanDays,Churned,Cluster,Segment
16738,United Kingdom,297,1,3.75,4,1,1,2.0,1,3,3.75,0,1,2,Hibernating
13788,United Kingdom,505,1,3.75,5,1,1,2.3333333333333335,1,1,3.75,0,1,2,Hibernating
14792,United Kingdom,63,1,6.2,3,1,1,1.6666666666666667,1,2,3.1,0,0,0,Loyal Regulars
15913,United Kingdom,534,1,6.3,5,2,1,2.6666666666666665,1,3,6.3,0,1,2,Hibernating
15040,United Kingdom,541,1,7.49,5,2,1,2.6666666666666665,1,1,7.49,0,1,2,Hibernating
18115,United Kingdom,697,1,9.7,5,2,1,2.6666666666666665,1,3,3.23,0,1,2,Hibernating
17378,United Kingdom,374,1,10.95,4,1,1,2.0,1,1,10.95,0,1,2,Hibernating
17956,United Kingdom,249,1,12.75,4,1,1,2.0,1,1,12.75,0,1,0,Loyal Regulars
16878,United Kingdom,84,1,13.3,3,1,1,1.6666666666666667,1,12,4.43,0,0,0,Loyal Regulars
14900,United Kingdom,522,1,13.92,5,1,1,2.3333333333333335,1,48,13.92,0,1,2,Hibernating
14580,United Kingdom,518,1,14.85,5,1,1,2.3333333333333335,1,3,14.85,0,1,2,Hibernating
12846,United Kingdom,682,1,15.58,5,2,1,2.6666666666666665,1,1,15.58,0,1,2,Hibernating
16093,United Kingdom,106,1,17.0,3,1,1,1.6666666666666667,1,20,17.0,0,1,0,Loyal Regulars
13163,United Kingdom,610,1,17.65,5,2,1,2.6666666666666665,1,3,8.82,0,1,2,Hibernating
15999,United Kingdom,735,1,20.4,5,2,1,2.6666666666666665,1,24,20.4,0,1,2,Hibernating
13112,United Kingdom,541,1,20.6,5,2,1,2.6666666666666665,1,11,10.3,0,1,2,Hibernating
17986,United Kingdom,56,1,20.8,2,1,1,1.3333333333333333,1,10,20.8,0,0,0,Loyal Regulars
16953,United Kingdom,30,1,20.8,2,1,1,1.3333333333333333,1,10,20.8,0,0,0,Loyal Regulars
12606,Spain,682,1,21.0,5,2,1,2.6666666666666665,1,1,21.0,0,1,2,Hibernating
16537,United Kingdom,641,1,23.35,5,2,1,2.6666666666666665,1,59,5.84,0,1,2,Hibernating
14610,United Kingdom,395,2,24.35,4,2,1,2.3333333333333335,2,15,2.43,119,1,2,Hibernating
15284,United Kingdom,500,1,24.75,5,1,1,2.3333333333333335,1,5,24.75,0,1,2,Hibernating
17102,United Kingdom,261,1,25.5,4,1,1,2.0,1,2,25.5,0,1,2,Hibernating
17319,United Kingdom,669,1,29.1,5,2,1,2.6666666666666665,1,14,9.7,0,1,2,Hibernating
15657,United Kingdom,22,1,30.0,2,1,1,1.3333333333333333,1,24,30.0,0,0,0,Loyal Regulars
15575,United Kingdom,619,1,30.1,5,2,1,2.6666666666666665,1,6,10.03,0,1,2,Hibernating
16548,United Kingdom,599,1,30.15,5,2,1,2.6666666666666665,1,6,5.02,0,1,2,Hibernating
13120,United Kingdom,238,1,30.6,4,1,1,2.0,1,12,30.6,0,1,0,Loyal Regulars
14144,United Kingdom,486,1,30.6,5,1,1,2.3333333333333335,1,12,30.6,0,1,2,Hibernating
16454,United Kingdom,44,4,30.95,2,4,1,2.3333333333333335,4,9,7.74,567,0,0,Loyal Regulars
17129,United Kingdom,520,1,31.85,5,1,1,2.3333333333333335,1,5,15.93,0,1,2,Hibernating
14977,United Kingdom,725,1,31.93,5,2,1,2.6666666666666665,1,17,7.98,0,1,2,Hibernating
16941,United Kingdom,611,1,33.0,5,2,1,2.6666666666666665,1,12,16.5,0,1,2,Hibernating
15871,United Kingdom,437,1,33.1,5,1,1,2.3333333333333335,1,5,6.62,0,1,2,Hibernating
17533,United Kingdom,434,1,34.8,5,1,1,2.3333333333333335,1,24,34.8,0,1,2,Hibernating
15744,United Kingdom,77,1,34.8,3,1,1,1.6666666666666667,1,120,11.6,0,0,0,Loyal Regulars
17831,United Kingdom,33,1,35.4,2,1,1,1.3333333333333333,1,12,17.7,0,0,0,Loyal Regulars
16417,United Kingdom,492,1,35.7,5,1,1,2.3333333333333335,1,6,35.7,0,1,2,Hibernating
15940,United Kingdom,311,1,35.8,4,1,1,2.0,1,4,35.8,0,1,2,Hibernating
14993,United Kingdom,563,1,36.13,5,2,1,2.6666666666666665,1,21,3.61,0,1,2,Hibernating
17352,United Kingdom,696,1,36.25,5,2,1,2.6666666666666665,1,15,7.25,0,1,2,Hibernating
16162,United Kingdom,252,1,37.4,4,1,1,2.0,1,4,18.7,0,1,2,Hibernating
15693,United Kingdom,659,1,37.5,5,2,1,2.6666666666666665,1,30,37.5,0,1,2,Hibernating
15455,United Kingdom,597,1,38.25,5,2,1,2.6666666666666665,1,3,19.13,0,1,2,Hibernating
18019,United Kingdom,51,1,38.45,2,1,1,1.3333333333333333,1,7,7.69,0,0,0,Loyal Regulars
17246,United Kingdom,546,2,38.92,5,2,1,2.6666666666666665,2,36,6.49,192,1,2,Hibernating
16659,United Kingdom,189,1,39.12,3,1,1,1.6666666666666667,1,72,19.56,0,1,0,Loyal Regulars
14086,United Kingdom,462,1,39.95,5,1,1,2.3333333333333335,1,1,39.95,0,1,2,Hibernating
15178,United Kingdom,260,1,40.5,4,1,1,2.0,1,30,13.5,0,1,2,Hibernating
14266,United Kingdom,428,1,40.56,5,1,1,2.3333333333333335,1,24,40.56,0,1,2,Hibernating
16219,United Kingdom,500,1,40.8,5,1,1,2.3333333333333335,1,48,40.8,0,1,2,Hibernating
13906,United Kingdom,409,1,42.0,4,1,1,2.0,1,100,42.0,0,1,2,Hibernating
13913,United Kingdom,506,1,42.22,5,1,1,2.3333333333333335,1,10,14.07,0,1,2,Hibernating
14300,United Kingdom,18,1,43.2,1,1,1,1.0,1,32,14.4,0,0,0,Loyal Regulars
17916,United Kingdom,628,2,43.87,5,2,1,2.6666666666666665,2,90,2.31,105,1,2,Hibernating
15672,United Kingdom,725,1,45.3,5,2,1,2.6666666666666665,1,10,15.1,0,1,2,Hibernating
15698,United Kingdom,624,1,46.2,5,2,1,2.6666666666666665,1,60,23.1,0,1,2,Hibernating
13438,United Kingdom,547,1,46.5,5,2,1,2.6666666666666665,1,10,46.5,0,1,2,Hibernating
16257,United Kingdom,176,1,46.95,3,1,1,1.6666666666666667,1,2,23.48,0,1,0,Loyal Regulars
16530,United Kingdom,668,1,48.35,5,2,1,2.6666666666666665,1,17,16.12,0,1,2,Hibernating
14380,United Kingdom,682,1,48.96,5,2,1,2.6666666666666665,1,1,48.96,0,1,2,Hibernating
18184,United Kingdom,15,1,49.8,1,1,1,1.0,1,60,49.8,0,0,0,Loyal Regulars
14743,United Kingdom,592,1,50.48,5,2,1,2.6666666666666665,1,40,16.83,0,1,2,Hibernating
14351,United Kingdom,164,1,51.0,3,1,1,1.6666666666666667,1,12,51.0,0,1,0,Loyal Regulars
13254,United Kingdom,376,1,51.41,4,1,1,2.0,1,43,12.85,0,1,2,Hibernating
17844,Canada,106,1,51.56,3,1,1,1.6666666666666667,1,52,10.31,0,1,0,Loyal Regulars
16786,United Kingdom,393,1,51.84,4,1,1,2.0,1,72,51.84,0,1,2,Hibernating
15313,United Kingdom,110,1,52.0,3,1,1,1.6666666666666667,1,25,52.0,0,1,0,Loyal Regulars
17599,United Kingdom,477,1,52.05,5,1,1,2.3333333333333335,1,11,17.35,0,1,2,Hibernating
16349,United Kingdom,290,1,53.5,4,1,1,2.0,1,9,5.94,0,1,2,Hibernating
13306,United Kingdom,430,1,53.65,5,1,1,2.3333333333333335,1,74,13.41,0,1,2,Hibernating
12496,Spain,620,2,54.09,5,2,1,2.6666666666666665,2,33,4.16,0,1,2,Hibernating
17494,United Kingdom,501,1,54.7,5,1,1,2.3333333333333335,1,26,18.23,0,1,2,Hibernating
12860,United Kingdom,693,1,55.47,5,2,1,2.6666666666666665,1,27,3.26,0,1,2,Hibernating
12776,Portugal,667,1,55.5,5,2,1,2.6666666666666665,1,46,13.88,0,1,2,Hibernating
15685,United Kingdom,450,1,55.98,5,1,1,2.3333333333333335,1,36,3.29,0,1,2,Hibernating
13366,United Kingdom,50,1,56.16,2,1,1,1.3333333333333333,1,144,56.16,0,0,0,Loyal Regulars
17775,United Kingdom,254,1,56.4,4,1,1,2.0,1,72,18.8,0,1,2,Hibernating
12466,France,682,1,56.73,5,2,1,2.6666666666666665,1,1,56.73,0,1,2,Hibernating
14384,United Kingdom,500,1,58.5,5,1,1,2.3333333333333335,1,30,19.5,0,1,2,Hibernating
15233,United Kingdom,401,1,59.4,4,1,1,2.0,1,12,59.4,0,1,2,Hibernating
15371,United Kingdom,662,1,59.4,5,2,1,2.6666666666666665,1,12,59.4,0,1,2,Hibernating
13682,United Kingdom,187,1,59.5,3,1,1,1.6666666666666667,1,10,19.83,0,1,0,Loyal Regulars
13391,United Kingdom,203,1,59.8,4,1,1,2.0,1,4,59.8,0,1,0,Loyal Regulars
17174,United Kingdom,217,1,59.9,4,1,1,2.0,1,41,14.97,0,1,0,Loyal Regulars
15250,United Kingdom,640,1,60.0,5,2,1,2.6666666666666665,1,48,20.0,0,1,2,Hibernating
16605,United Kingdom,724,1,60.48,5,2,1,2.6666666666666665,1,144,60.48,0,1,2,Hibernating
15375,United Kingdom,690,1,60.96,5,2,1,2.6666666666666665,1,84,10.16,0,1,2,Hibernating
13818,United Kingdom,429,1,61.28,5,1,1,2.3333333333333335,1,60,12.26,0,1,2,Hibernating
13303,United Kingdom,400,1,61.72,4,1,1,2.0,1,26,15.43,0,1,2,Hibernating
13380,United Kingdom,432,1,62.4,5,1,1,2.3333333333333335,1,48,20.8,0,1,2,Hibernating
15516,United Kingdom,44,3,62.43,2,3,1,2.0,3,27,4.16,2,0,0,Loyal Regulars
14650,United Kingdom,589,1,62.5,5,2,1,2.6666666666666665,1,22,15.63,0,1,2,Hibernating
13218,United Kingdom,127,1,62.64,3,1,1,1.6666666666666667,1,88,12.53,0,1,0,Loyal Regulars
16058,United Kingdom,406,1,62.7,4,1,1,2.0,1,18,31.35,0,1,2,Hibernating
12404,Finland,682,1,63.24,5,2,1,2.6666666666666665,1,1,63.24,0,1,2,Hibernating
15470,United Kingdom,575,1,63.42,5,2,1,2.6666666666666665,1,232,15.85,0,1,2,Hibernating
17263,United Kingdom,208,1,63.44,4,1,1,2.0,1,36,2.76,0,1,0,Loyal Regulars
16238,United Kingdom,422,1,63.66,5,1,1,2.3333333333333335,1,85,10.61,0,1,2,Hibernating
13130,United Kingdom,94,1,64.0,3,1,1,1.6666666666666667,1,32,32.0,0,1,0,Loyal Regulars
17216,United Kingdom,554,1,65.05,5,2,1,2.6666666666666665,1,22,4.65,0,1,2,Hibernating
13022,Belgium,429,1,65.3,5,1,1,2.3333333333333335,1,35,13.06,0,1,2,Hibernating
17532,United Kingdom,385,1,65.34,4,1,1,2.0,1,30,16.34,0,1,2,Hibernating
14393,United Kingdom,218,1,67.95,4,1,1,2.0,1,13,13.59,0,1,0,Loyal Regulars
17249,United Kingdom,428,1,68.03,5,1,1,2.3333333333333335,1,79,2.52,0,1,2,Hibernating
12861,United Kingdom,619,1,68.25,5,2,1,2.6666666666666665,1,27,17.06,0,1,2,Hibernating
14906,United Kingdom,445,1,68.44,5,1,1,2.3333333333333335,1,1,68.44,0,1,2,Hibernating
13172,United Kingdom,400,1,69.6,4,1,1,2.0,1,48,69.6,0,1,2,Hibernating
12568,Germany,644,1,70.0,5,2,1,2.6666666666666665,1,48,14.0,0,1,2,Hibernating
15564,United Kingdom,463,2,70.74,5,2,1,2.6666666666666665,2,42,17.69,213,1,2,Hibernating
13915,United Kingdom,394,1,70.8,4,1,1,2.0,1,24,35.4,0,1,2,Hibernating
14576,United Kingdom,372,1,70.8,4,1,1,2.0,1,24,35.4,0,1,2,Hibernating
13185,United Kingdom,267,1,71.4,4,1,1,2.0,1,12,71.4,0,1,2,Hibernating
17747,United Kingdom,112,1,71.4,3,1,1,1.6666666666666667,1,12,71.4,0,1,0,Loyal Regulars
16970,United Kingdom,626,1,71.4,5,2,1,2.6666666666666665,1,12,35.7,0,1,2,Hibernating
13938,United Kingdom,35,1,71.66,2,1,1,1.3333333333333333,1,70,10.24,0,0,0,Loyal Regulars
16459,United Kingdom,729,1,71.79,5,2,1,2.6666666666666665,1,59,14.36,0,1,2,Hibernating
13105,United Kingdom,436,1,72.0,5,1,1,2.3333333333333335,1,100,72.0,0,1,2,Hibernating
17906,United Kingdom,247,1,72.9,4,1,1,2.0,1,26,6.08,0,1,0,Loyal Regulars
16171,United Kingdom,59,1,73.2,3,1,1,1.6666666666666667,1,24,24.4,0,0,0,Loyal Regulars
12506,France,232,1,73.5,4,1,1,2.0,1,23,3.2,0,1,0,Loyal Regulars
18032,United Kingdom,334,1,73.5,4,1,1,2.0,1,42,14.7,0,1,2,Hibernating
13095,United Kingdom,70,1,74.4,3,1,1,1.6666666666666667,1,144,12.4,0,0,0,Loyal Regulars
16420,United Kingdom,396,1,75.0,4,1,1,2.0,1,120,37.5,0,1,2,Hibernating
17944,United Kingdom,423,1,75.41,5,1,1,2.3333333333333335,1,85,2.9,0,1,2,Hibernating
14559,United Kingdom,390,1,75.6,4,1,1,2.0,1,72,37.8,0,1,2,Hibernating
16610,United Kingdom,219,1,75.66,4,1,1,2.0,1,66,12.61,0,1,0,Loyal Regulars
17628,United Kingdom,81,1,75.75,3,1,1,1.6666666666666667,1,79,15.15,0,0,0,Loyal Regulars
13219,United Kingdom,618,1,76.23,5,2,1,2.6666666666666665,1,11,6.93,0,1,2,Hibernating
14613,United Kingdom,680,1,76.32,5,2,1,2.6666666666666665,1,72,76.32,0,1,2,Hibernating
15668,United Kingdom,217,1,76.32,4,1,1,2.0,1,72,76.32,0,1,0,Loyal Regulars
14090,United Kingdom,324,1,76.32,4,1,1,2.0,1,72,76.32,0,1,2,Hibernating
14373,United Kingdom,358,1,76.55,4,1,1,2.0,1,17,19.14,0,1,2,Hibernating
16867,United Kingdom,689,1,76.74,5,2,1,2.6666666666666665,1,58,12.79,0,1,2,Hibernating
13132,United Kingdom,261,1,77.3,4,1,1,2.0,1,20,25.77,0,1,2,Hibernating
14785,United Kingdom,10,2,77.4,1,3,1,1.6666666666666667,2,84,25.8,5,0,0,Loyal Regulars
17942,United Kingdom,7,1,77.5,1,1,1,1.0,1,38,38.75,0,0,0,Loyal Regulars
12570,Spain,682,1,77.52,5,2,1,2.6666666666666665,1,1,77.52,0,1,2,Hibernating
17192,United Kingdom,536,1,77.83,5,2,1,2.6666666666666665,1,46,3.71,0,1,2,Hibernating
15753,United Kingdom,304,1,79.2,4,1,1,2.0,1,144,79.2,0,1,2,Hibernating
14007,United Kingdom,512,1,79.48,5,1,1,2.3333333333333335,1,16,15.9,0,1,2,Hibernating
14589,United Kingdom,371,1,79.5,4,1,1,2.0,1,10,13.25,0,1,2,Hibernating
16165,United Kingdom,505,1,79.9,5,1,1,2.3333333333333335,1,2,79.9,0,1,2,Hibernating
14190,United Kingdom,666,1,79.9,5,2,1,2.6666666666666665,1,2,79.9,0,1,2,Hibernating
15131,United Kingdom,394,1,80.28,4,1,1,2.0,1,88,11.47,0,1,2,Hibernating
15833,United Kingdom,737,1,80.4,5,2,1,2.6666666666666665,1,24,16.08,0,1,2,Hibernating
17752,United Kingdom,359,1,80.64,4,1,1,2.0,1,192,80.64,0,1,2,Hibernating
16789,United Kingdom,8,1,80.8,1,1,1,1.0,1,32,16.16,0,0,0,Loyal Regulars
17336,United Kingdom,472,1,81.12,5,1,1,2.3333333333333335,1,48,81.12,0,1,2,Hibernating
15170,United Kingdom,406,1,81.15,4,1,1,2.0,1,33,20.29,0,1,2,Hibernating
14717,United Kingdom,733,1,81.3,5,2,1,2.6666666666666665,1,32,7.39,0,1,2,Hibernating
17008,United Kingdom,429,1,81.36,5,1,1,2.3333333333333335,1,24,81.36,0,1,2,Hibernating
17620,United Kingdom,59,1,81.44,2,1,1,1.3333333333333333,1,60,20.36,0,0,0,Loyal Regulars
13006,United Kingdom,56,1,81.57,2,1,1,1.3333333333333333,1,55,20.39,0,0,0,Loyal Regulars
13215,United Kingdom,402,1,81.6,4,1,1,2.0,1,96,81.6,0,1,2,Hibernating
16028,United Kingdom,595,1,82.2,5,2,1,2.6666666666666665,1,18,16.44,0,1,2,Hibernating
13469,United Kingdom,653,1,82.4,5,2,1,2.6666666666666665,1,52,13.73,0,1,2,Hibernating
14347,United Kingdom,736,1,82.6,5,2,1,2.6666666666666665,1,48,13.77,0,1,2,Hibernating
15094,United Kingdom,463,2,83.0,5,2,1,2.6666666666666665,2,28,16.6,181,1,2,Hibernating
12401,Belgium,303,1,84.3,4,1,1,2.0,1,11,16.86,0,1,2,Hibernating
13841,United Kingdom,252,1,85.0,4,1,1,2.0,1,100,85.0,0,1,2,Hibernating
15541,United Kingdom,114,1,85.13,3,1,1,1.6666666666666667,1,49,2.94,0,1,0,Loyal Regulars
13180,United Kingdom,607,1,86.1,5,2,1,2.6666666666666665,1,42,21.53,0,1,2,Hibernating
17763,United Kingdom,263,4,86.15,4,3,1,2.6666666666666665,4,41,6.15,396,1,2,Hibernating
17606,United Kingdom,737,1,87.3,5,2,1,2.6666666666666665,1,42,14.55,0,1,2,Hibernating
16564,United Kingdom,569,1,87.8,5,2,1,2.6666666666666665,1,40,17.56,0,1,2,Hibernating
15083,United Kingdom,256,1,88.2,4,1,1,2.0,1,38,17.64,0,1,2,Hibernating
15603,United Kingdom,78,2,88.48,3,2,1,2.0,2,128,22.12,570,0,0,Loyal Regulars
13222,United Kingdom,577,1,88.5,5,2,1,2.6666666666666665,1,30,88.5,0,1,2,Hibernating
14760,United Kingdom,297,1,89.2,4,1,1,2.0,1,40,17.84,0,1,2,Hibernating
13535,United Kingdom,402,1,89.5,4,1,1,2.0,1,10,89.5,0,1,2,Hibernating
16061,United Kingdom,431,1,89.65,5,1,1,2.3333333333333335,1,19,29.88,0,1,2,Hibernating
15686,United Kingdom,420,1,90.0,5,1,1,2.3333333333333335,1,72,90.0,0,1,2,Hibernating
14117,United Kingdom,143,1,90.0,3,1,1,1.6666666666666667,1,72,30.0,0,1,0,Loyal Regulars
16597,United Kingdom,4,1,90.04,1,1,1,1.0,1,184,12.86,0,0,0,Loyal Regulars
16506,United Kingdom,19,2,90.3,1,3,1,1.6666666666666667,2,42,30.1,21,0,0,Loyal Regulars
14435,United Kingdom,501,1,90.42,5,1,1,2.3333333333333335,1,282,30.14,0,1,2,Hibernating
13947,United Kingdom,65,1,90.6,3,1,1,1.6666666666666667,1,44,18.12,0,0,0,Loyal Regulars
14786,United Kingdom,550,1,90.96,5,2,1,2.6666666666666665,1,112,12.99,0,1,2,Hibernating
13392,United Kingdom,677,1,91.14,5,2,1,2.6666666666666665,1,82,11.39,0,1,2,Hibernating
12659,France,29,1,91.68,2,1,1,1.3333333333333333,1,105,18.34,0,0,0,Loyal Regulars
13160,United Kingdom,22,1,91.8,2,1,1,1.3333333333333333,1,56,22.95,0,0,0,Loyal Regulars
16831,United Kingdom,564,1,91.8,5,2,1,2.6666666666666665,1,48,15.3,0,1,2,Hibernating
14054,United Kingdom,65,1,92.46,3,1,1,1.6666666666666667,1,62,15.41,0,0,0,Loyal Regulars
16196,United Kingdom,488,1,93.3,5,1,1,2.3333333333333335,1,26,23.32,0,1,2,Hibernating
15082,United Kingdom,668,1,93.35,5,2,1,2.6666666666666665,1,43,15.56,0,1,2,Hibernating
12992,United Kingdom,725,1,93.35,5,2,1,2.6666666666666665,1,21,15.56,0,1,2,Hibernating
15305,United Kingdom,555,1,93.6,5,2,1,2.6666666666666665,1,40,18.72,0,1,2,Hibernating
14394,United Kingdom,564,1,93.8,5,2,1,2.6666666666666665,1,58,15.63,0,1,2,Hibernating
15397,United Kingdom,289,1,94.0,4,1,1,2.0,1,20,15.67,0,1,2,Hibernating
15868,United Kingdom,583,1,94.53,5,2,1,2.6666666666666665,1,57,23.63,0,1,2,Hibernating
14833,United Kingdom,498,1,94.8,5,1,1,2.3333333333333335,1,58,13.54,0,1,2,Hibernating
15285,United Kingdom,407,1,94.92,4,1,1,2.0,1,120,15.82,0,1,2,Hibernating
12548,Spain,166,1,95.2,3,1,1,1.6666666666666667,1,49,19.04,0,1,0,Loyal Regulars
18249,United Kingdom,17,1,95.34,1,1,1,1.0,1,128,11.92,0,0,0,Loyal Regulars
17024,United Kingdom,45,3,95.85,2,3,1,2.0,3,69,31.95,112,0,0,Loyal Regulars
13793,United Kingdom,646,1,96.0,5,2,1,2.6666666666666665,1,52,13.71,0,1,2,Hibernating
14642,United Kingdom,58,1,96.12,2,1,1,1.3333333333333333,1,76,48.06,0,0,0,Loyal Regulars
12652,Germany,434,1,97.05,5,1,1,2.3333333333333335,1,505,19.17,0,1,2,Hibernating
12652,Germany,434,1,97.05,5,1,1,2.3333333333333335,1,31,32.35,0,1,2,Hibernating
12984,United Kingdom,18,1,97.5,1,1,1,1.0,1,26,24.38,0,0,0,Loyal Regulars
17395,United Kingdom,508,1,97.5,5,1,1,2.3333333333333335,1,66,32.5,0,1,2,Hibernating
18033,United Kingdom,65,1,97.97,3,1,1,1.6666666666666667,1,253,2.88,0,0,0,Loyal Regulars
17895,United Kingdom,44,1,98.0,2,1,1,1.3333333333333333,1,130,6.12,0,0,0,Loyal Regulars
16694,United Kingdom,723,1,98.3,5,2,1,2.6666666666666665,1,26,32.77,0,1,2,Hibernating
17538,United Kingdom,25,1,98.42,2,1,1,1.3333333333333333,1,134,10.94,0,0,0,Loyal Regulars
12774,Netherlands,535,1,98.7,5,2,1,2.6666666666666665,1,53,16.45,0,1,2,Hibernating
17939,United Kingdom,159,1,99.14,3,1,1,1.6666666666666667,1,40,8.26,0,1,0,Loyal Regulars
17570,United Kingdom,381,1,100.0,4,1,1,2.0,1,1,100.0,0,1,2,Hibernating
15635,United Kingdom,395,1,100.35,4,1,1,2.0,1,5,50.17,0,1,2,Hibernating
14371,United Kingdom,295,1,100.5,4,1,1,2.0,1,34,25.12,0,1,2,Hibernating
17427,United Kingdom,71,1,100.8,3,1,1,1.6666666666666667,1,34,50.4,0,0,0,Loyal Regulars
17224,United Kingdom,501,1,100.86,5,1,1,2.3333333333333335,1,65,12.61,0,1,2,Hibernating
14946,United Kingdom,14,1,100.9,1,1,1,1.0,1,22,33.63,0,0,0,Loyal Regulars
17493,United Kingdom,385,1,100.91,4,1,1,2.0,1,62,12.61,0,1,2,Hibernating
16498,United Kingdom,161,2,100.97,3,2,1,2.0,2,45,6.73,1,1,0,Loyal Regulars
17741,United Kingdom,406,2,101.1,4,2,1,2.3333333333333335,2,114,16.85,154,1,2,Hibernating
13011,United Kingdom,372,1,101.1,4,1,1,2.0,1,26,16.85,0,1,2,Hibernating
18195,United Kingdom,387,1,101.16,4,1,1,2.0,1,60,20.23,0,1,2,Hibernating
18086,United Kingdom,274,1,101.34,4,1,1,2.0,1,106,14.48,0,1,2,Hibernating
16944,United Kingdom,609,1,101.36,5,2,1,2.6666666666666665,1,27,14.48,0,1,2,Hibernating
18068,United Kingdom,289,1,101.7,4,1,1,2.0,1,6,101.7,0,1,2,Hibernating
16516,United Kingdom,30,1,101.7,2,1,1,1.3333333333333333,1,58,16.95,0,0,0,Loyal Regulars
13829,United Kingdom,421,1,102.0,5,1,1,2.3333333333333335,1,12,102.0,0,1,2,Hibernating
15486,United Kingdom,527,1,102.0,5,1,1,2.3333333333333335,1,40,102.0,0,1,2,Hibernating
14836,United Kingdom,10,3,102.45,1,3,1,1.6666666666666667,3,45,17.07,20,0,0,Loyal Regulars
17467,United Kingdom,395,1,102.6,4,1,1,2.0,1,20,25.65,0,1,2,Hibernating
15924,United Kingdom,731,1,102.82,5,2,1,2.6666666666666665,1,103,6.85,0,1,2,Hibernating
14542,United Kingdom,185,1,103.25,3,1,1,1.6666666666666667,1,19,20.65,0,1,0,Loyal Regulars
16896,United Kingdom,555,1,103.95,5,2,1,2.6666666666666665,1,18,5.77,0,1,2,Hibernating
16375,United Kingdom,470,2,104.0,5,2,1,2.6666666666666665,2,74,8.0,0,1,2,Hibernating
17328,United Kingdom,673,1,104.7,5,2,1,2.6666666666666665,1,86,17.45,0,1,2,Hibernating
14027,United Kingdom,60,1,104.82,3,1,1,1.6666666666666667,1,62,17.47,0,0,0,Loyal Regulars
15340,United Kingdom,561,1,105.5,5,2,1,2.6666666666666665,1,76,15.07,0,1,2,Hibernating
14579,United Kingdom,432,1,105.56,5,1,1,2.3333333333333335,1,56,4.22,0,1,2,Hibernating
15642,United Kingdom,729,1,105.78,5,2,1,2.6666666666666665,1,270,17.63,0,1,2,Hibernating
18103,United Kingdom,549,1,105.8,5,2,1,2.6666666666666665,1,23,10.58,0,1,2,Hibernating
16581,United Kingdom,182,1,105.84,3,1,1,1.6666666666666667,1,134,11.76,0,1,0,Loyal Regulars
17791,United Kingdom,29,1,106.1,2,1,1,1.3333333333333333,1,46,10.61,0,0,0,Loyal Regulars
15168,United Kingdom,25,1,106.56,2,1,1,1.3333333333333333,1,52,21.31,0,0,0,Loyal Regulars
14637,United Kingdom,677,1,106.68,5,2,1,2.6666666666666665,1,100,15.24,0,1,2,Hibernating
16082,United Kingdom,670,1,106.75,5,2,1,2.6666666666666665,1,39,6.67,0,1,2,Hibernating
16630,United Kingdom,407,1,106.8,4,1,1,2.0,1,72,26.7,0,1,2,Hibernating
15846,United Kingdom,385,1,107.01,4,1,1,2.0,1,79,3.69,0,1,2,Hibernating
16047,EIRE,682,1,107.14,5,2,1,2.6666666666666665,1,1,107.14,0,1,2,Hibernating
15328,United Kingdom,407,1,107.24,4,1,1,2.0,1,88,13.4,0,1,2,Hibernating
16301,United Kingdom,736,1,107.33,5,2,1,2.6666666666666665,1,41,17.89,0,1,2,Hibernating
15395,United Kingdom,325,1,107.45,4,1,1,2.0,1,17,15.35,0,1,2,Hibernating
14943,United Kingdom,663,1,107.62,5,2,1,2.6666666666666665,1,46,21.52,0,1,2,Hibernating
13580,United Kingdom,406,1,107.75,4,1,1,2.0,1,45,21.55,0,1,2,Hibernating
15583,United Kingdom,376,1,107.86,4,1,1,2.0,1,63,2.34,0,1,2,Hibernating
14661,United Kingdom,26,1,107.95,2,1,1,1.3333333333333333,1,35,26.99,0,0,0,Loyal Regulars
14374,United Kingdom,541,1,108.0,5,2,1,2.6666666666666665,1,20,15.43,0,1,2,Hibernating
16106,United Kingdom,65,1,108.38,3,1,1,1.6666666666666667,1,74,18.06,0,0,0,Loyal Regulars
14345,United Kingdom,38,1,108.98,2,1,1,1.3333333333333333,1,50,18.16,0,0,0,Loyal Regulars
16664,United Kingdom,569,1,109.2,5,2,1,2.6666666666666665,1,24,13.65,0,1,2,Hibernating
16363,United Kingdom,53,1,109.36,2,1,1,1.3333333333333333,1,52,21.87,0,0,0,Loyal Regulars
14033,United Kingdom,555,1,109.44,5,2,1,2.6666666666666665,1,576,109.44,0,1,2,Hibernating
15851,United Kingdom,526,1,109.73,5,1,1,2.3333333333333335,1,67,13.72,0,1,2,Hibernating
16339,United Kingdom,284,1,109.95,4,1,1,2.0,1,23,5.5,0,1,2,Hibernating
17836,United Kingdom,47,1,110.21,2,1,1,1.3333333333333333,1,88,4.59,0,0,0,Loyal Regulars
14641,United Kingdom,21,1,110.46,2,1,1,1.3333333333333333,1,90,15.78,0,0,0,Loyal Regulars
16963,United Kingdom,187,1,110.55,3,1,1,1.6666666666666667,1,35,15.79,0,1,0,Loyal Regulars
14787,United Kingdom,471,1,110.65,5,1,1,2.3333333333333335,1,59,7.38,0,1,2,Hibernating
18256,United Kingdom,387,1,110.7,4,1,1,2.0,1,180,11.07,0,1,2,Hibernating
15853,United Kingdom,51,1,110.8,2,1,1,1.3333333333333333,1,135,3.69,0,0,0,Loyal Regulars
15537,United Kingdom,163,1,110.92,3,1,1,1.6666666666666667,1,29,4.62,0,1,0,Loyal Regulars
14509,United Kingdom,534,1,110.95,5,2,1,2.6666666666666665,1,38,4.44,0,1,2,Hibernating
12692,France,637,1,110.95,5,2,1,2.6666666666666665,1,36,8.53,0,1,2,Hibernating
16064,United Kingdom,725,1,111.0,5,2,1,2.6666666666666665,1,56,6.17,0,1,2,Hibernating
14464,United Kingdom,568,2,111.0,5,2,1,2.6666666666666665,2,62,27.75,59,1,2,Hibernating
18120,United Kingdom,214,1,111.15,4,1,1,2.0,1,31,6.54,0,1,0,Loyal Regulars
17887,United Kingdom,129,1,111.35,3,1,1,1.6666666666666667,1,30,11.14,0,1,0,Loyal Regulars
17304,United Kingdom,534,1,111.5,5,2,1,2.6666666666666665,1,73,22.3,0,1,2,Hibernating
18124,United Kingdom,472,1,111.53,5,1,1,2.3333333333333335,1,51,4.65,0,1,2,Hibernating
14668,United Kingdom,445,1,111.63,5,1,1,2.3333333333333335,1,49,9.3,0,1,2,Hibernating
17957,United Kingdom,66,1,111.68,3,1,1,1.6666666666666667,1,287,3.6,0,0,0,Loyal Regulars
16547,United Kingdom,546,1,111.71,5,2,1,2.6666666666666665,1,113,4.14,0,1,2,Hibernating
15875,United Kingdom,646,1,111.72,5,2,1,2.6666666666666665,1,76,4.47,0,1,2,Hibernating
14750,United Kingdom,736,1,112.03,5,2,1,2.6666666666666665,1,65,3.5,0,1,2,Hibernating
12756,Japan,86,1,112.08,3,1,1,1.6666666666666667,1,144,28.02,0,0,0,Loyal Regulars
17900,United Kingdom,190,2,112.2,4,2,1,2.3333333333333335,2,73,18.7,0,1,0,Loyal Regulars
17893,United Kingdom,225,1,112.25,4,1,1,2.0,1,161,7.02,0,1,0,Loyal Regulars
17816,United Kingdom,36,6,112.32,2,4,1,2.3333333333333335,6,96,2.04,688,0,0,Loyal Regulars
13620,United Kingdom,528,1,112.34,5,2,1,2.6666666666666665,1,74,22.47,0,1,2,Hibernating
15610,United Kingdom,51,1,112.46,2,1,1,1.3333333333333333,1,66,18.74,0,0,0,Loyal Regulars
15899,United Kingdom,368,1,112.5,4,1,1,2.0,1,78,14.06,0,1,2,Hibernating
18129,United Kingdom,243,1,112.55,4,1,1,2.0,1,48,8.04,0,1,0,Loyal Regulars
16697,United Kingdom,241,1,112.75,4,1,1,2.0,1,27,5.37,0,1,0,Loyal Regulars
14689,United Kingdom,208,1,112.8,4,1,1,2.0,1,76,8.68,0,1,0,Loyal Regulars
17784,United Kingdom,550,1,112.86,5,2,1,2.6666666666666665,1,72,4.91,0,1,2,Hibernating
16821,United Kingdom,381,1,113.35,4,1,1,2.0,1,13,16.19,0,1,2,Hibernating
18105,United Kingdom,37,1,113.48,2,1,1,1.3333333333333333,1,46,6.3,0,0,0,Loyal Regulars
14457,United Kingdom,310,1,113.64,4,1,1,2.0,1,88,28.41,0,1,2,Hibernating
18148,United Kingdom,646,1,114.1,5,2,1,2.6666666666666665,1,64,10.37,0,1,2,Hibernating
14582,United Kingdom,40,1,114.11,2,1,1,1.3333333333333333,1,73,19.02,0,0,0,Loyal Regulars
12938,United Kingdom,25,1,114.14,2,1,1,1.3333333333333333,1,140,12.68,0,0,0,Loyal Regulars
14652,United Kingdom,77,1,114.18,3,1,1,1.6666666666666667,1,53,3.94,0,0,0,Loyal Regulars
14974,United Kingdom,37,1,114.39,2,1,1,1.3333333333333333,1,44,5.45,0,0,0,Loyal Regulars
17275,United Kingdom,383,1,114.52,4,1,1,2.0,1,72,4.77,0,1,2,Hibernating
14632,United Kingdom,262,1,114.56,4,1,1,2.0,1,96,14.32,0,1,2,Hibernating
16247,United Kingdom,170,1,114.56,3,1,1,1.6666666666666667,1,182,7.16,0,1,0,Loyal Regulars
13188,United Kingdom,11,1,114.6,1,1,1,1.0,1,25,57.3,0,0,0,Loyal Regulars
15905,United Kingdom,543,1,114.69,5,2,1,2.6666666666666665,1,82,5.21,0,1,2,Hibernating
17933,United Kingdom,632,1,114.69,5,2,1,2.6666666666666665,1,63,8.19,0,1,2,Hibernating
17401,United Kingdom,541,1,114.85,5,2,1,2.6666666666666665,1,34,9.57,0,1,2,Hibernating
15352,United Kingdom,548,1,114.95,5,2,1,2.6666666666666665,1,43,3.11,0,1,2,Hibernating
18012,United Kingdom,723,1,115.3,5,2,1,2.6666666666666665,1,63,8.87,0,1,2,Hibernating
18027,United Kingdom,98,1,115.31,3,1,1,1.6666666666666667,1,78,5.49,0,1,0,Loyal Regulars
17208,United Kingdom,395,1,115.35,4,1,1,2.0,1,103,4.81,0,1,2,Hibernating
13241,United Kingdom,411,1,115.58,5,1,1,2.3333333333333335,1,48,2.75,0,1,2,Hibernating
14721,United Kingdom,379,1,115.77,4,1,1,2.0,1,59,4.29,0,1,2,Hibernating
14143,United Kingdom,133,1,115.8,3,1,1,1.6666666666666667,1,30,16.54,0,1,0,Loyal Regulars
13170,United Kingdom,26,1,116.01,2,1,1,1.3333333333333333,1,147,3.63,0,0,0,Loyal Regulars
14874,United Kingdom,535,1,116.18,5,2,1,2.6666666666666665,1,148,19.36,0,1,2,Hibernating
17117,United Kingdom,288,1,116.2,4,1,1,2.0,1,68,12.91,0,1,2,Hibernating
16959,United Kingdom,87,1,117.35,3,1,1,1.6666666666666667,1,49,16.76,0,0,0,Loyal Regulars
17654,United Kingdom,277,1,117.55,4,1,1,2.0,1,41,5.34,0,1,2,Hibernating
16291,Portugal,682,1,117.72,5,2,1,2.6666666666666665,1,1,117.72,0,1,2,Hibernating
12929,United Kingdom,311,1,117.85,4,1,1,2.0,1,37,14.73,0,1,2,Hibernating
13193,United Kingdom,61,1,117.88,3,1,1,1.6666666666666667,1,50,4.06,0,0,0,Loyal Regulars
14155,United Kingdom,266,1,118.75,4,1,1,2.0,1,25,19.79,0,1,2,Hibernating
17079,United Kingdom,78,1,118.8,3,1,1,1.6666666666666667,1,24,59.4,0,0,0,Loyal Regulars
17280,United Kingdom,438,1,118.86,5,1,1,2.3333333333333335,1,74,19.81,0,1,2,Hibernating
15843,United Kingdom,303,1,118.95,4,1,1,2.0,1,27,14.87,0,1,2,Hibernating
17177,United Kingdom,505,1,119.5,5,1,1,2.3333333333333335,1,40,4.12,0,1,2,Hibernating
15161,United Kingdom,388,1,119.92,4,1,1,2.0,1,144,3.63,0,1,2,Hibernating
14453,United Kingdom,190,1,119.93,4,1,1,2.0,1,49,5.45,0,1,0,Loyal Regulars
14259,United Kingdom,141,1,120.0,3,1,1,1.6666666666666667,1,68,24.0,0,1,0,Loyal Regulars
18015,United Kingdom,4,1,120.03,1,1,1,1.0,1,157,2.61,0,0,0,Loyal Regulars
17543,United Kingdom,549,1,120.05,5,2,1,2.6666666666666665,1,62,9.23,0,1,2,Hibernating
14884,United Kingdom,669,1,120.6,5,2,1,2.6666666666666665,1,72,15.08,0,1,2,Hibernating
17446,United Kingdom,176,2,120.9,3,2,1,2.0,2,198,13.43,134,1,0,Loyal Regulars
17260,United Kingdom,411,1,120.95,5,1,1,2.3333333333333335,1,23,20.16,0,1,2,Hibernating
15049,United Kingdom,273,1,121.17,4,1,1,2.0,1,63,40.39,0,1,2,Hibernating
13182,United Kingdom,45,1,121.18,2,1,1,1.3333333333333333,1,201,11.02,0,0,0,Loyal Regulars
13244,United Kingdom,92,1,121.74,3,1,1,1.6666666666666667,1,38,4.51,0,1,0,Loyal Regulars
16073,United Kingdom,297,1,122.4,4,1,1,2.0,1,48,122.4,0,1,2,Hibernating
13084,United Kingdom,491,1,122.4,5,1,1,2.3333333333333335,1,144,61.2,0,1,2,Hibernating
12969,United Kingdom,602,1,122.45,5,2,1,2.6666666666666665,1,55,24.49,0,1,2,Hibernating
14076,United Kingdom,129,1,122.47,3,1,1,1.6666666666666667,1,81,2.66,0,1,0,Loyal Regulars
14165,United Kingdom,275,1,122.54,4,1,1,2.0,1,54,4.9,0,1,2,Hibernating
13638,United Kingdom,15,1,122.64,1,1,1,1.0,1,93,15.33,0,0,0,Loyal Regulars
13876,United Kingdom,63,1,122.7,3,1,1,1.6666666666666667,1,36,17.53,0,0,0,Loyal Regulars
16068,United Kingdom,593,1,122.93,5,2,1,2.6666666666666665,1,52,3.15,0,1,2,Hibernating
15927,United Kingdom,647,1,123.39,5,2,1,2.6666666666666665,1,69,7.26,0,1,2,Hibernating
14187,United Kingdom,473,1,123.5,5,1,1,2.3333333333333335,1,50,15.44,0,1,2,Hibernating
13968,United Kingdom,423,1,123.66,5,1,1,2.3333333333333335,1,174,15.46,0,1,2,Hibernating
15779,United Kingdom,463,2,124.08,5,2,1,2.6666666666666665,2,20,15.51,69,1,2,Hibernating
12773,Portugal,564,1,124.25,5,2,1,2.6666666666666665,1,109,20.71,0,1,2,Hibernating
18000,United Kingdom,564,1,124.25,5,2,1,2.6666666666666665,1,109,20.71,0,1,2,Hibernating
17316,United Kingdom,420,1,124.45,5,1,1,2.3333333333333335,1,44,3.56,0,1,2,Hibernating
17541,United Kingdom,509,1,124.46,5,1,1,2.3333333333333335,1,46,3.77,0,1,2,Hibernating
16849,United Kingdom,186,1,124.57,3,1,1,1.6666666666666667,1,33,15.57,0,1,0,Loyal Regulars
13312,United Kingdom,451,1,124.75,5,1,1,2.3333333333333335,1,41,24.95,0,1,2,Hibernating
14726,United Kingdom,654,1,124.75,5,2,1,2.6666666666666665,1,91,6.57,0,1,2,Hibernating
17148,United Kingdom,51,1,124.88,2,1,1,1.3333333333333333,1,82,13.88,0,0,0,Loyal Regulars
13912,United Kingdom,423,1,124.95,5,1,1,2.3333333333333335,1,29,17.85,0,1,2,Hibernating
15731,United Kingdom,553,1,125.3,5,2,1,2.6666666666666665,1,122,15.66,0,1,2,Hibernating
15017,United Kingdom,33,1,125.58,2,1,1,1.3333333333333333,1,63,6.28,0,0,0,Loyal Regulars
16925,United Kingdom,540,1,125.65,5,2,1,2.6666666666666665,1,123,6.98,0,1,2,Hibernating
13522,United Kingdom,30,1,125.8,2,1,1,1.3333333333333333,1,44,25.16,0,0,0,Loyal Regulars
12814,Poland,101,1,125.92,3,1,1,1.6666666666666667,1,49,62.96,0,1,0,Loyal Regulars
17657,United Kingdom,430,1,126.0,5,1,1,2.3333333333333335,1,60,18.0,0,1,2,Hibernating
13794,United Kingdom,546,1,126.03,5,2,1,2.6666666666666665,1,63,14.0,0,1,2,Hibernating
16294,United Kingdom,476,1,126.05,5,1,1,2.3333333333333335,1,54,15.76,0,1,2,Hibernating
15463,United Kingdom,29,1,126.14,2,1,1,1.3333333333333333,1,106,18.02,0,0,0,Loyal Regulars
14751,United Kingdom,684,2,126.45,5,2,1,2.6666666666666665,2,65,18.06,42,1,2,Hibernating
16973,United Kingdom,386,1,127.0,4,1,1,2.0,1,60,21.17,0,1,2,Hibernating
15578,United Kingdom,162,1,127.1,3,1,1,1.6666666666666667,1,52,9.78,0,1,0,Loyal Regulars
13053,United Kingdom,621,1,127.65,5,2,1,2.6666666666666665,1,47,7.51,0,1,2,Hibernating
16397,United Kingdom,628,1,127.88,5,2,1,2.6666666666666665,1,50,11.63,0,1,2,Hibernating
13666,United Kingdom,60,5,127.9,3,4,1,2.6666666666666665,5,54,6.73,675,0,0,Loyal Regulars
15892,United Kingdom,669,1,128.2,5,2,1,2.6666666666666665,1,46,3.37,0,1,2,Hibernating
16251,United Kingdom,512,1,128.31,5,1,1,2.3333333333333335,1,44,6.42,0,1,2,Hibernating
17089,United Kingdom,386,1,128.45,4,1,1,2.0,1,35,32.11,0,1,2,Hibernating
16828,United Kingdom,93,2,128.5,3,2,1,2.0,2,59,16.06,19,1,0,Loyal Regulars
17056,United Kingdom,738,1,128.6,5,2,1,2.6666666666666665,1,26,16.08,0,1,2,Hibernating
13071,United Kingdom,612,1,129.22,5,2,1,2.6666666666666665,1,30,10.77,0,1,2,Hibernating
12555,Spain,682,1,129.23,5,2,1,2.6666666666666665,1,1,129.23,0,1,2,Hibernating
14999,United Kingdom,592,1,129.48,5,2,1,2.6666666666666665,1,88,14.39,0,1,2,Hibernating
17847,United Kingdom,515,2,129.69,5,2,1,2.6666666666666665,2,29,14.41,130,1,2,Hibernating
14865,United Kingdom,7,4,129.72,1,4,1,2.0,4,300,14.41,731,0,0,Loyal Regulars
15317,United Kingdom,677,1,129.75,5,2,1,2.6666666666666665,1,45,25.95,0,1,2,Hibernating
17762,United Kingdom,456,1,129.75,5,1,1,2.3333333333333335,1,129,7.63,0,1,2,Hibernating
16288,United Kingdom,470,1,129.85,5,1,1,2.3333333333333335,1,19,18.55,0,1,2,Hibernating
17818,United Kingdom,737,1,130.18,5,2,1,2.6666666666666665,1,90,2.83,0,1,2,Hibernating
16410,United Kingdom,734,1,130.32,5,2,1,2.6666666666666665,1,348,26.06,0,1,2,Hibernating
17240,United Kingdom,596,1,130.6,5,2,1,2.6666666666666665,1,108,18.66,0,1,2,Hibernating
15844,United Kingdom,46,1,130.74,2,1,1,1.3333333333333333,1,134,11.89,0,0,0,Loyal Regulars
16865,United Kingdom,401,1,130.95,4,1,1,2.0,1,157,8.18,0,1,2,Hibernating
17225,United Kingdom,581,1,131.15,5,2,1,2.6666666666666665,1,36,26.23,0,1,2,Hibernating
14378,United Kingdom,621,1,131.25,5,2,1,2.6666666666666665,1,57,14.58,0,1,2,Hibernating
15409,United Kingdom,721,1,131.25,5,2,1,2.6666666666666665,1,59,14.58,0,1,2,Hibernating
14795,United Kingdom,166,1,131.45,3,1,1,1.6666666666666667,1,17,21.91,0,1,0,Loyal Regulars
13586,United Kingdom,541,1,131.53,5,2,1,2.6666666666666665,1,39,6.26,0,1,2,Hibernating
17455,United Kingdom,203,1,131.7,4,1,1,2.0,1,66,16.46,0,1,0,Loyal Regulars
17297,United Kingdom,17,1,131.78,1,1,1,1.0,1,67,2.58,0,0,0,Loyal Regulars
17565,United Kingdom,586,1,131.83,5,2,1,2.6666666666666665,1,67,4.39,0,1,2,Hibernating
14438,United Kingdom,306,1,131.9,4,1,1,2.0,1,82,14.66,0,1,2,Hibernating
14444,United Kingdom,456,1,132.04,5,1,1,2.3333333333333335,1,180,10.16,0,1,2,Hibernating
12964,United Kingdom,437,1,132.24,5,1,1,2.3333333333333335,1,56,5.09,0,1,2,Hibernating
17909,United Kingdom,737,1,132.55,5,2,1,2.6666666666666665,1,41,14.73,0,1,2,Hibernating
12467,USA,423,1,132.8,5,1,1,2.3333333333333335,1,129,14.76,0,1,2,Hibernating
17881,United Kingdom,304,1,133.35,4,1,1,2.0,1,32,16.67,0,1,2,Hibernating
15056,United Kingdom,520,1,133.45,5,1,1,2.3333333333333335,1,81,19.06,0,1,2,Hibernating
14349,United Kingdom,10,1,133.5,1,1,1,1.0,1,86,4.31,0,0,0,Loyal Regulars
16886,United Kingdom,456,1,134.0,5,1,1,2.3333333333333335,1,48,16.75,0,1,2,Hibernating
14280,United Kingdom,196,1,134.04,4,1,1,2.0,1,52,16.75,0,1,0,Loyal Regulars
16486,United Kingdom,537,1,134.36,5,2,1,2.6666666666666665,1,24,19.19,0,1,2,Hibernating
15926,United Kingdom,542,1,134.44,5,2,1,2.6666666666666665,1,155,19.21,0,1,2,Hibernating
14174,United Kingdom,33,1,134.46,2,1,1,1.3333333333333333,1,94,5.17,0,0,0,Loyal Regulars
17826,United Kingdom,374,1,134.59,4,1,1,2.0,1,85,3.96,0,1,2,Hibernating
14340,United Kingdom,218,1,134.7,4,1,1,2.0,1,58,22.45,0,1,0,Loyal Regulars
16055,United Kingdom,220,1,134.8,4,1,1,2.0,1,22,16.85,0,1,0,Loyal Regulars
13119,United Kingdom,668,1,134.9,5,2,1,2.6666666666666665,1,110,12.26,0,1,2,Hibernating
13364,United Kingdom,71,1,134.96,3,1,1,1.6666666666666667,1,71,13.5,0,0,0,Loyal Regulars
17960,United Kingdom,171,3,135.08,3,3,1,2.3333333333333335,3,60,3.65,470,1,0,Loyal Regulars
13702,United Kingdom,445,1,135.18,5,1,1,2.3333333333333335,1,74,27.04,0,1,2,Hibernating
13144,United Kingdom,332,2,135.35,4,2,1,2.3333333333333335,2,29,22.56,99,1,2,Hibernating
14588,United Kingdom,578,1,135.39,5,2,1,2.6666666666666665,1,62,8.46,0,1,2,Hibernating
13076,United Kingdom,457,1,135.4,5,1,1,2.3333333333333335,1,44,15.04,0,1,2,Hibernating
16665,United Kingdom,362,1,135.4,4,1,1,2.0,1,59,15.04,0,1,2,Hibernating
14391,United Kingdom,576,1,135.6,5,2,1,2.6666666666666665,1,168,9.69,0,1,2,Hibernating
16114,United Kingdom,170,1,135.75,3,1,1,1.6666666666666667,1,43,16.97,0,1,0,Loyal Regulars
15419,United Kingdom,24,1,135.86,2,1,1,1.3333333333333333,1,230,16.98,0,0,0,Loyal Regulars
14889,United Kingdom,336,1,135.9,4,1,1,2.0,1,90,13.59,0,1,2,Hibernating
12968,United Kingdom,112,1,135.95,3,1,1,1.6666666666666667,1,73,27.19,0,1,0,Loyal Regulars
17583,United Kingdom,560,1,135.95,5,2,1,2.6666666666666665,1,55,19.42,0,1,2,Hibernating
14366,United Kingdom,525,1,136.0,5,1,1,2.3333333333333335,1,16,136.0,0,1,2,Hibernating
16462,United Kingdom,73,3,136.0,3,3,1,2.3333333333333335,3,16,45.33,210,0,0,Loyal Regulars
16876,United Kingdom,403,1,136.01,4,1,1,2.0,1,181,4.25,0,1,2,Hibernating
17972,United Kingdom,241,1,136.04,4,1,1,2.0,1,37,4.39,0,1,0,Loyal Regulars
16651,United Kingdom,586,1,136.2,5,2,1,2.6666666666666665,1,60,22.7,0,1,2,Hibernating
16289,United Kingdom,462,1,136.31,5,1,1,2.3333333333333335,1,97,6.49,0,1,2,Hibernating
16237,United Kingdom,437,1,136.65,5,1,1,2.3333333333333335,1,57,19.52,0,1,2,Hibernating
13907,United Kingdom,691,1,136.8,5,2,1,2.6666666666666665,1,68,34.2,0,1,2,Hibernating
15836,United Kingdom,50,1,137.37,2,1,1,1.3333333333333333,1,26,13.74,0,0,0,Loyal Regulars
13279,United Kingdom,78,1,137.75,3,1,1,1.6666666666666667,1,73,15.31,0,0,0,Loyal Regulars
16396,United Kingdom,476,1,137.8,5,1,1,2.3333333333333335,1,80,17.23,0,1,2,Hibernating
12512,Israel,66,2,138.03,3,2,1,2.0,2,99,4.06,0,0,0,Loyal Regulars
15663,United Kingdom,106,1,138.14,3,1,1,1.6666666666666667,1,106,15.35,0,1,0,Loyal Regulars
17982,United Kingdom,680,1,138.18,5,2,1,2.6666666666666665,1,117,10.63,0,1,2,Hibernating
13716,United Kingdom,269,1,138.28,4,1,1,2.0,1,138,6.58,0,1,2,Hibernating
12902,United Kingdom,264,1,138.68,4,1,1,2.0,1,66,13.87,0,1,2,Hibernating
13273,United Kingdom,113,1,138.98,3,1,1,1.6666666666666667,1,153,8.69,0,1,0,Loyal Regulars
18209,United Kingdom,28,1,139.1,2,1,1,1.3333333333333333,1,58,17.39,0,0,0,Loyal Regulars
14707,United Kingdom,435,2,139.2,5,2,1,2.6666666666666665,2,96,69.6,141,1,2,Hibernating
14772,United Kingdom,112,1,139.26,3,1,1,1.6666666666666667,1,82,15.47,0,1,0,Loyal Regulars
16483,United Kingdom,192,1,139.35,4,1,1,2.0,1,44,7.33,0,1,0,Loyal Regulars
16840,United Kingdom,603,2,139.85,5,2,1,2.6666666666666665,2,117,15.54,71,1,2,Hibernating
15848,United Kingdom,621,1,139.94,5,2,1,2.6666666666666665,1,46,4.0,0,1,2,Hibernating
13839,United Kingdom,486,1,139.95,5,1,1,2.3333333333333335,1,25,19.99,0,1,2,Hibernating
15324,United Kingdom,701,1,140.22,5,2,1,2.6666666666666665,1,74,17.53,0,1,2,Hibernating
13483,United Kingdom,65,1,140.34,3,1,1,1.6666666666666667,1,160,14.03,0,0,0,Loyal Regulars
15702,Nigeria,476,2,140.39,5,2,1,2.6666666666666665,2,103,4.68,206,1,2,Hibernating
15388,Canada,270,1,140.54,4,1,1,2.0,1,88,14.05,0,1,2,Hibernating
14773,United Kingdom,592,1,140.55,5,2,1,2.6666666666666665,1,53,14.05,0,1,2,Hibernating
17959,United Kingdom,592,1,140.75,5,2,1,2.6666666666666665,1,49,70.38,0,1,2,Hibernating
12636,USA,738,1,141.0,5,2,1,2.6666666666666665,1,1,141.0,0,1,2,Hibernating
17273,United Kingdom,424,1,141.12,5,1,1,2.3333333333333335,1,133,11.76,0,1,2,Hibernating
14041,United Kingdom,266,1,141.41,4,1,1,2.0,1,94,6.73,0,1,2,Hibernating
14386,United Kingdom,296,1,142.4,4,1,1,2.0,1,54,20.34,0,1,2,Hibernating
15761,United Kingdom,442,1,143.05,5,1,1,2.3333333333333335,1,31,28.61,0,1,2,Hibernating
17149,United Kingdom,451,1,143.1,5,1,1,2.3333333333333335,1,18,23.85,0,1,2,Hibernating
15705,United Kingdom,201,1,143.1,4,1,1,2.0,1,62,23.85,0,1,0,Loyal Regulars
14574,United Kingdom,732,1,143.7,5,2,1,2.6666666666666665,1,63,13.06,0,1,2,Hibernating
14604,United Kingdom,633,1,143.86,5,2,1,2.6666666666666665,1,88,6.25,0,1,2,Hibernating
12387,Australia,415,1,143.94,5,1,1,2.3333333333333335,1,134,15.99,0,1,2,Hibernating
12587,Finland,7,1,144.0,1,1,1,1.0,1,51,36.0,0,0,0,Loyal Regulars
17186,United Kingdom,46,2,144.0,2,2,1,1.6666666666666667,2,200,72.0,14,0,0,Loyal Regulars
15816,United Kingdom,542,2,144.15,5,2,1,2.6666666666666665,2,54,13.1,0,1,2,Hibernating
14109,United Kingdom,72,1,144.2,3,1,1,1.6666666666666667,1,88,16.02,0,0,0,Loyal Regulars
17938,United Kingdom,420,1,144.29,5,1,1,2.3333333333333335,1,53,4.98,0,1,2,Hibernating
16852,United Kingdom,10,2,144.91,1,3,1,1.6666666666666667,2,56,16.1,166,0,0,Loyal Regulars
15902,United Kingdom,380,1,145.01,4,1,1,2.0,1,124,8.06,0,1,2,Hibernating
16598,United Kingdom,285,1,145.05,4,1,1,2.0,1,73,14.5,0,1,2,Hibernating
14972,United Kingdom,128,2,145.07,3,2,1,2.0,2,40,7.25,253,1,0,Loyal Regulars
17199,United Kingdom,582,1,145.12,5,2,1,2.6666666666666665,1,304,16.12,0,1,2,Hibernating
15937,United Kingdom,64,1,145.35,3,1,1,1.6666666666666667,1,73,20.76,0,0,0,Loyal Regulars
13866,United Kingdom,74,1,145.67,3,1,1,1.6666666666666667,1,57,20.81,0,0,0,Loyal Regulars
12565,Saudi Arabia,288,1,145.92,4,1,1,2.0,1,80,16.21,0,1,2,Hibernating
18137,United Kingdom,551,2,145.99,5,2,1,2.6666666666666665,2,59,5.03,0,1,2,Hibernating
15496,United Kingdom,631,1,146.14,5,2,1,2.6666666666666665,1,98,6.64,0,1,2,Hibernating
14683,United Kingdom,588,1,146.56,5,2,1,2.6666666666666665,1,386,6.98,0,1,2,Hibernating
17030,United Kingdom,63,1,146.87,3,1,1,1.6666666666666667,1,146,13.35,0,0,0,Loyal Regulars
17794,United Kingdom,686,2,147.3,5,2,1,2.6666666666666665,2,46,21.04,2,1,2,Hibernating
14098,United Kingdom,36,1,147.35,2,1,1,1.3333333333333333,1,104,7.02,0,0,0,Loyal Regulars
16724,United Kingdom,404,1,147.35,4,1,1,2.0,1,69,8.67,0,1,2,Hibernating
15479,United Kingdom,733,1,147.4,5,2,1,2.6666666666666665,1,38,16.38,0,1,2,Hibernating
13578,United Kingdom,409,1,147.66,4,1,1,2.0,1,127,16.41,0,1,2,Hibernating
17859,United Kingdom,304,1,148.21,4,1,1,2.0,1,127,5.93,0,1,2,Hibernating
13457,United Kingdom,688,2,148.22,5,2,1,2.6666666666666665,2,96,16.47,49,1,2,Hibernating
17592,United Kingdom,738,1,148.3,5,2,1,2.6666666666666665,1,38,11.41,0,1,2,Hibernating
15283,United Kingdom,390,3,148.33,4,3,1,2.6666666666666665,3,27,16.48,128,1,2,Hibernating
15526,United Kingdom,33,2,148.44,2,3,1,2.0,2,24,37.11,0,0,0,Loyal Regulars
17549,United Kingdom,23,2,148.86,2,3,1,2.0,2,210,24.81,28,0,0,Loyal Regulars
13003,United Kingdom,105,3,149.05,3,3,1,2.3333333333333335,3,103,24.84,109,1,0,Loyal Regulars
15435,United Kingdom,22,1,149.29,2,1,1,1.3333333333333333,1,54,5.15,0,0,0,Loyal Regulars
17390,United Kingdom,420,1,149.3,5,1,1,2.3333333333333335,1,49,12.44,0,1,2,Hibernating
18038,United Kingdom,556,1,149.41,5,2,1,2.6666666666666665,1,85,4.67,0,1,2,Hibernating
17946,United Kingdom,233,2,149.58,4,2,1,2.3333333333333335,2,75,7.48,26,1,0,Loyal Regulars
13257,United Kingdom,436,1,149.75,5,1,1,2.3333333333333335,1,33,21.39,0,1,2,Hibernating
17234,United Kingdom,182,1,149.89,3,1,1,1.6666666666666667,1,55,10.71,0,1,0,Loyal Regulars
14845,United Kingdom,599,1,150.0,5,2,1,2.6666666666666665,1,600,150.0,0,1,2,Hibernating
14084,United Kingdom,512,1,150.5,5,1,1,2.3333333333333335,1,306,21.5,0,1,2,Hibernating
15775,United Kingdom,245,2,150.5,4,2,1,2.3333333333333335,2,260,16.72,386,1,0,Loyal Regulars
15991,United Kingdom,534,1,150.55,5,2,1,2.6666666666666665,1,41,25.09,0,1,2,Hibernating
14980,United Kingdom,737,1,150.68,5,2,1,2.6666666666666665,1,79,6.28,0,1,2,Hibernating
12959,United Kingdom,484,1,150.95,5,1,1,2.3333333333333335,1,109,18.87,0,1,2,Hibernating
14073,United Kingdom,32,1,151.04,2,1,1,1.3333333333333333,1,130,11.62,0,0,0,Loyal Regulars
16337,United Kingdom,36,1,151.05,2,1,1,1.3333333333333333,1,87,15.1,0,0,0,Loyal Regulars
13697,United Kingdom,38,1,151.3,2,1,1,1.3333333333333333,1,177,12.61,0,0,0,Loyal Regulars
18076,United Kingdom,380,1,151.49,4,1,1,2.0,1,164,18.94,0,1,2,Hibernating
16617,United Kingdom,235,1,151.85,4,1,1,2.0,1,91,30.37,0,1,0,Loyal Regulars
13653,United Kingdom,487,1,152.2,5,1,1,2.3333333333333335,1,72,16.91,0,1,2,Hibernating
17327,United Kingdom,409,2,152.35,4,2,1,2.3333333333333335,2,59,38.09,153,1,2,Hibernating
14066,United Kingdom,266,1,152.55,4,1,1,2.0,1,45,21.79,0,1,2,Hibernating
18113,United Kingdom,368,1,152.64,4,1,1,2.0,1,144,76.32,0,1,2,Hibernating
18138,United Kingdom,295,1,152.65,4,1,1,2.0,1,38,19.08,0,1,2,Hibernating
16507,United Kingdom,572,1,152.76,5,2,1,2.6666666666666665,1,116,3.55,0,1,2,Hibernating
16248,United Kingdom,61,1,152.94,3,1,1,1.6666666666666667,1,78,21.85,0,0,0,Loyal Regulars
12602,France,58,1,153.12,2,1,1,1.3333333333333333,1,162,12.76,0,0,0,Loyal Regulars
15431,United Kingdom,502,1,153.24,5,1,1,2.3333333333333335,1,84,76.62,0,1,2,Hibernating
15560,United Kingdom,397,2,153.52,4,2,1,2.3333333333333335,2,72,15.35,0,1,2,Hibernating
17517,United Kingdom,308,1,153.94,4,1,1,2.0,1,102,13.99,0,1,2,Hibernating
13490,United Kingdom,654,1,154.25,5,2,1,2.6666666666666665,1,25,19.28,0,1,2,Hibernating
15226,United Kingdom,310,1,154.41,4,1,1,2.0,1,71,19.3,0,1,2,Hibernating
15740,United Kingdom,49,1,154.88,2,1,1,1.3333333333333333,1,152,17.21,0,0,0,Loyal Regulars
17698,United Kingdom,260,1,154.95,4,1,1,2.0,1,93,19.37,0,1,2,Hibernating
14046,United Kingdom,284,1,154.99,4,1,1,2.0,1,460,11.07,0,1,2,Hibernating
14368,United Kingdom,319,1,155.0,4,1,1,2.0,1,36,19.37,0,1,2,Hibernating
17832,United Kingdom,49,1,155.37,2,1,1,1.3333333333333333,1,208,2.55,0,0,0,Loyal Regulars
17899,United Kingdom,159,1,155.8,3,1,1,1.6666666666666667,1,171,4.87,0,1,0,Loyal Regulars
13051,United Kingdom,578,2,155.8,5,2,1,2.6666666666666665,2,72,38.95,41,1,2,Hibernating
15263,United Kingdom,106,1,156.51,3,1,1,1.6666666666666667,1,89,13.04,0,1,0,Loyal Regulars
15438,United Kingdom,131,1,156.58,3,1,1,1.6666666666666667,1,59,6.26,0,1,0,Loyal Regulars
16578,United Kingdom,626,1,156.6,5,2,1,2.6666666666666665,1,108,17.4,0,1,2,Hibernating
14406,United Kingdom,119,1,156.75,3,1,1,1.6666666666666667,1,77,19.59,0,1,0,Loyal Regulars
13830,United Kingdom,581,1,156.85,5,2,1,2.6666666666666665,1,47,14.26,0,1,2,Hibernating
15742,United Kingdom,619,1,156.87,5,2,1,2.6666666666666665,1,51,3.83,0,1,2,Hibernating
15007,United Kingdom,159,1,156.91,3,1,1,1.6666666666666667,1,69,13.08,0,1,0,Loyal Regulars
17118,United Kingdom,317,1,157.02,4,1,1,2.0,1,154,15.7,0,1,2,Hibernating
17128,United Kingdom,334,1,157.09,4,1,1,2.0,1,76,11.22,0,1,2,Hibernating
16371,United Kingdom,448,1,157.2,5,1,1,2.3333333333333335,1,108,14.29,0,1,2,Hibernating
12894,United Kingdom,575,1,157.35,5,2,1,2.6666666666666665,1,33,7.49,0,1,2,Hibernating
16687,United Kingdom,390,1,157.63,4,1,1,2.0,1,141,19.7,0,1,2,Hibernating
14822,United Kingdom,485,1,157.7,5,1,1,2.3333333333333335,1,94,17.52,0,1,2,Hibernating
14207,United Kingdom,687,1,157.8,5,2,1,2.6666666666666665,1,36,78.9,0,1,2,Hibernating
17751,United Kingdom,421,1,157.86,5,1,1,2.3333333333333335,1,147,4.93,0,1,2,Hibernating
14318,United Kingdom,460,1,158.02,5,1,1,2.3333333333333335,1,152,17.56,0,1,2,Hibernating
15348,United Kingdom,72,1,158.04,3,1,1,1.6666666666666667,1,84,17.56,0,0,0,Loyal Regulars
15548,United Kingdom,595,1,158.09,5,2,1,2.6666666666666665,1,64,6.87,0,1,2,Hibernating
13125,United Kingdom,523,1,158.57,5,1,1,2.3333333333333335,1,54,7.55,0,1,2,Hibernating
18224,United Kingdom,263,1,158.95,4,1,1,2.0,1,69,15.9,0,1,2,Hibernating
16213,United Kingdom,78,1,159.0,3,1,1,1.6666666666666667,1,48,26.5,0,0,0,Loyal Regulars
13302,United Kingdom,155,2,159.2,3,2,1,2.0,2,12,53.07,371,1,0,Loyal Regulars
13420,United Kingdom,149,2,159.85,3,2,1,2.0,2,101,19.98,21,1,0,Loyal Regulars
12966,United Kingdom,9,1,160.18,1,1,1,1.0,1,75,16.02,0,0,0,Loyal Regulars
18146,United Kingdom,140,2,160.35,3,2,1,2.0,2,153,16.04,80,1,0,Loyal Regulars
16645,United Kingdom,735,1,160.39,5,2,1,2.6666666666666665,1,117,11.46,0,1,2,Hibernating
14814,United Kingdom,581,1,160.46,5,2,1,2.6666666666666665,1,96,5.01,0,1,2,Hibernating
15229,United Kingdom,586,1,160.5,5,2,1,2.6666666666666665,1,114,17.83,0,1,2,Hibernating
17487,United Kingdom,728,1,160.55,5,2,1,2.6666666666666665,1,37,20.07,0,1,2,Hibernating
17202,United Kingdom,420,1,160.65,5,1,1,2.3333333333333335,1,55,20.08,0,1,2,Hibernating
17605,United Kingdom,590,1,160.75,5,2,1,2.6666666666666665,1,71,12.37,0,1,2,Hibernating
17953,United Kingdom,540,1,160.82,5,2,1,2.6666666666666665,1,99,7.66,0,1,2,Hibernating
13229,United Kingdom,225,1,160.95,4,1,1,2.0,1,63,16.1,0,1,0,Loyal Regulars
14089,United Kingdom,56,1,161.0,2,1,1,1.3333333333333333,1,134,11.5,0,0,0,Loyal Regulars
13701,United Kingdom,446,1,161.0,5,1,1,2.3333333333333335,1,80,17.89,0,1,2,Hibernating
13779,United Kingdom,515,1,161.13,5,1,1,2.3333333333333335,1,53,5.97,0,1,2,Hibernating
14362,United Kingdom,22,1,161.2,2,1,1,1.3333333333333333,1,100,3.93,0,0,0,Loyal Regulars
13714,United Kingdom,465,1,161.35,5,1,1,2.3333333333333335,1,50,5.38,0,1,2,Hibernating
16113,United Kingdom,183,1,161.38,3,1,1,1.6666666666666667,1,176,5.38,0,1,0,Loyal Regulars
15499,United Kingdom,723,1,161.6,5,2,1,2.6666666666666665,1,60,3.85,0,1,2,Hibernating
14571,United Kingdom,425,1,161.65,5,1,1,2.3333333333333335,1,57,5.21,0,1,2,Hibernating
17600,United Kingdom,17,1,161.67,1,1,1,1.0,1,144,12.44,0,0,0,Loyal Regulars
17971,United Kingdom,548,1,161.94,5,2,1,2.6666666666666665,1,62,7.71,0,1,2,Hibernating
12661,Sweden,436,1,162.0,5,1,1,2.3333333333333335,1,216,14.73,0,1,2,Hibernating
16443,United Kingdom,520,1,162.24,5,1,1,2.3333333333333335,1,96,162.24,0,1,2,Hibernating
15534,United Kingdom,725,1,162.25,5,2,1,2.6666666666666665,1,63,20.28,0,1,2,Hibernating
15733,United Kingdom,282,1,162.3,4,1,1,2.0,1,62,16.23,0,1,2,Hibernating
12954,United Kingdom,638,1,162.45,5,2,1,2.6666666666666665,1,83,16.24,0,1,2,Hibernating
18174,United Kingdom,7,2,162.5,1,3,1,1.6666666666666667,2,80,81.25,596,0,0,Loyal Regulars
16517,United Kingdom,277,1,162.7,4,1,1,2.0,1,96,9.57,0,1,2,Hibernating
15474,United Kingdom,595,1,163.1,5,2,1,2.6666666666666665,1,56,8.16,0,1,2,Hibernating
14354,United Kingdom,5,2,163.62,1,3,1,1.6666666666666667,2,210,18.18,25,0,0,Loyal Regulars
14955,United Kingdom,732,1,163.77,5,2,1,2.6666666666666665,1,74,5.28,0,1,2,Hibernating
16662,United Kingdom,394,1,163.8,4,1,1,2.0,1,36,5.65,0,1,2,Hibernating
18200,United Kingdom,106,1,163.8,3,1,1,1.6666666666666667,1,111,5.12,0,1,0,Loyal Regulars
14516,United Kingdom,516,1,163.92,5,1,1,2.3333333333333335,1,68,4.43,0,1,2,Hibernating
17417,United Kingdom,548,1,164.18,5,2,1,2.6666666666666665,1,76,10.26,0,1,2,Hibernating
17318,United Kingdom,725,1,164.28,5,2,1,2.6666666666666665,1,60,9.13,0,1,2,Hibernating
13603,United Kingdom,26,1,164.34,2,1,1,1.3333333333333333,1,164,6.09,0,0,0,Loyal Regulars
17535,United Kingdom,280,1,164.4,4,1,1,2.0,1,136,12.65,0,1,2,Hibernating
15904,United Kingdom,8,1,164.68,1,1,1,1.0,1,84,5.49,0,0,0,Loyal Regulars
13191,United Kingdom,658,1,164.69,5,2,1,2.6666666666666665,1,115,2.79,0,1,2,Hibernating
16663,United Kingdom,729,1,165.0,5,2,1,2.6666666666666665,1,100,165.0,0,1,2,Hibernating
13470,United Kingdom,99,2,165.0,3,2,1,2.0,2,100,16.5,16,1,0,Loyal Regulars
15316,United Kingdom,326,1,165.0,4,1,1,2.0,1,100,165.0,0,1,2,Hibernating
13903,United Kingdom,400,1,165.45,4,1,1,2.0,1,103,16.55,0,1,2,Hibernating
14485,United Kingdom,38,1,165.75,2,1,1,1.3333333333333333,1,71,3.53,0,0,0,Loyal Regulars
17650,United Kingdom,21,1,166.08,2,1,1,1.3333333333333333,1,150,20.76,0,0,0,Loyal Regulars
13967,United Kingdom,145,2,166.3,3,2,1,2.0,2,66,27.72,251,1,0,Loyal Regulars
18014,United Kingdom,28,1,166.42,2,1,1,1.3333333333333333,1,68,5.2,0,0,0,Loyal Regulars
15509,United Kingdom,380,1,166.51,4,1,1,2.0,1,72,5.74,0,1,2,Hibernating
17875,United Kingdom,688,1,167.1,5,2,1,2.6666666666666665,1,98,6.43,0,1,2,Hibernating
18107,United Kingdom,442,1,167.13,5,1,1,2.3333333333333335,1,66,4.29,0,1,2,Hibernating
15166,United Kingdom,467,1,167.16,5,1,1,2.3333333333333335,1,140,13.93,0,1,2,Hibernating
16405,United Kingdom,302,2,167.25,4,2,1,2.3333333333333335,2,187,33.45,8,1,2,Hibernating
13609,United Kingdom,593,1,167.35,5,2,1,2.6666666666666665,1,19,23.91,0,1,2,Hibernating
17586,United Kingdom,619,1,167.4,5,2,1,2.6666666666666665,1,68,20.93,0,1,2,Hibernating
18037,United Kingdom,154,15,167.42,3,5,1,3.0,15,37,5.07,584,1,0,Loyal Regulars
17559,United Kingdom,512,1,167.62,5,1,1,2.3333333333333335,1,270,13.97,0,1,2,Hibernating
18088,United Kingdom,61,1,167.67,3,1,1,1.6666666666666667,1,109,4.3,0,0,0,Loyal Regulars
12551,Spain,357,1,168.0,4,1,1,2.0,1,100,16.8,0,1,2,Hibernating
17737,United Kingdom,9,2,168.24,1,3,1,1.6666666666666667,2,108,16.82,49,0,0,Loyal Regulars
18099,United Kingdom,127,1,168.31,3,1,1,1.6666666666666667,1,149,8.86,0,1,0,Loyal Regulars
17367,United Kingdom,238,1,168.4,4,1,1,2.0,1,150,4.95,0,1,0,Loyal Regulars
14578,United Kingdom,3,1,168.63,1,1,1,1.0,1,240,7.03,0,0,0,Loyal Regulars
12768,Korea,450,1,168.69,5,1,1,2.3333333333333335,1,102,16.87,0,1,2,Hibernating
12367,Denmark,4,1,168.9,1,1,1,1.0,1,173,15.35,0,0,0,Loyal Regulars
15647,United Kingdom,415,1,169.0,5,1,1,2.3333333333333335,1,124,15.36,0,1,2,Hibernating
16002,United Kingdom,625,1,169.21,5,2,1,2.6666666666666665,1,70,4.03,0,1,2,Hibernating
18004,United Kingdom,362,1,169.47,4,1,1,2.0,1,78,4.24,0,1,2,Hibernating
14218,United Kingdom,42,1,169.48,2,1,1,1.3333333333333333,1,160,14.12,0,0,0,Loyal Regulars
14860,United Kingdom,19,1,170.32,2,1,1,1.3333333333333333,1,232,15.48,0,0,0,Loyal Regulars
17922,United Kingdom,543,1,170.4,5,2,1,2.6666666666666665,1,49,21.3,0,1,2,Hibernating
15256,United Kingdom,148,2,170.4,3,2,1,2.0,2,92,17.04,413,1,0,Loyal Regulars
14811,United Kingdom,387,1,170.5,4,1,1,2.0,1,74,6.09,0,1,2,Hibernating
15403,United Kingdom,491,2,170.88,5,2,1,2.6666666666666665,2,492,21.36,239,1,2,Hibernating
16312,United Kingdom,432,1,171.15,5,1,1,2.3333333333333335,1,53,17.11,0,1,2,Hibernating
17575,United Kingdom,667,1,171.7,5,2,1,2.6666666666666665,1,72,34.34,0,1,2,Hibernating
17983,United Kingdom,395,1,171.71,4,1,1,2.0,1,108,7.15,0,1,2,Hibernating
14536,United Kingdom,259,1,171.8,4,1,1,2.0,1,40,9.04,0,1,2,Hibernating
15515,United Kingdom,387,1,171.81,4,1,1,2.0,1,131,24.54,0,1,2,Hibernating
12442,Spain,3,1,172.06,1,1,1,1.0,1,182,14.34,0,0,0,Loyal Regulars
13690,United Kingdom,59,1,172.25,3,1,1,1.6666666666666667,1,67,19.14,0,0,0,Loyal Regulars
13195,United Kingdom,414,1,172.38,5,1,1,2.3333333333333335,1,83,3.31,0,1,2,Hibernating
16599,United Kingdom,385,1,172.8,4,1,1,2.0,1,159,14.4,0,1,2,Hibernating
16741,United Kingdom,625,1,173.06,5,2,1,2.6666666666666665,1,81,15.73,0,1,2,Hibernating
15565,United Kingdom,50,2,173.16,2,2,1,1.6666666666666667,2,60,21.65,20,0,0,Loyal Regulars
14674,United Kingdom,509,1,173.66,5,1,1,2.3333333333333335,1,103,12.4,0,1,2,Hibernating
15684,United Kingdom,547,3,173.95,5,3,1,3.0,3,77,15.81,188,1,2,Hibernating
15335,United Kingdom,53,1,173.97,2,1,1,1.3333333333333333,1,80,4.83,0,0,0,Loyal Regulars
16731,United Kingdom,648,1,174.05,5,2,1,2.6666666666666665,1,127,4.05,0,1,2,Hibernating
14518,United Kingdom,64,1,174.37,3,1,1,1.6666666666666667,1,278,10.9,0,0,0,Loyal Regulars
13560,United Kingdom,7,1,174.37,1,1,1,1.0,1,64,5.28,0,0,0,Loyal Regulars
18010,United Kingdom,256,1,174.8,4,1,1,2.0,1,60,12.49,0,1,2,Hibernating
14495,United Kingdom,50,3,174.8,2,3,1,2.0,3,68,24.97,609,0,0,Loyal Regulars
17108,United Kingdom,663,1,174.95,5,2,1,2.6666666666666665,1,31,19.44,0,1,2,Hibernating
16144,United Kingdom,246,1,175.2,4,1,1,2.0,1,16,175.2,0,1,0,Loyal Regulars
17331,United Kingdom,123,1,175.2,3,1,1,1.6666666666666667,1,16,175.2,0,1,0,Loyal Regulars
13007,United Kingdom,579,1,175.25,5,2,1,2.6666666666666665,1,59,15.93,0,1,2,Hibernating
18166,United Kingdom,623,1,175.5,5,2,1,2.6666666666666665,1,90,17.55,0,1,2,Hibernating
14486,United Kingdom,511,2,175.5,5,2,1,2.6666666666666665,2,90,29.25,42,1,2,Hibernating
13547,United Kingdom,408,1,175.53,4,1,1,2.0,1,82,3.73,0,1,2,Hibernating
18274,United Kingdom,30,1,175.92,2,1,1,1.3333333333333333,1,88,15.99,0,0,0,Loyal Regulars
18175,United Kingdom,675,1,176.1,5,2,1,2.6666666666666665,1,70,25.16,0,1,2,Hibernating
12509,France,284,1,176.5,4,1,1,2.0,1,55,25.21,0,1,2,Hibernating
18054,United Kingdom,392,1,176.5,4,1,1,2.0,1,96,16.05,0,1,2,Hibernating
14287,United Kingdom,8,3,176.63,1,3,1,1.6666666666666667,3,261,19.63,190,0,0,Loyal Regulars
17947,United Kingdom,37,1,176.68,2,1,1,1.3333333333333333,1,168,19.63,0,0,0,Loyal Regulars
13746,United Kingdom,413,1,176.69,5,1,1,2.3333333333333335,1,83,19.63,0,1,2,Hibernating
17036,United Kingdom,383,1,176.9,4,1,1,2.0,1,76,14.74,0,1,2,Hibernating
16285,United Kingdom,646,1,176.9,5,2,1,2.6666666666666665,1,60,5.71,0,1,2,Hibernating
13072,United Kingdom,266,1,177.15,4,1,1,2.0,1,69,25.31,0,1,2,Hibernating
12618,Italy,21,1,177.31,2,1,1,1.3333333333333333,1,96,16.12,0,0,0,Loyal Regulars
13618,United Kingdom,173,1,177.34,3,1,1,1.6666666666666667,1,246,13.64,0,1,0,Loyal Regulars
16403,United Kingdom,312,1,177.5,4,1,1,2.0,1,114,17.75,0,1,2,Hibernating
12858,United Kingdom,383,1,177.92,4,1,1,2.0,1,63,3.63,0,1,2,Hibernating
18282,United Kingdom,7,2,178.05,1,3,1,1.6666666666666667,2,103,14.84,119,0,0,Loyal Regulars
17253,United Kingdom,18,1,178.26,1,1,1,1.0,1,43,9.9,0,0,0,Loyal Regulars
12686,France,371,1,178.28,4,1,1,2.0,1,214,12.73,0,1,2,Hibernating
17879,United Kingdom,173,1,178.52,3,1,1,1.6666666666666667,1,45,29.75,0,1,0,Loyal Regulars
17170,United Kingdom,374,2,178.68,4,2,1,2.3333333333333335,2,152,17.87,15,1,2,Hibernating
16691,United Kingdom,418,2,178.83,5,2,1,2.6666666666666665,2,92,16.26,143,1,2,Hibernating
15139,United Kingdom,239,2,178.96,4,2,1,2.3333333333333335,2,208,13.77,97,1,0,Loyal Regulars
15209,United Kingdom,730,1,178.98,5,2,1,2.6666666666666665,1,94,13.77,0,1,2,Hibernating
14705,United Kingdom,198,1,179.0,4,1,1,2.0,1,100,179.0,0,1,0,Loyal Regulars
15895,United Kingdom,149,1,179.17,3,1,1,1.6666666666666667,1,94,16.29,0,1,0,Loyal Regulars
18147,United Kingdom,45,2,179.34,2,2,1,1.6666666666666667,2,203,25.62,63,0,0,Loyal Regulars
14945,United Kingdom,413,1,179.4,5,1,1,2.3333333333333335,1,156,16.31,0,1,2,Hibernating
16640,United Kingdom,397,1,179.4,4,1,1,2.0,1,146,13.8,0,1,2,Hibernating
18234,United Kingdom,551,1,179.6,5,2,1,2.6666666666666665,1,80,5.99,0,1,2,Hibernating
12622,Germany,232,1,180.1,4,1,1,2.0,1,69,16.37,0,1,0,Loyal Regulars
14858,United Kingdom,505,1,180.75,5,1,1,2.3333333333333335,1,105,16.43,0,1,2,Hibernating
15292,United Kingdom,201,1,180.94,4,1,1,2.0,1,56,7.24,0,1,0,Loyal Regulars
16594,United Kingdom,75,1,181.09,3,1,1,1.6666666666666667,1,64,3.42,0,0,0,Loyal Regulars
15359,United Kingdom,662,8,181.35,5,4,1,3.3333333333333335,8,145,11.33,31,1,2,Hibernating
16822,United Kingdom,686,1,181.39,5,2,1,2.6666666666666665,1,171,16.49,0,1,2,Hibernating
12934,United Kingdom,736,1,181.65,5,2,1,2.6666666666666665,1,31,90.82,0,1,2,Hibernating
17587,United Kingdom,628,1,181.66,5,2,1,2.6666666666666665,1,68,4.22,0,1,2,Hibernating
14941,United Kingdom,578,1,182.1,5,2,1,2.6666666666666665,1,80,26.01,0,1,2,Hibernating
16819,United Kingdom,465,2,182.59,5,2,1,2.6666666666666665,2,253,10.74,0,1,2,Hibernating
17798,United Kingdom,581,1,183.09,5,2,1,2.6666666666666665,1,142,3.74,0,1,2,Hibernating
14983,United Kingdom,689,1,183.2,5,2,1,2.6666666666666665,1,90,6.11,0,1,2,Hibernating
14119,United Kingdom,375,2,183.37,4,2,1,2.3333333333333335,2,177,16.67,343,1,2,Hibernating
13460,United Kingdom,29,2,183.44,2,3,1,2.0,2,286,10.79,20,0,0,Loyal Regulars
17820,United Kingdom,374,1,183.56,4,1,1,2.0,1,112,4.37,0,1,2,Hibernating
14059,United Kingdom,266,1,183.6,4,1,1,2.0,1,128,22.95,0,1,2,Hibernating
17803,United Kingdom,392,1,184.66,4,1,1,2.0,1,98,6.84,0,1,2,Hibernating
14677,United Kingdom,592,1,184.91,5,2,1,2.6666666666666665,1,139,13.21,0,1,2,Hibernating
16097,United Kingdom,240,1,185.05,4,1,1,2.0,1,87,18.5,0,1,0,Loyal Regulars
14879,United Kingdom,684,1,185.06,5,2,1,2.6666666666666665,1,104,6.85,0,1,2,Hibernating
16559,United Kingdom,397,1,185.2,4,1,1,2.0,1,73,10.29,0,1,2,Hibernating
17574,United Kingdom,242,1,185.65,4,1,1,2.0,1,77,23.21,0,1,0,Loyal Regulars
17840,United Kingdom,443,1,185.72,5,1,1,2.3333333333333335,1,138,3.38,0,1,2,Hibernating
14812,United Kingdom,598,1,185.8,5,2,1,2.6666666666666665,1,136,5.02,0,1,2,Hibernating
12641,Sweden,115,1,185.9,3,1,1,1.6666666666666667,1,72,18.59,0,1,0,Loyal Regulars
15567,United Kingdom,18,1,186.01,1,1,1,1.0,1,223,26.57,0,0,0,Loyal Regulars
16388,United Kingdom,653,1,186.05,5,2,1,2.6666666666666665,1,83,14.31,0,1,2,Hibernating
17215,United Kingdom,464,1,186.15,5,1,1,2.3333333333333335,1,104,16.92,0,1,2,Hibernating
18063,United Kingdom,390,2,186.6,4,2,1,2.3333333333333335,2,48,62.2,243,1,2,Hibernating
16267,United Kingdom,591,1,186.66,5,2,1,2.6666666666666665,1,198,26.67,0,1,2,Hibernating
18013,United Kingdom,155,2,187.29,3,2,1,2.0,2,285,6.04,0,1,0,Loyal Regulars
13852,United Kingdom,610,1,187.35,5,2,1,2.6666666666666665,1,85,17.03,0,1,2,Hibernating
15072,United Kingdom,479,1,187.52,5,1,1,2.3333333333333335,1,164,14.42,0,1,2,Hibernating
17279,United Kingdom,57,1,187.83,2,1,1,1.3333333333333333,1,48,20.87,0,0,0,Loyal Regulars
14131,United Kingdom,648,1,187.87,5,2,1,2.6666666666666665,1,118,3.61,0,1,2,Hibernating
17781,United Kingdom,159,2,188.02,3,2,1,2.0,2,34,15.67,94,1,0,Loyal Regulars
12893,United Kingdom,30,1,188.14,2,1,1,1.3333333333333333,1,96,5.53,0,0,0,Loyal Regulars
13063,United Kingdom,480,1,188.4,5,1,1,2.3333333333333335,1,116,15.7,0,1,2,Hibernating
16051,United Kingdom,681,1,188.44,5,2,1,2.6666666666666665,1,80,15.7,0,1,2,Hibernating
17283,United Kingdom,378,1,188.46,4,1,1,2.0,1,179,12.56,0,1,2,Hibernating
14697,United Kingdom,218,2,188.61,4,2,1,2.3333333333333335,2,181,8.57,0,1,0,Loyal Regulars
16277,United Kingdom,733,1,188.69,5,2,1,2.6666666666666665,1,33,8.2,0,1,2,Hibernating
16673,United Kingdom,679,1,188.83,5,2,1,2.6666666666666665,1,101,9.44,0,1,2,Hibernating
18045,United Kingdom,45,1,189.4,2,1,1,1.3333333333333333,1,142,4.03,0,0,0,Loyal Regulars
13387,United Kingdom,417,1,189.44,5,1,1,2.3333333333333335,1,125,2.6,0,1,2,Hibernating
13826,United Kingdom,176,1,189.5,3,1,1,1.6666666666666667,1,82,18.95,0,1,0,Loyal Regulars
18046,United Kingdom,649,1,189.63,5,2,1,2.6666666666666665,1,44,7.29,0,1,2,Hibernating
17885,United Kingdom,12,1,190.19,1,1,1,1.0,1,167,2.97,0,0,0,Loyal Regulars
13972,United Kingdom,70,2,190.25,3,2,1,2.0,2,187,12.68,131,0,0,Loyal Regulars
13766,United Kingdom,495,1,190.35,5,1,1,2.3333333333333335,1,137,11.2,0,1,2,Hibernating
14617,United Kingdom,402,2,190.47,4,2,1,2.3333333333333335,2,81,21.16,13,1,2,Hibernating
18020,United Kingdom,543,1,190.48,5,2,1,2.6666666666666665,1,67,15.87,0,1,2,Hibernating
15412,United Kingdom,171,1,190.53,3,1,1,1.6666666666666667,1,108,19.05,0,1,0,Loyal Regulars
15688,United Kingdom,418,1,190.57,5,1,1,2.3333333333333335,1,95,7.06,0,1,2,Hibernating
14728,United Kingdom,413,1,190.58,5,1,1,2.3333333333333335,1,68,13.61,0,1,2,Hibernating
15954,United Kingdom,589,1,190.75,5,2,1,2.6666666666666665,1,119,9.54,0,1,2,Hibernating
15692,United Kingdom,28,1,191.04,2,1,1,1.3333333333333333,1,138,15.92,0,0,0,Loyal Regulars
17904,United Kingdom,21,1,191.67,2,1,1,1.3333333333333333,1,63,5.04,0,0,0,Loyal Regulars
14279,United Kingdom,520,2,191.86,5,2,1,2.6666666666666665,2,46,63.95,161,1,2,Hibernating
15909,United Kingdom,173,1,191.94,3,1,1,1.6666666666666667,1,98,27.42,0,1,0,Loyal Regulars
18028,United Kingdom,583,1,192.05,5,2,1,2.6666666666666665,1,133,48.01,0,1,2,Hibernating
15729,United Kingdom,212,3,192.55,4,3,1,2.6666666666666665,3,47,17.5,191,1,0,Loyal Regulars
14768,United Kingdom,17,2,192.6,1,3,1,1.6666666666666667,2,52,38.52,110,0,0,Loyal Regulars
12522,Germany,39,2,192.72,2,3,1,2.0,2,194,16.06,12,0,0,Loyal Regulars
17257,United Kingdom,436,2,192.73,5,2,1,2.6666666666666665,2,188,12.85,0,1,2,Hibernating
13568,United Kingdom,173,1,192.85,3,1,1,1.6666666666666667,1,70,4.38,0,1,0,Loyal Regulars
14801,United Kingdom,61,1,193.14,3,1,1,1.6666666666666667,1,175,3.27,0,0,0,Loyal Regulars
16695,United Kingdom,561,2,193.15,5,2,1,2.6666666666666665,2,185,5.37,0,1,2,Hibernating
16299,United Kingdom,477,1,193.65,5,1,1,2.3333333333333335,1,107,16.14,0,1,2,Hibernating
17475,United Kingdom,79,1,194.37,3,1,1,1.6666666666666667,1,178,13.88,0,0,0,Loyal Regulars
17065,United Kingdom,637,2,194.7,5,2,1,2.6666666666666665,2,82,16.23,0,1,2,Hibernating
17468,United Kingdom,10,3,194.8,1,3,1,1.6666666666666667,3,184,24.35,365,0,0,Loyal Regulars
14100,United Kingdom,137,1,194.9,3,1,1,1.6666666666666667,1,64,7.5,0,1,0,Loyal Regulars
13671,United Kingdom,394,1,194.95,4,1,1,2.0,1,107,2.57,0,1,2,Hibernating
14405,United Kingdom,386,1,195.0,4,1,1,2.0,1,100,97.5,0,1,2,Hibernating
15612,United Kingdom,36,2,195.15,2,3,1,2.0,2,52,32.52,25,0,0,Loyal Regulars
14666,United Kingdom,24,1,195.25,2,1,1,1.3333333333333333,1,161,13.95,0,0,0,Loyal Regulars
17010,United Kingdom,18,1,195.36,1,1,1,1.0,1,118,17.76,0,0,0,Loyal Regulars
13757,United Kingdom,674,1,195.55,5,2,1,2.6666666666666665,1,54,24.44,0,1,2,Hibernating
16112,United Kingdom,143,4,195.74,3,3,1,2.3333333333333335,4,574,12.23,195,1,0,Loyal Regulars
13978,United Kingdom,14,2,196.79,1,3,1,1.6666666666666667,2,315,13.12,31,0,0,Loyal Regulars
15746,United Kingdom,134,1,196.88,3,1,1,1.6666666666666667,1,178,7.03,0,1,0,Loyal Regulars
13436,United Kingdom,1,1,196.89,1,1,1,1.0,1,76,16.41,0,0,0,Loyal Regulars
15234,United Kingdom,276,1,197.0,4,1,1,2.0,1,196,14.07,0,1,2,Hibernating
14830,United Kingdom,53,1,197.13,2,1,1,1.3333333333333333,1,169,4.93,0,0,0,Loyal Regulars
12927,United Kingdom,394,1,197.31,4,1,1,2.0,1,145,17.94,0,1,2,Hibernating
14789,United Kingdom,28,1,197.64,2,1,1,1.3333333333333333,1,116,32.94,0,0,0,Loyal Regulars
14185,United Kingdom,331,1,197.65,4,1,1,2.0,1,6,65.88,0,1,2,Hibernating
17778,United Kingdom,661,1,197.7,5,2,1,2.6666666666666665,1,214,19.77,0,1,2,Hibernating
12581,Germany,39,1,197.71,2,1,1,1.3333333333333333,1,161,13.18,0,0,0,Loyal Regulars
17184,United Kingdom,569,2,198.41,5,2,1,2.6666666666666665,2,73,14.17,161,1,2,Hibernating
14521,United Kingdom,491,1,199.45,5,1,1,2.3333333333333335,1,211,11.73,0,1,2,Hibernating
13322,United Kingdom,17,1,199.48,1,1,1,1.0,1,117,7.98,0,0,0,Loyal Regulars
15593,United Kingdom,70,1,199.8,3,1,1,1.6666666666666667,1,60,39.96,0,0,0,Loyal Regulars
14782,United Kingdom,319,1,200.1,4,1,1,2.0,1,114,33.35,0,1,2,Hibernating
13944,United Kingdom,653,1,200.43,5,2,1,2.6666666666666665,1,153,5.73,0,1,2,Hibernating
13133,United Kingdom,273,3,200.45,4,3,1,2.6666666666666665,3,55,16.7,186,1,2,Hibernating
17693,United Kingdom,137,1,200.47,3,1,1,1.6666666666666667,1,231,12.53,0,1,0,Loyal Regulars
14330,United Kingdom,623,1,200.63,5,2,1,2.6666666666666665,1,103,15.43,0,1,2,Hibernating
13556,United Kingdom,429,2,200.82,5,2,1,2.6666666666666665,2,134,22.31,6,1,2,Hibernating
18281,United Kingdom,180,2,201.14,3,2,1,2.0,2,146,11.83,397,1,0,Loyal Regulars
16965,United Kingdom,226,1,201.19,4,1,1,2.0,1,291,7.74,0,1,0,Loyal Regulars
13284,United Kingdom,330,1,201.19,4,1,1,2.0,1,91,15.48,0,1,2,Hibernating
12745,EIRE,682,1,201.56,5,2,1,2.6666666666666665,1,1,201.56,0,1,2,Hibernating
12745,EIRE,682,1,201.56,5,2,1,2.6666666666666665,2,467,32.9,88,1,2,Hibernating
16937,United Kingdom,499,1,202.1,5,1,1,2.3333333333333335,1,126,3.96,0,1,2,Hibernating
14385,United Kingdom,9,3,202.11,1,3,1,1.6666666666666667,3,159,14.44,14,0,0,Loyal Regulars
14892,United Kingdom,690,1,202.35,5,2,1,2.6666666666666665,1,79,15.57,0,1,2,Hibernating
12416,Australia,656,1,202.56,5,2,1,2.6666666666666665,1,132,18.41,0,1,2,Hibernating
18169,United Kingdom,60,1,202.65,3,1,1,1.6666666666666667,1,61,22.52,0,0,0,Loyal Regulars
15459,United Kingdom,417,2,202.83,5,2,1,2.6666666666666665,2,121,28.98,80,1,2,Hibernating
17074,United Kingdom,562,1,203.05,5,2,1,2.6666666666666665,1,19,50.76,0,1,2,Hibernating
15020,United Kingdom,379,1,203.42,4,1,1,2.0,1,112,7.26,0,1,2,Hibernating
17891,United Kingdom,162,1,203.86,3,1,1,1.6666666666666667,1,393,6.0,0,1,0,Loyal Regulars
17394,United Kingdom,219,1,203.87,4,1,1,2.0,1,241,50.97,0,1,0,Loyal Regulars
13017,United Kingdom,7,1,204.0,1,1,1,1.0,1,48,204.0,0,0,0,Loyal Regulars
17206,United Kingdom,53,1,204.24,2,1,1,1.3333333333333333,1,76,29.18,0,0,0,Loyal Regulars
14468,United Kingdom,733,1,204.24,5,2,1,2.6666666666666665,1,164,17.02,0,1,2,Hibernating
16901,United Kingdom,729,1,204.26,5,2,1,2.6666666666666665,1,42,8.88,0,1,2,Hibernating
15319,United Kingdom,283,1,204.5,4,1,1,2.0,1,175,12.78,0,1,2,Hibernating
17112,United Kingdom,502,1,205.17,5,1,1,2.3333333333333335,1,134,4.1,0,1,2,Hibernating
12400,Australia,414,1,205.25,5,1,1,2.3333333333333335,1,91,18.66,0,1,2,Hibernating
15758,United Kingdom,24,1,205.25,2,1,1,1.3333333333333333,1,47,22.81,0,0,0,Loyal Regulars
15307,United Kingdom,95,1,205.3,3,1,1,1.6666666666666667,1,37,17.11,0,1,0,Loyal Regulars
14602,United Kingdom,656,1,205.36,5,2,1,2.6666666666666665,1,80,6.62,0,1,2,Hibernating
16490,United Kingdom,436,1,205.41,5,1,1,2.3333333333333335,1,113,15.8,0,1,2,Hibernating
17670,United Kingdom,227,1,205.7,4,1,1,2.0,1,110,18.7,0,1,0,Loyal Regulars
14278,United Kingdom,409,1,205.83,4,1,1,2.0,1,131,15.83,0,1,2,Hibernating
16090,United Kingdom,624,1,205.91,5,2,1,2.6666666666666665,1,65,10.3,0,1,2,Hibernating
15914,United Kingdom,378,2,205.99,4,2,1,2.3333333333333335,2,149,15.85,0,1,2,Hibernating
14519,United Kingdom,683,2,206.09,5,2,1,2.6666666666666665,2,82,5.28,45,1,2,Hibernating
14964,United Kingdom,247,1,206.21,4,1,1,2.0,1,143,15.86,0,1,0,Loyal Regulars
17166,United Kingdom,38,2,206.34,2,3,1,2.0,2,78,17.2,165,0,0,Loyal Regulars
18126,United Kingdom,60,1,206.83,3,1,1,1.6666666666666667,1,144,3.69,0,0,0,Loyal Regulars
15820,United Kingdom,319,1,206.98,4,1,1,2.0,1,128,12.18,0,1,2,Hibernating
15925,United Kingdom,194,1,207.15,4,1,1,2.0,1,93,17.26,0,1,0,Loyal Regulars
13099,United Kingdom,99,1,207.36,3,1,1,1.6666666666666667,1,288,207.36,0,1,0,Loyal Regulars
16866,United Kingdom,140,3,207.74,3,3,1,2.3333333333333335,3,60,18.89,21,1,0,Loyal Regulars
16964,United Kingdom,733,2,207.85,5,2,1,2.6666666666666665,2,49,34.64,0,1,2,Hibernating
12848,United Kingdom,675,1,208.0,5,2,1,2.6666666666666665,1,58,13.0,0,1,2,Hibernating
15212,United Kingdom,241,2,208.28,4,2,1,2.3333333333333335,2,84,20.83,135,1,0,Loyal Regulars
16457,United Kingdom,218,1,208.36,4,1,1,2.0,1,140,23.15,0,1,0,Loyal Regulars
16914,United Kingdom,36,1,208.46,2,1,1,1.3333333333333333,1,121,5.49,0,0,0,Loyal Regulars
15741,United Kingdom,458,2,208.62,5,2,1,2.6666666666666665,2,70,17.39,160,1,2,Hibernating
13290,United Kingdom,438,1,208.63,5,1,1,2.3333333333333335,1,1,208.63,0,1,2,Hibernating
15327,United Kingdom,52,1,208.75,2,1,1,1.3333333333333333,1,116,20.87,0,0,0,Loyal Regulars
17026,United Kingdom,185,3,208.98,3,3,1,2.3333333333333335,3,132,26.12,232,1,0,Loyal Regulars
16487,United Kingdom,577,2,209.4,5,2,1,2.6666666666666665,2,163,5.98,82,1,2,Hibernating
15112,United Kingdom,611,1,209.4,5,2,1,2.6666666666666665,1,72,29.91,0,1,2,Hibernating
14003,United Kingdom,732,1,209.41,5,2,1,2.6666666666666665,1,149,13.09,0,1,2,Hibernating
13056,United Kingdom,551,1,209.48,5,2,1,2.6666666666666665,1,158,11.03,0,1,2,Hibernating
13828,United Kingdom,22,1,209.49,2,1,1,1.3333333333333333,1,311,13.97,0,0,0,Loyal Regulars
17484,United Kingdom,576,2,209.57,5,2,1,2.6666666666666665,2,339,14.97,48,1,2,Hibernating
13532,United Kingdom,33,1,210.31,2,1,1,1.3333333333333333,1,129,3.19,0,0,0,Loyal Regulars
17271,United Kingdom,736,1,210.39,5,2,1,2.6666666666666665,1,117,4.05,0,1,2,Hibernating
14992,United Kingdom,442,1,210.5,5,1,1,2.3333333333333335,1,145,7.8,0,1,2,Hibernating
12995,United Kingdom,85,1,211.32,3,1,1,1.6666666666666667,1,108,70.44,0,0,0,Loyal Regulars
15703,United Kingdom,264,1,211.5,4,1,1,2.0,1,66,42.3,0,1,2,Hibernating
14843,United Kingdom,436,1,211.8,5,1,1,2.3333333333333335,1,132,23.53,0,1,2,Hibernating
12470,Unspecified,689,1,211.95,5,2,1,2.6666666666666665,1,95,9.22,0,1,2,Hibernating
12961,United Kingdom,379,1,211.99,4,1,1,2.0,1,180,5.3,0,1,2,Hibernating
13691,United Kingdom,396,1,212.78,4,1,1,2.0,1,145,3.94,0,1,2,Hibernating
13724,United Kingdom,637,1,213.01,5,2,1,2.6666666666666665,1,130,5.07,0,1,2,Hibernating
16591,United Kingdom,68,1,213.5,3,1,1,1.6666666666666667,1,41,21.35,0,0,0,Loyal Regulars
13411,United Kingdom,107,1,213.55,3,1,1,1.6666666666666667,1,72,11.86,0,1,0,Loyal Regulars
17153,United Kingdom,24,1,213.78,2,1,1,1.3333333333333333,1,104,15.27,0,0,0,Loyal Regulars
13621,United Kingdom,116,1,213.85,3,1,1,1.6666666666666667,1,343,11.26,0,1,0,Loyal Regulars
14601,United Kingdom,10,1,213.96,1,1,1,1.0,1,168,30.57,0,0,0,Loyal Regulars
15558,United Kingdom,639,1,214.13,5,2,1,2.6666666666666665,1,86,8.57,0,1,2,Hibernating
14361,United Kingdom,578,1,214.71,5,2,1,2.6666666666666665,1,251,15.34,0,1,2,Hibernating
14106,United Kingdom,737,1,214.8,5,2,1,2.6666666666666665,1,24,214.8,0,1,2,Hibernating
16338,United Kingdom,157,1,214.8,3,1,1,1.6666666666666667,1,94,19.53,0,1,0,Loyal Regulars
14635,United Kingdom,453,1,215.22,5,1,1,2.3333333333333335,1,118,14.35,0,1,2,Hibernating
18157,United Kingdom,571,1,215.35,5,2,1,2.6666666666666665,1,146,8.28,0,1,2,Hibernating
14376,United Kingdom,683,1,215.46,5,2,1,2.6666666666666665,1,50,11.97,0,1,2,Hibernating
16189,United Kingdom,15,2,215.48,1,3,1,1.6666666666666667,2,134,19.59,70,0,0,Loyal Regulars
14476,United Kingdom,257,1,215.7,4,1,1,2.0,1,132,11.35,0,1,2,Hibernating
15052,United Kingdom,319,1,215.78,4,1,1,2.0,1,82,7.19,0,1,2,Hibernating
16179,United Kingdom,60,1,215.83,3,1,1,1.6666666666666667,1,99,19.62,0,0,0,Loyal Regulars
13858,United Kingdom,57,1,216.17,2,1,1,1.3333333333333333,1,75,19.65,0,0,0,Loyal Regulars
15604,United Kingdom,52,1,216.39,2,1,1,1.3333333333333333,1,159,12.73,0,0,0,Loyal Regulars
17902,United Kingdom,546,1,216.4,5,2,1,2.6666666666666665,1,526,9.02,0,1,2,Hibernating
15460,United Kingdom,354,1,216.76,4,1,1,2.0,1,109,3.74,0,1,2,Hibernating
15401,United Kingdom,452,2,216.95,5,2,1,2.6666666666666665,2,93,15.5,116,1,2,Hibernating
13423,United Kingdom,428,1,217.03,5,1,1,2.3333333333333335,1,141,18.09,0,1,2,Hibernating
15554,United Kingdom,277,1,217.2,4,1,1,2.0,1,74,15.51,0,1,2,Hibernating
15295,United Kingdom,654,1,217.24,5,2,1,2.6666666666666665,1,151,4.1,0,1,2,Hibernating
13271,United Kingdom,37,1,217.38,2,1,1,1.3333333333333333,1,253,2.26,0,0,0,Loyal Regulars
15490,United Kingdom,430,1,217.6,5,1,1,2.3333333333333335,1,85,7.77,0,1,2,Hibernating
16035,United Kingdom,560,1,217.73,5,2,1,2.6666666666666665,1,33,10.37,0,1,2,Hibernating
16874,United Kingdom,379,1,217.74,4,1,1,2.0,1,81,6.4,0,1,2,Hibernating
15591,United Kingdom,582,3,217.9,5,3,1,3.0,3,58,31.13,91,1,2,Hibernating
17217,United Kingdom,234,2,218.0,4,2,1,2.3333333333333335,2,95,7.52,385,1,0,Loyal Regulars
12574,France,315,1,218.45,4,1,1,2.0,1,61,19.86,0,1,2,Hibernating
17619,United Kingdom,312,1,218.52,4,1,1,2.0,1,127,2.84,0,1,2,Hibernating
15086,United Kingdom,564,2,218.53,5,2,1,2.6666666666666665,2,95,19.87,61,1,2,Hibernating
12702,Germany,19,1,219.0,2,1,1,1.3333333333333333,1,53,18.25,0,0,0,Loyal Regulars
14271,United Kingdom,225,2,219.13,4,2,1,2.3333333333333335,2,149,5.62,184,1,0,Loyal Regulars
12799,Japan,529,1,219.35,5,2,1,2.6666666666666665,1,137,14.62,0,1,2,Hibernating
15096,United Kingdom,42,1,219.39,2,1,1,1.3333333333333333,1,120,19.94,0,0,0,Loyal Regulars
14074,United Kingdom,623,1,219.4,5,2,1,2.6666666666666665,1,228,36.57,0,1,2,Hibernating
13992,United Kingdom,30,3,219.5,2,3,1,2.0,3,154,19.95,433,0,0,Loyal Regulars
13454,United Kingdom,641,1,219.87,5,2,1,2.6666666666666665,1,198,9.56,0,1,2,Hibernating
18114,United Kingdom,290,1,220.1,4,1,1,2.0,1,55,7.86,0,1,2,Hibernating
18007,United Kingdom,392,1,220.32,4,1,1,2.0,1,252,4.32,0,1,2,Hibernating
13033,United Kingdom,357,2,220.55,4,2,1,2.3333333333333335,2,98,16.97,72,1,2,Hibernating
16482,United Kingdom,15,1,220.62,1,1,1,1.0,1,346,12.26,0,0,0,Loyal Regulars
12821,United Kingdom,214,2,220.8,4,2,1,2.3333333333333335,2,162,16.98,397,1,0,Loyal Regulars
15790,United Kingdom,10,1,220.85,1,1,1,1.0,1,114,6.31,0,0,0,Loyal Regulars
13419,United Kingdom,63,1,221.06,3,1,1,1.6666666666666667,1,275,13.82,0,0,0,Loyal Regulars
14960,United Kingdom,8,2,221.27,1,3,1,1.6666666666666667,2,221,8.2,163,0,0,Loyal Regulars
17087,United Kingdom,737,1,221.53,5,2,1,2.6666666666666665,1,113,18.46,0,1,2,Hibernating
14445,United Kingdom,455,1,221.65,5,1,1,2.3333333333333335,1,83,6.93,0,1,2,Hibernating
15788,United Kingdom,508,1,221.83,5,1,1,2.3333333333333335,1,115,15.84,0,1,2,Hibernating
15897,United Kingdom,194,2,222.05,4,2,1,2.3333333333333335,2,261,9.25,0,1,0,Loyal Regulars
12887,United Kingdom,383,1,222.4,4,1,1,2.0,1,100,17.11,0,1,2,Hibernating
18131,United Kingdom,631,1,222.96,5,2,1,2.6666666666666665,1,552,55.74,0,1,2,Hibernating
13926,United Kingdom,23,1,223.85,2,1,1,1.3333333333333333,1,104,20.35,0,0,0,Loyal Regulars
16562,United Kingdom,476,1,223.86,5,1,1,2.3333333333333335,1,264,6.58,0,1,2,Hibernating
14928,United Kingdom,627,1,223.91,5,2,1,2.6666666666666665,1,268,10.66,0,1,2,Hibernating
16753,United Kingdom,58,1,223.92,2,1,1,1.3333333333333333,1,189,6.59,0,0,0,Loyal Regulars
12914,United Kingdom,400,1,223.98,4,1,1,2.0,1,336,24.89,0,1,2,Hibernating
15175,United Kingdom,71,1,224.14,3,1,1,1.6666666666666667,1,454,9.75,0,0,0,Loyal Regulars
16346,United Kingdom,385,1,224.51,4,1,1,2.0,1,289,14.97,0,1,2,Hibernating
16587,United Kingdom,232,1,225.15,4,1,1,2.0,1,71,17.32,0,1,0,Loyal Regulars
16622,United Kingdom,543,1,225.4,5,2,1,2.6666666666666665,1,44,18.78,0,1,2,Hibernating
14357,United Kingdom,43,1,225.77,2,1,1,1.3333333333333333,1,148,5.51,0,0,0,Loyal Regulars
16666,United Kingdom,19,2,225.94,1,3,1,1.6666666666666667,2,367,4.52,602,0,0,Loyal Regulars
14718,United Kingdom,410,1,226.42,5,1,1,2.3333333333333335,1,202,20.58,0,1,2,Hibernating
16540,United Kingdom,414,1,226.7,5,1,1,2.3333333333333335,1,114,6.13,0,1,2,Hibernating
13651,United Kingdom,35,3,226.85,2,3,1,2.0,3,62,16.2,346,0,0,Loyal Regulars
18132,United Kingdom,504,1,226.9,5,1,1,2.3333333333333335,1,216,3.44,0,1,2,Hibernating
18021,United Kingdom,509,2,227.06,5,2,1,2.6666666666666665,2,169,6.88,3,1,2,Hibernating
14363,United Kingdom,402,2,227.47,4,2,1,2.3333333333333335,2,105,28.43,49,1,2,Hibernating
15566,United Kingdom,392,2,227.87,4,2,1,2.3333333333333335,2,153,18.99,332,1,2,Hibernating
16760,United Kingdom,430,1,228.0,5,1,1,2.3333333333333335,1,168,13.41,0,1,2,Hibernating
17066,United Kingdom,726,1,228.34,5,2,1,2.6666666666666665,1,93,12.69,0,1,2,Hibernating
17989,United Kingdom,379,1,228.83,4,1,1,2.0,1,329,6.73,0,1,2,Hibernating
13146,United Kingdom,26,1,228.91,2,1,1,1.3333333333333333,1,154,13.47,0,0,0,Loyal Regulars
17347,United Kingdom,86,1,228.96,3,1,1,1.6666666666666667,1,216,228.96,0,0,0,Loyal Regulars
15273,United Kingdom,599,1,228.96,5,2,1,2.6666666666666665,1,216,228.96,0,1,2,Hibernating
17743,United Kingdom,448,1,229.2,5,1,1,2.3333333333333335,1,96,76.4,0,1,2,Hibernating
15528,United Kingdom,254,1,229.33,4,1,1,2.0,1,123,8.82,0,1,2,Hibernating
17185,United Kingdom,591,3,229.46,5,3,1,3.0,3,119,5.21,7,1,2,Hibernating
14596,United Kingdom,626,1,229.47,5,2,1,2.6666666666666665,1,79,4.03,0,1,2,Hibernating
13403,United Kingdom,17,3,229.5,1,3,1,1.6666666666666667,3,114,25.5,706,0,0,Loyal Regulars
12812,Japan,44,1,229.64,2,1,1,1.3333333333333333,1,164,15.31,0,0,0,Loyal Regulars
14017,United Kingdom,571,1,229.75,5,2,1,2.6666666666666665,1,73,16.41,0,1,2,Hibernating
14314,United Kingdom,106,2,229.8,3,2,1,2.0,2,332,22.98,324,1,0,Loyal Regulars
14069,United Kingdom,514,2,230.06,5,2,1,2.6666666666666665,2,59,5.48,47,1,2,Hibernating
18197,United Kingdom,575,1,230.1,5,2,1,2.6666666666666665,1,166,25.57,0,1,2,Hibernating
13960,United Kingdom,21,2,230.22,2,3,1,2.0,2,142,19.19,50,0,0,Loyal Regulars
17261,United Kingdom,509,1,230.44,5,1,1,2.3333333333333335,1,98,5.01,0,1,2,Hibernating
15866,United Kingdom,101,1,230.53,3,1,1,1.6666666666666667,1,126,5.12,0,1,0,Loyal Regulars
18030,United Kingdom,4,2,230.65,1,3,1,1.6666666666666667,2,67,25.63,38,0,0,Loyal Regulars
15001,United Kingdom,394,2,230.86,4,2,1,2.3333333333333335,2,81,4.28,0,1,2,Hibernating
15487,United Kingdom,679,1,231.32,5,2,1,2.6666666666666665,1,144,16.52,0,1,2,Hibernating
18279,United Kingdom,519,1,231.34,5,1,1,2.3333333333333335,1,630,17.8,0,1,2,Hibernating
17136,United Kingdom,662,1,231.68,5,2,1,2.6666666666666665,1,256,16.55,0,1,2,Hibernating
13619,United Kingdom,544,2,231.69,5,2,1,2.6666666666666665,2,84,4.73,130,1,2,Hibernating
17151,United Kingdom,735,1,231.9,5,2,1,2.6666666666666665,1,42,57.98,0,1,2,Hibernating
16408,United Kingdom,591,1,231.93,5,2,1,2.6666666666666665,1,227,5.15,0,1,2,Hibernating
18213,United Kingdom,236,1,232.48,4,1,1,2.0,1,232,15.5,0,1,0,Loyal Regulars
13678,United Kingdom,151,1,232.6,3,1,1,1.6666666666666667,1,924,14.54,0,1,0,Loyal Regulars
15451,United Kingdom,434,2,233.21,5,2,1,2.6666666666666665,2,79,3.7,165,1,2,Hibernating
16302,United Kingdom,126,1,233.22,3,1,1,1.6666666666666667,1,158,21.2,0,1,0,Loyal Regulars
14995,United Kingdom,38,2,233.23,2,3,1,2.0,2,103,3.82,242,0,0,Loyal Regulars
13129,United Kingdom,452,2,233.25,5,2,1,2.6666666666666665,2,296,21.2,77,1,2,Hibernating
15294,United Kingdom,410,1,233.35,4,1,1,2.0,1,97,15.56,0,1,2,Hibernating
14153,United Kingdom,483,1,233.4,5,1,1,2.3333333333333335,1,312,13.73,0,1,2,Hibernating
13348,United Kingdom,64,1,233.76,3,1,1,1.6666666666666667,1,136,16.7,0,0,0,Loyal Regulars
12736,France,332,1,234.0,4,1,1,2.0,1,173,58.5,0,1,2,Hibernating
13009,United Kingdom,672,1,234.0,5,2,1,2.6666666666666665,1,120,58.5,0,1,2,Hibernating
17060,United Kingdom,266,1,234.24,4,1,1,2.0,1,216,46.85,0,1,2,Hibernating
14473,United Kingdom,74,2,234.34,3,2,1,2.0,2,88,33.48,208,0,0,Loyal Regulars
13114,United Kingdom,730,1,234.38,5,2,1,2.6666666666666665,1,74,14.65,0,1,2,Hibernating
17868,United Kingdom,386,1,234.65,4,1,1,2.0,1,91,12.35,0,1,2,Hibernating
12392,Australia,591,1,234.75,5,2,1,2.6666666666666665,1,73,33.54,0,1,2,Hibernating
17993,United Kingdom,617,1,235.19,5,2,1,2.6666666666666665,1,112,3.67,0,1,2,Hibernating
16046,United Kingdom,562,1,235.78,5,2,1,2.6666666666666665,1,248,10.72,0,1,2,Hibernating
17872,United Kingdom,381,1,235.87,4,1,1,2.0,1,176,15.72,0,1,2,Hibernating
17093,United Kingdom,592,1,235.88,5,2,1,2.6666666666666665,1,114,18.14,0,1,2,Hibernating
16026,United Kingdom,43,1,236.09,2,1,1,1.3333333333333333,1,243,7.38,0,0,0,Loyal Regulars
13088,United Kingdom,417,1,236.11,5,1,1,2.3333333333333335,1,76,11.81,0,1,2,Hibernating
13608,United Kingdom,540,1,236.2,5,2,1,2.6666666666666665,1,113,6.56,0,1,2,Hibernating
12732,France,179,1,236.26,3,1,1,1.6666666666666667,1,111,19.69,0,1,0,Loyal Regulars
16740,United Kingdom,395,1,236.81,4,1,1,2.0,1,116,7.18,0,1,2,Hibernating
15457,United Kingdom,262,1,237.07,4,1,1,2.0,1,132,4.09,0,1,2,Hibernating
14586,United Kingdom,276,1,237.36,4,1,1,2.0,1,444,12.49,0,1,2,Hibernating
14458,United Kingdom,380,1,237.42,4,1,1,2.0,1,328,4.85,0,1,2,Hibernating
17877,United Kingdom,170,1,237.61,3,1,1,1.6666666666666667,1,98,19.8,0,1,0,Loyal Regulars
14982,United Kingdom,572,1,237.78,5,2,1,2.6666666666666665,1,125,6.1,0,1,2,Hibernating
16280,United Kingdom,725,1,238.05,5,2,1,2.6666666666666665,1,101,14.88,0,1,2,Hibernating
12718,France,71,1,238.25,3,1,1,1.6666666666666667,1,203,12.54,0,0,0,Loyal Regulars
12561,Germany,302,1,238.85,4,1,1,2.0,1,177,14.93,0,1,2,Hibernating
17981,United Kingdom,410,1,239.12,4,1,1,2.0,1,260,14.07,0,1,2,Hibernating
12663,Germany,624,2,239.4,5,2,1,2.6666666666666665,2,181,23.94,44,1,2,Hibernating
17684,United Kingdom,43,1,239.41,2,1,1,1.3333333333333333,1,145,15.96,0,0,0,Loyal Regulars
13789,United Kingdom,388,1,239.46,4,1,1,2.0,1,258,13.3,0,1,2,Hibernating
13570,United Kingdom,243,1,239.49,4,1,1,2.0,1,161,8.87,0,1,0,Loyal Regulars
17055,United Kingdom,445,1,239.55,5,1,1,2.3333333333333335,1,87,7.99,0,1,2,Hibernating
15690,United Kingdom,4,2,239.76,1,3,1,1.6666666666666667,2,408,12.62,96,0,0,Loyal Regulars
15931,United Kingdom,428,1,239.9,5,1,1,2.3333333333333335,1,118,17.14,0,1,2,Hibernating
15336,United Kingdom,401,1,240.5,4,1,1,2.0,1,84,16.03,0,1,2,Hibernating
15286,United Kingdom,49,1,240.55,2,1,1,1.3333333333333333,1,55,80.18,0,0,0,Loyal Regulars
13674,United Kingdom,432,1,240.68,5,1,1,2.3333333333333335,1,102,17.19,0,1,2,Hibernating
16427,United Kingdom,263,2,241.06,4,2,1,2.3333333333333335,2,156,26.78,21,1,2,Hibernating
14523,United Kingdom,108,1,241.09,3,1,1,1.6666666666666667,1,251,20.09,0,1,0,Loyal Regulars
12413,Spain,402,1,241.35,4,1,1,2.0,3,286,19.95,271,1,2,Hibernating
12413,Spain,402,1,241.35,4,1,1,2.0,1,33,18.57,0,1,2,Hibernating
14774,United Kingdom,528,1,241.45,5,2,1,2.6666666666666665,1,99,18.57,0,1,2,Hibernating
15776,United Kingdom,133,1,241.62,3,1,1,1.6666666666666667,1,138,13.42,0,1,0,Loyal Regulars
13275,United Kingdom,383,2,241.66,4,2,1,2.3333333333333335,2,140,4.83,249,1,2,Hibernating
13582,United Kingdom,389,2,241.68,4,2,1,2.3333333333333335,2,106,21.97,228,1,2,Hibernating
13445,United Kingdom,626,1,241.9,5,2,1,2.6666666666666665,1,198,34.56,0,1,2,Hibernating
17009,United Kingdom,551,1,242.06,5,2,1,2.6666666666666665,1,336,22.01,0,1,2,Hibernating
17915,United Kingdom,551,1,242.13,5,2,1,2.6666666666666665,1,191,6.92,0,1,2,Hibernating
16215,United Kingdom,80,1,242.35,3,1,1,1.6666666666666667,1,104,17.31,0,0,0,Loyal Regulars
15543,United Kingdom,288,2,242.84,4,2,1,2.3333333333333335,2,169,4.19,171,1,2,Hibernating
13886,United Kingdom,71,1,243.56,3,1,1,1.6666666666666667,1,126,15.22,0,0,0,Loyal Regulars
16793,United Kingdom,57,1,243.84,2,1,1,1.3333333333333333,1,146,15.24,0,0,0,Loyal Regulars
13676,United Kingdom,539,2,243.9,5,2,1,2.6666666666666665,2,104,18.76,80,1,2,Hibernating
17892,United Kingdom,56,3,244.1,2,3,1,2.0,3,109,8.72,99,0,0,Loyal Regulars
13551,United Kingdom,319,2,244.2,4,2,1,2.3333333333333335,2,36,48.84,347,1,2,Hibernating
14694,United Kingdom,617,1,244.31,5,2,1,2.6666666666666665,1,193,16.29,0,1,2,Hibernating
16528,United Kingdom,3,1,244.41,1,1,1,1.0,1,171,14.38,0,0,0,Loyal Regulars
15118,United Kingdom,134,1,244.8,3,1,1,1.6666666666666667,1,1440,244.8,0,1,0,Loyal Regulars
12660,France,11,1,245.1,1,1,1,1.0,1,127,18.85,0,0,0,Loyal Regulars
14281,United Kingdom,408,1,245.15,4,1,1,2.0,1,45,35.02,0,1,2,Hibernating
14325,United Kingdom,569,1,245.48,5,2,1,2.6666666666666665,1,320,13.64,0,1,2,Hibernating
16778,United Kingdom,74,2,245.94,3,2,1,2.0,2,194,15.37,200,0,0,Loyal Regulars
18153,United Kingdom,659,1,246.22,5,2,1,2.6666666666666665,1,200,14.48,0,1,2,Hibernating
15783,United Kingdom,10,1,246.3,1,1,1,1.0,1,212,17.59,0,0,0,Loyal Regulars
15495,United Kingdom,379,1,246.5,4,1,1,2.0,1,194,12.32,0,1,2,Hibernating
15378,United Kingdom,462,2,246.5,5,2,1,2.6666666666666665,2,130,20.54,39,1,2,Hibernating
13943,United Kingdom,577,1,246.54,5,2,1,2.6666666666666665,1,94,16.44,0,1,2,Hibernating
15697,United Kingdom,689,1,246.75,5,2,1,2.6666666666666665,1,127,17.63,0,1,2,Hibernating
14654,United Kingdom,738,1,246.86,5,2,1,2.6666666666666665,1,273,9.14,0,1,2,Hibernating
14658,United Kingdom,5,2,247.15,1,3,1,1.6666666666666667,2,47,8.52,112,0,0,Loyal Regulars
13349,United Kingdom,10,1,247.32,1,1,1,1.0,1,225,15.46,0,0,0,Loyal Regulars
18072,United Kingdom,185,1,247.44,3,1,1,1.6666666666666667,1,288,13.75,0,1,0,Loyal Regulars
15293,United Kingdom,665,1,247.5,5,2,1,2.6666666666666665,1,178,13.03,0,1,2,Hibernating
13592,United Kingdom,35,4,247.96,2,4,1,2.3333333333333335,4,84,15.5,229,0,0,Loyal Regulars
13061,United Kingdom,72,1,248.61,3,1,1,1.6666666666666667,1,107,24.86,0,0,0,Loyal Regulars
16508,United Kingdom,630,1,248.8,5,2,1,2.6666666666666665,1,106,5.53,0,1,2,Hibernating
12563,Italy,408,1,249.24,4,1,1,2.0,1,113,19.17,0,1,2,Hibernating
13747,United Kingdom,373,2,249.4,4,2,1,2.3333333333333335,2,68,41.57,51,1,2,Hibernating
15884,United Kingdom,432,2,249.7,5,2,1,2.6666666666666665,2,158,16.65,304,1,2,Hibernating
18005,United Kingdom,3,2,249.72,1,3,1,1.6666666666666667,2,93,4.16,44,0,0,Loyal Regulars
18002,United Kingdom,375,4,249.92,4,3,1,2.6666666666666665,4,72,4.63,356,1,2,Hibernating
15510,United Kingdom,330,1,250.0,4,1,1,2.0,1,2,250.0,0,1,2,Hibernating
17303,United Kingdom,361,1,250.04,4,1,1,2.0,1,144,4.72,0,1,2,Hibernating
15231,United Kingdom,621,1,250.26,5,2,1,2.6666666666666665,1,190,17.88,0,1,2,Hibernating
16962,United Kingdom,409,1,251.04,4,1,1,2.0,1,158,16.74,0,1,2,Hibernating
18266,United Kingdom,434,1,251.1,5,1,1,2.3333333333333335,1,138,17.94,0,1,2,Hibernating
14501,United Kingdom,183,2,251.21,3,2,1,2.0,2,161,25.12,136,1,0,Loyal Regulars
16976,United Kingdom,267,1,251.52,4,1,1,2.0,1,88,125.76,0,1,2,Hibernating
16453,United Kingdom,530,2,251.71,5,2,1,2.6666666666666665,2,139,16.78,18,1,2,Hibernating
13645,United Kingdom,120,1,252.1,3,1,1,1.6666666666666667,1,158,50.42,0,1,0,Loyal Regulars
13404,United Kingdom,1,2,252.49,1,3,1,1.6666666666666667,2,111,22.95,211,0,0,Loyal Regulars
15552,United Kingdom,217,2,252.52,4,2,1,2.3333333333333335,2,166,8.42,406,1,0,Loyal Regulars
16908,United Kingdom,722,1,252.59,5,2,1,2.6666666666666665,1,61,12.63,0,1,2,Hibernating
13251,United Kingdom,402,1,252.68,4,1,1,2.0,1,215,10.11,0,1,2,Hibernating
15035,United Kingdom,89,1,252.73,3,1,1,1.6666666666666667,1,245,9.36,0,0,0,Loyal Regulars
17210,United Kingdom,392,1,253.37,4,1,1,2.0,1,243,4.69,0,1,2,Hibernating
16845,United Kingdom,618,1,253.88,5,2,1,2.6666666666666665,1,167,12.69,0,1,2,Hibernating
17626,United Kingdom,602,1,254.0,5,2,1,2.6666666666666665,1,202,14.11,0,1,2,Hibernating
14765,United Kingdom,29,3,254.11,2,3,1,2.0,3,135,6.52,147,0,0,Loyal Regulars
17992,United Kingdom,389,1,254.13,4,1,1,2.0,1,131,4.79,0,1,2,Hibernating
15923,United Kingdom,372,1,254.16,4,1,1,2.0,1,244,6.05,0,1,2,Hibernating
12604,France,79,2,254.18,3,2,1,2.0,2,201,15.89,182,0,0,Loyal Regulars
12746,United Kingdom,540,1,254.55,5,2,1,2.6666666666666665,1,97,14.97,0,1,2,Hibernating
16911,United Kingdom,635,2,255.25,5,2,1,2.6666666666666665,2,161,7.29,26,1,2,Hibernating
14881,United Kingdom,19,1,255.4,2,1,1,1.3333333333333333,1,316,15.02,0,0,0,Loyal Regulars
13825,United Kingdom,621,2,255.59,5,2,1,2.6666666666666665,2,182,6.39,109,1,2,Hibernating
13250,United Kingdom,460,2,256.04,5,2,1,2.6666666666666665,2,108,12.8,42,1,2,Hibernating
17896,United Kingdom,23,1,256.32,2,1,1,1.3333333333333333,1,288,128.16,0,0,0,Loyal Regulars
13806,United Kingdom,63,1,256.38,3,1,1,1.6666666666666667,1,56,25.64,0,0,0,Loyal Regulars
12430,Norway,43,1,256.4,2,1,1,1.3333333333333333,1,117,23.31,0,0,0,Loyal Regulars
14274,United Kingdom,686,1,256.6,5,2,1,2.6666666666666665,1,178,17.11,0,1,2,Hibernating
14876,United Kingdom,521,2,256.7,5,2,1,2.6666666666666665,2,162,19.75,40,1,2,Hibernating
14166,United Kingdom,505,2,256.85,5,2,1,2.6666666666666665,2,84,4.85,121,1,2,Hibernating
15404,United Kingdom,375,1,257.06,4,1,1,2.0,1,334,16.07,0,1,2,Hibernating
14483,United Kingdom,281,2,257.1,4,2,1,2.3333333333333335,2,193,19.78,455,1,2,Hibernating
15852,United Kingdom,186,3,257.26,3,3,1,2.3333333333333335,3,60,7.8,340,1,0,Loyal Regulars
16542,United Kingdom,53,2,257.32,2,2,1,1.6666666666666667,2,142,18.38,348,0,0,Loyal Regulars
13227,United Kingdom,201,1,257.7,4,1,1,2.0,1,99,28.63,0,1,0,Loyal Regulars
13683,United Kingdom,457,1,258.6,5,1,1,2.3333333333333335,1,180,25.86,0,1,2,Hibernating
16381,United Kingdom,395,2,258.7,4,2,1,2.3333333333333335,2,112,3.98,23,1,2,Hibernating
15536,United Kingdom,409,1,259.09,4,1,1,2.0,1,242,16.19,0,1,2,Hibernating
17219,United Kingdom,31,2,259.13,2,3,1,2.0,2,188,5.18,385,0,0,Loyal Regulars
17558,United Kingdom,393,1,259.17,4,1,1,2.0,1,54,9.26,0,1,2,Hibernating
13127,United Kingdom,77,1,259.17,3,1,1,1.6666666666666667,1,127,17.28,0,0,0,Loyal Regulars
17125,United Kingdom,50,1,259.35,2,1,1,1.3333333333333333,1,291,6.48,0,0,0,Loyal Regulars
16733,United Kingdom,529,1,259.68,5,2,1,2.6666666666666665,1,112,21.64,0,1,2,Hibernating
17022,United Kingdom,31,2,260.0,2,3,1,2.0,2,180,16.25,401,0,0,Loyal Regulars
17901,United Kingdom,29,3,260.08,2,3,1,2.0,3,38,11.82,492,0,0,Loyal Regulars
15014,United Kingdom,43,2,260.17,2,2,1,1.6666666666666667,2,151,7.43,133,0,0,Loyal Regulars
13189,United Kingdom,18,2,260.68,1,3,1,1.6666666666666667,2,842,8.99,97,0,0,Loyal Regulars
17385,United Kingdom,14,1,261.11,1,1,1,1.0,1,201,5.56,0,0,0,Loyal Regulars
12655,France,423,1,261.35,5,1,1,2.3333333333333335,1,80,16.33,0,1,2,Hibernating
17910,United Kingdom,726,1,261.7,5,2,1,2.6666666666666665,1,121,10.07,0,1,2,Hibernating
13331,United Kingdom,401,1,262.4,4,1,1,2.0,1,54,21.87,0,1,2,Hibernating
14526,United Kingdom,389,1,262.4,4,1,1,2.0,1,179,6.25,0,1,2,Hibernating
17808,United Kingdom,548,4,262.64,5,3,1,3.0,4,143,7.96,33,1,2,Hibernating
12892,United Kingdom,396,1,263.38,4,1,1,2.0,1,140,14.63,0,1,2,Hibernating
13128,United Kingdom,631,1,263.5,5,2,1,2.6666666666666665,1,31,263.5,0,1,2,Hibernating
13973,United Kingdom,287,1,264.7,4,1,1,2.0,1,109,24.06,0,1,2,Hibernating
16074,United Kingdom,390,1,265.25,4,1,1,2.0,1,39,10.2,0,1,2,Hibernating
15019,United Kingdom,266,1,266.0,4,1,1,2.0,1,159,3.8,0,1,2,Hibernating
12962,United Kingdom,7,2,266.39,1,3,1,1.6666666666666667,2,129,16.65,106,0,0,Loyal Regulars
14392,United Kingdom,432,1,266.4,5,1,1,2.3333333333333335,1,114,19.03,0,1,2,Hibernating
15119,United Kingdom,245,1,266.4,4,1,1,2.0,1,88,19.03,0,1,0,Loyal Regulars
16502,United Kingdom,620,2,266.5,5,2,1,2.6666666666666665,2,251,6.2,0,1,2,Hibernating
14863,United Kingdom,29,1,266.76,2,1,1,1.3333333333333333,1,132,24.25,0,0,0,Loyal Regulars
15423,United Kingdom,38,3,266.89,2,3,1,2.0,3,198,19.06,583,0,0,Loyal Regulars
15517,United Kingdom,233,1,267.03,4,1,1,2.0,1,293,9.89,0,1,0,Loyal Regulars
15320,United Kingdom,44,1,267.13,2,1,1,1.3333333333333333,1,326,7.42,0,0,0,Loyal Regulars
15503,United Kingdom,362,2,267.15,4,2,1,2.3333333333333335,2,136,2.17,364,1,2,Hibernating
15408,United Kingdom,264,1,267.18,4,1,1,2.0,1,106,7.86,0,1,2,Hibernating
14039,United Kingdom,33,2,267.28,2,3,1,2.0,2,192,26.73,542,0,0,Loyal Regulars
18254,United Kingdom,581,1,267.9,5,2,1,2.6666666666666665,1,188,16.74,0,1,2,Hibernating
12751,Brazil,444,1,268.27,5,1,1,2.3333333333333335,1,189,4.33,0,1,2,Hibernating
18267,United Kingdom,672,1,269.37,5,2,1,2.6666666666666665,1,135,15.85,0,1,2,Hibernating
12558,USA,7,1,269.96,1,1,1,1.0,1,196,24.54,0,0,0,Loyal Regulars
16757,United Kingdom,318,2,270.48,4,2,1,2.3333333333333335,2,180,18.03,91,1,2,Hibernating
14520,United Kingdom,1,2,270.6,1,3,1,1.6666666666666667,2,146,67.65,289,0,0,Loyal Regulars
13533,United Kingdom,182,3,270.79,3,3,1,2.3333333333333335,3,204,3.56,85,1,0,Loyal Regulars
18238,United Kingdom,515,1,270.92,5,1,1,2.3333333333333335,1,114,19.35,0,1,2,Hibernating
17278,United Kingdom,241,2,271.24,4,2,1,2.3333333333333335,2,195,15.96,324,1,0,Loyal Regulars
13837,United Kingdom,211,2,271.24,4,2,1,2.3333333333333335,2,183,14.28,106,1,0,Loyal Regulars
15943,United Kingdom,649,2,271.29,5,2,1,2.6666666666666665,2,183,22.61,28,1,2,Hibernating
13058,United Kingdom,24,3,271.4,2,3,1,2.0,3,52,33.93,127,0,0,Loyal Regulars
16089,United Kingdom,386,2,271.44,4,2,1,2.3333333333333335,2,122,5.43,123,1,2,Hibernating
14436,United Kingdom,98,2,271.7,3,2,1,2.0,2,297,24.7,455,1,0,Loyal Regulars
17292,United Kingdom,472,2,271.75,5,2,1,2.6666666666666665,2,131,18.12,107,1,2,Hibernating
14816,United Kingdom,197,1,271.85,4,1,1,2.0,1,5,67.96,0,1,0,Loyal Regulars
13917,United Kingdom,49,2,272.04,2,2,1,1.6666666666666667,2,228,15.11,142,0,0,Loyal Regulars
17498,United Kingdom,75,1,272.22,3,1,1,1.6666666666666667,1,394,16.01,0,0,0,Loyal Regulars
15964,United Kingdom,663,1,272.96,5,2,1,2.6666666666666665,1,94,13.0,0,1,2,Hibernating
13861,United Kingdom,429,2,273.26,5,2,1,2.6666666666666665,2,225,13.01,101,1,2,Hibernating
13307,United Kingdom,120,3,273.34,3,3,1,2.3333333333333335,3,140,18.22,472,1,0,Loyal Regulars
12789,Netherlands,65,3,273.35,3,3,1,2.3333333333333335,3,36,34.17,628,0,0,Loyal Regulars
16313,United Kingdom,3,2,274.15,1,3,1,1.6666666666666667,2,165,17.13,46,0,0,Loyal Regulars
13399,United Kingdom,464,3,275.4,5,3,1,3.0,3,120,18.36,55,1,2,Hibernating
12750,Poland,128,1,275.88,3,1,1,1.6666666666666667,1,137,18.39,0,1,0,Loyal Regulars
13272,United Kingdom,31,2,276.56,2,3,1,2.0,2,96,18.44,58,0,0,Loyal Regulars
15355,United Kingdom,29,2,277.05,2,3,1,2.0,2,45,19.79,24,0,0,Loyal Regulars
16334,United Kingdom,492,1,277.48,5,1,1,2.3333333333333335,1,211,4.78,0,1,2,Hibernating
14303,United Kingdom,407,2,277.94,4,2,1,2.3333333333333335,2,218,12.63,27,1,2,Hibernating
14764,United Kingdom,46,1,278.3,2,1,1,1.3333333333333333,1,190,46.38,0,0,0,Loyal Regulars
17786,United Kingdom,85,2,278.74,3,2,1,2.0,2,200,3.87,232,0,0,Loyal Regulars
17264,United Kingdom,424,1,279.59,5,1,1,2.3333333333333335,1,227,3.33,0,1,2,Hibernating
15556,United Kingdom,24,1,279.77,2,1,1,1.3333333333333333,1,236,9.02,0,0,0,Loyal Regulars
13581,United Kingdom,309,2,280.53,4,2,1,2.3333333333333335,2,119,8.5,105,1,2,Hibernating
13606,United Kingdom,29,3,280.54,2,3,1,2.0,3,279,6.52,282,0,0,Loyal Regulars
14242,United Kingdom,234,2,280.55,4,2,1,2.3333333333333335,2,123,17.53,91,1,0,Loyal Regulars
13080,United Kingdom,179,4,280.73,3,3,1,2.3333333333333335,4,193,14.78,430,1,0,Loyal Regulars
15772,United Kingdom,418,1,280.88,5,1,1,2.3333333333333335,1,110,17.56,0,1,2,Hibernating
18042,United Kingdom,53,2,281.15,2,2,1,1.6666666666666667,2,69,17.57,488,0,0,Loyal Regulars
13679,United Kingdom,493,3,281.26,5,3,1,3.0,3,102,5.63,242,1,2,Hibernating
13326,United Kingdom,432,1,281.76,5,1,1,2.3333333333333335,1,140,21.67,0,1,2,Hibernating
16557,United Kingdom,24,2,281.85,2,3,1,2.0,2,111,25.62,113,0,0,Loyal Regulars
17072,United Kingdom,625,1,282.05,5,2,1,2.6666666666666665,1,218,12.82,0,1,2,Hibernating
17247,United Kingdom,15,1,282.19,1,1,1,1.0,1,106,5.13,0,0,0,Loyal Regulars
12771,Portugal,485,1,282.3,5,1,1,2.3333333333333335,1,104,18.82,0,1,2,Hibernating
13511,United Kingdom,676,1,282.76,5,2,1,2.6666666666666665,1,60,56.55,0,1,2,Hibernating
15936,United Kingdom,379,2,282.79,4,2,1,2.3333333333333335,2,211,14.88,88,1,2,Hibernating
15338,United Kingdom,677,1,283.43,5,2,1,2.6666666666666665,1,150,4.72,0,1,2,Hibernating
15662,United Kingdom,661,2,283.73,5,2,1,2.6666666666666665,2,145,23.64,77,1,2,Hibernating
13121,United Kingdom,269,1,283.73,4,1,1,2.0,1,252,5.67,0,1,2,Hibernating
12851,United Kingdom,96,2,284.13,3,2,1,2.0,2,160,3.55,381,1,0,Loyal Regulars
15354,United Kingdom,603,3,284.4,5,3,1,3.0,3,3,94.8,0,1,2,Hibernating
17359,United Kingdom,11,2,284.46,1,3,1,1.6666666666666667,2,237,7.49,637,0,0,Loyal Regulars
15445,United Kingdom,264,2,284.5,4,2,1,2.3333333333333335,2,118,20.32,326,1,2,Hibernating
16429,United Kingdom,106,1,284.55,3,1,1,1.6666666666666667,1,9,142.28,0,1,0,Loyal Regulars
17355,United Kingdom,386,1,285.11,4,1,1,2.0,1,257,7.71,0,1,2,Hibernating
12487,Sweden,730,1,285.3,5,2,1,2.6666666666666665,1,174,142.65,0,1,2,Hibernating
16890,United Kingdom,476,3,285.41,5,3,1,3.0,3,243,15.02,106,1,2,Hibernating
17636,United Kingdom,19,1,285.56,1,1,1,1.0,1,182,14.28,0,0,0,Loyal Regulars
14402,United Kingdom,652,1,285.6,5,2,1,2.6666666666666665,1,240,35.7,0,1,2,Hibernating
14660,United Kingdom,86,2,285.74,3,2,1,2.0,2,228,9.52,14,0,0,Loyal Regulars
14183,United Kingdom,411,2,286.29,5,2,1,2.6666666666666665,2,61,8.18,70,1,2,Hibernating
13909,United Kingdom,423,2,286.6,5,2,1,2.6666666666666665,2,302,7.35,98,1,2,Hibernating
13508,United Kingdom,243,2,287.05,4,2,1,2.3333333333333335,2,180,10.25,399,1,0,Loyal Regulars
17497,United Kingdom,390,2,287.25,4,2,1,2.3333333333333335,2,59,41.04,220,1,2,Hibernating
16432,United Kingdom,64,1,287.4,3,1,1,1.6666666666666667,1,276,35.93,0,0,0,Loyal Regulars
13616,United Kingdom,568,2,288.1,5,2,1,2.6666666666666665,2,175,7.79,123,1,2,Hibernating
16808,United Kingdom,99,2,288.42,3,2,1,2.0,2,196,12.54,175,1,0,Loyal Regulars
17501,United Kingdom,220,2,288.6,4,2,1,2.3333333333333335,2,160,16.03,0,1,0,Loyal Regulars
14162,United Kingdom,173,2,289.36,3,2,1,2.0,2,142,11.57,119,1,0,Loyal Regulars
14433,United Kingdom,465,1,289.6,5,1,1,2.3333333333333335,1,134,3.76,0,1,2,Hibernating
13796,United Kingdom,499,1,289.7,5,1,1,2.3333333333333335,1,218,13.17,0,1,2,Hibernating
16897,United Kingdom,299,2,289.78,4,2,1,2.3333333333333335,2,73,7.83,14,1,2,Hibernating
15391,United Kingdom,584,1,289.87,5,2,1,2.6666666666666665,1,109,24.16,0,1,2,Hibernating
18182,United Kingdom,463,1,291.13,5,1,1,2.3333333333333335,1,167,29.11,0,1,2,Hibernating
16615,United Kingdom,626,1,291.5,5,2,2,3.0,1,211,15.34,0,1,2,Hibernating
17907,United Kingdom,640,1,291.76,5,2,2,3.0,1,1046,22.44,0,1,2,Hibernating
13449,United Kingdom,23,1,291.88,2,1,2,1.6666666666666667,1,222,15.36,0,0,0,Loyal Regulars
13739,United Kingdom,18,2,292.2,1,3,2,2.0,2,76,48.7,509,0,0,Loyal Regulars
16543,United Kingdom,591,1,292.21,5,2,2,3.0,1,317,16.23,0,1,2,Hibernating
16721,United Kingdom,262,1,292.47,4,1,2,2.3333333333333335,1,172,7.9,0,1,2,Hibernating
17441,United Kingdom,732,1,293.35,5,2,2,3.0,1,245,13.97,0,1,2,Hibernating
17710,United Kingdom,423,1,293.5,5,1,2,2.6666666666666665,1,158,14.67,0,1,2,Hibernating
15928,United Kingdom,656,1,293.53,5,2,2,3.0,1,164,26.68,0,1,2,Hibernating
14192,United Kingdom,388,1,293.74,4,1,2,2.3333333333333335,1,218,20.98,0,1,2,Hibernating
15718,United Kingdom,540,1,293.79,5,2,2,3.0,1,95,16.32,0,1,2,Hibernating
17927,United Kingdom,721,1,294.0,5,2,2,3.0,1,108,29.4,0,1,2,Hibernating
15041,United Kingdom,170,2,294.02,3,2,2,2.3333333333333335,2,197,2.75,274,1,0,Loyal Regulars
17057,United Kingdom,596,1,294.74,5,2,2,3.0,1,129,5.89,0,1,2,Hibernating
16579,United Kingdom,425,1,295.05,5,1,2,2.6666666666666665,1,119,21.08,0,1,2,Hibernating
16252,United Kingdom,382,1,295.09,4,1,2,2.3333333333333335,1,158,14.05,0,1,2,Hibernating
14614,United Kingdom,386,1,295.13,4,1,2,2.3333333333333335,1,189,15.53,0,1,2,Hibernating
14269,United Kingdom,439,1,295.73,5,1,2,2.6666666666666665,1,123,18.48,0,1,2,Hibernating
15962,United Kingdom,449,1,295.83,5,1,2,2.6666666666666665,1,235,5.1,0,1,2,Hibernating
13504,United Kingdom,64,1,295.93,3,1,2,2.0,1,178,13.45,0,0,0,Loyal Regulars
13751,United Kingdom,288,1,296.25,4,1,2,2.3333333333333335,1,152,32.92,0,1,2,Hibernating
17627,United Kingdom,478,1,296.36,5,1,2,2.6666666666666665,1,676,29.64,0,1,2,Hibernating
14985,United Kingdom,198,2,296.75,4,2,2,2.6666666666666665,2,260,3.41,160,1,0,Loyal Regulars
13708,United Kingdom,271,1,296.88,4,1,2,2.3333333333333335,1,306,5.82,0,1,2,Hibernating
14835,United Kingdom,528,2,297.0,5,2,2,3.0,2,180,148.5,89,1,2,Hibernating
18018,United Kingdom,108,4,297.99,3,3,2,2.6666666666666665,4,186,6.77,312,1,0,Loyal Regulars
12881,United Kingdom,275,1,298.0,4,1,2,2.3333333333333335,1,21,42.57,0,1,2,Hibernating
17824,United Kingdom,51,1,298.4,2,1,2,1.6666666666666667,1,408,22.95,0,0,0,Loyal Regulars
15609,United Kingdom,184,1,298.48,3,1,2,2.0,1,148,18.66,0,1,0,Loyal Regulars
12423,Denmark,465,1,298.8,5,1,2,2.6666666666666665,9,1711,15.29,387,1,2,Hibernating
12423,Denmark,465,1,298.8,5,1,2,2.6666666666666665,1,82,22.98,0,1,2,Hibernating
17124,United Kingdom,185,1,298.89,3,1,2,2.0,1,130,9.34,0,1,0,Loyal Regulars
12595,Germany,504,1,299.02,5,1,2,2.6666666666666665,1,271,15.74,0,1,2,Hibernating
17898,United Kingdom,85,4,299.18,3,3,2,2.6666666666666665,4,251,5.98,482,0,0,Loyal Regulars
13346,United Kingdom,462,6,299.4,5,4,2,3.6666666666666665,6,180,49.9,134,1,2,Hibernating
12864,United Kingdom,138,2,299.57,3,2,2,2.3333333333333335,2,447,42.8,370,1,0,Loyal Regulars
17766,United Kingdom,381,2,299.61,4,2,2,2.6666666666666665,2,155,13.62,0,1,2,Hibernating
14797,United Kingdom,507,1,300.31,5,1,2,2.6666666666666665,1,99,18.77,0,1,2,Hibernating
17556,United Kingdom,205,2,300.67,4,2,2,2.6666666666666665,2,184,21.48,174,1,0,Loyal Regulars
16050,United Kingdom,173,3,300.7,3,3,2,2.6666666666666665,3,388,14.32,228,1,0,Loyal Regulars
16479,United Kingdom,10,2,300.83,1,3,2,2.0,2,102,8.6,0,0,0,Loyal Regulars
12351,Unspecified,375,1,300.93,4,1,2,2.3333333333333335,1,261,14.33,0,1,2,Hibernating
16437,United Kingdom,381,2,301.25,4,2,2,2.6666666666666665,2,197,14.35,48,1,2,Hibernating
13625,United Kingdom,596,1,301.26,5,2,2,3.0,1,144,14.35,0,1,2,Hibernating
15148,United Kingdom,10,1,301.29,1,1,2,1.3333333333333333,1,187,15.06,0,0,0,Loyal Regulars
15667,United Kingdom,39,1,301.32,2,1,2,1.6666666666666667,1,240,23.18,0,0,0,Loyal Regulars
13773,United Kingdom,396,2,301.54,4,2,2,2.6666666666666665,2,174,15.87,263,1,2,Hibernating
16297,United Kingdom,268,1,301.9,4,1,2,2.3333333333333335,1,206,15.1,0,1,2,Hibernating
15242,United Kingdom,422,1,302.04,5,1,2,2.6666666666666665,1,196,75.51,0,1,2,Hibernating
15054,United Kingdom,12,2,302.1,1,3,2,2.0,2,198,2.65,28,0,0,Loyal Regulars
17506,United Kingdom,75,1,302.2,3,1,2,2.0,1,139,21.59,0,0,0,Loyal Regulars
18165,United Kingdom,177,1,302.46,3,1,2,2.0,1,254,30.25,0,1,0,Loyal Regulars
16425,United Kingdom,302,1,302.7,4,1,2,2.3333333333333335,1,199,14.41,0,1,2,Hibernating
15060,United Kingdom,8,4,303.09,1,4,2,2.3333333333333335,4,263,2.5,1,0,0,Loyal Regulars
18255,United Kingdom,89,2,303.15,3,2,2,2.3333333333333335,2,201,15.96,367,0,0,Loyal Regulars
17207,United Kingdom,652,1,303.22,5,2,2,3.0,1,241,4.53,0,1,2,Hibernating
14806,United Kingdom,75,2,303.43,3,2,2,2.3333333333333335,2,423,15.17,364,0,0,Loyal Regulars
14791,United Kingdom,606,1,303.63,5,2,2,3.0,1,127,15.98,0,1,2,Hibernating
16489,United Kingdom,380,2,303.7,4,2,2,2.6666666666666665,2,38,50.62,56,1,2,Hibernating
17688,United Kingdom,393,1,304.2,4,1,2,2.3333333333333335,1,114,16.01,0,1,2,Hibernating
18185,United Kingdom,249,1,304.25,4,1,2,2.3333333333333335,1,183,17.9,0,1,0,Loyal Regulars
14043,United Kingdom,491,2,304.25,5,2,2,3.0,2,153,7.24,238,1,2,Hibernating
16217,United Kingdom,235,2,304.25,4,2,2,2.6666666666666665,2,91,20.28,47,1,0,Loyal Regulars
15163,United Kingdom,18,2,304.47,1,3,2,2.0,2,186,10.5,174,0,0,Loyal Regulars
13667,United Kingdom,149,1,305.02,3,1,2,2.0,1,154,3.51,0,1,0,Loyal Regulars
15893,United Kingdom,481,1,305.28,5,1,2,2.6666666666666665,1,288,305.28,0,1,2,Hibernating
13383,United Kingdom,543,1,305.28,5,2,2,3.0,1,288,305.28,0,1,2,Hibernating
14990,United Kingdom,612,2,305.42,5,2,2,3.0,2,130,7.1,118,1,2,Hibernating
16181,United Kingdom,73,1,305.54,3,1,2,2.0,1,152,27.78,0,0,0,Loyal Regulars
16796,United Kingdom,89,1,305.62,3,1,2,2.0,1,186,16.98,0,0,0,Loyal Regulars
15135,United Kingdom,239,2,305.68,4,2,2,2.6666666666666665,2,84,15.28,317,1,0,Loyal Regulars
17077,United Kingdom,578,1,306.0,5,2,2,3.0,1,36,306.0,0,1,2,Hibernating
18059,United Kingdom,23,3,306.46,2,3,2,2.3333333333333335,3,258,17.03,44,0,0,Loyal Regulars
13718,United Kingdom,246,2,306.55,4,2,2,2.6666666666666665,2,173,25.55,49,1,0,Loyal Regulars
16649,United Kingdom,520,1,306.58,5,1,2,2.6666666666666665,1,82,15.33,0,1,2,Hibernating
17551,United Kingdom,359,1,306.84,4,1,2,2.3333333333333335,1,150,7.14,0,1,2,Hibernating
15087,United Kingdom,281,1,306.94,4,1,2,2.3333333333333335,1,470,20.46,0,1,2,Hibernating
13142,United Kingdom,19,1,307.09,2,1,2,1.6666666666666667,1,258,13.35,0,0,0,Loyal Regulars
13036,United Kingdom,684,1,307.1,5,2,2,3.0,1,38,51.18,0,1,2,Hibernating
17721,United Kingdom,659,1,307.21,5,2,2,3.0,1,107,27.93,0,1,2,Hibernating
14783,United Kingdom,659,1,307.3,5,2,2,3.0,1,262,18.08,0,1,2,Hibernating
15374,United Kingdom,128,2,307.32,3,2,2,2.3333333333333335,2,290,30.73,496,1,0,Loyal Regulars
13932,United Kingdom,294,1,307.4,4,1,2,2.3333333333333335,1,72,19.21,0,1,2,Hibernating
17120,United Kingdom,233,1,307.46,4,1,2,2.3333333333333335,1,120,17.08,0,1,0,Loyal Regulars
13060,United Kingdom,253,1,307.53,4,1,2,2.3333333333333335,1,123,20.5,0,1,2,Hibernating
14777,United Kingdom,403,1,307.56,4,1,2,2.3333333333333335,1,212,19.22,0,1,2,Hibernating
15454,United Kingdom,362,2,307.69,4,2,2,2.6666666666666665,2,148,7.5,256,1,2,Hibernating
13529,United Kingdom,78,2,307.76,3,2,2,2.3333333333333335,2,74,20.52,126,0,0,Loyal Regulars
16123,United Kingdom,51,1,307.78,2,1,2,1.6666666666666667,1,170,19.24,0,0,0,Loyal Regulars
15778,United Kingdom,431,1,307.95,5,1,2,2.6666666666666665,1,101,18.11,0,1,2,Hibernating
13289,United Kingdom,723,1,307.95,5,2,2,3.0,1,119,19.25,0,1,2,Hibernating
15302,United Kingdom,730,1,308.0,5,2,2,3.0,1,102,20.53,0,1,2,Hibernating
16524,United Kingdom,446,2,308.14,5,2,2,3.0,2,260,5.71,245,1,2,Hibernating
14927,United Kingdom,396,1,308.2,4,1,2,2.3333333333333335,1,196,15.41,0,1,2,Hibernating
16194,United Kingdom,375,1,308.6,4,1,2,2.3333333333333335,1,140,38.57,0,1,2,Hibernating
16956,United Kingdom,17,1,308.74,1,1,2,1.3333333333333333,1,114,19.3,0,0,0,Loyal Regulars
15010,United Kingdom,35,1,308.94,2,1,2,1.6666666666666667,1,184,15.45,0,0,0,Loyal Regulars
12884,United Kingdom,88,1,309.05,3,1,2,2.0,1,43,44.15,0,0,0,Loyal Regulars
16373,United Kingdom,382,2,309.49,4,2,2,2.6666666666666665,2,119,10.67,29,1,2,Hibernating
15699,United Kingdom,17,1,309.65,1,1,2,1.3333333333333333,1,113,17.2,0,0,0,Loyal Regulars
17383,United Kingdom,4,2,309.99,1,3,2,2.0,2,162,5.85,449,0,0,Loyal Regulars
13628,United Kingdom,676,1,310.14,5,2,2,3.0,1,106,19.38,0,1,2,Hibernating
14749,United Kingdom,479,1,310.15,5,1,2,2.6666666666666665,1,403,17.23,0,1,2,Hibernating
13315,United Kingdom,689,1,310.26,5,2,2,3.0,1,232,14.1,0,1,2,Hibernating
15188,United Kingdom,725,1,310.43,5,2,2,3.0,1,233,13.5,0,1,2,Hibernating
15308,United Kingdom,274,1,310.47,4,1,2,2.3333333333333335,1,175,16.34,0,1,2,Hibernating
14181,United Kingdom,410,2,310.55,5,2,2,3.0,2,122,5.75,152,1,2,Hibernating
14848,United Kingdom,404,1,310.56,4,1,2,2.3333333333333335,1,260,28.23,0,1,2,Hibernating
15185,United Kingdom,70,1,310.62,3,1,2,2.0,1,666,14.79,0,0,0,Loyal Regulars
12738,Germany,372,1,310.7,4,1,2,2.3333333333333335,1,296,14.12,0,1,2,Hibernating
16439,United Kingdom,722,1,310.7,5,2,2,3.0,1,74,34.52,0,1,2,Hibernating
13847,United Kingdom,719,1,310.72,5,2,2,3.0,1,96,16.35,0,1,2,Hibernating
16328,United Kingdom,563,1,310.83,5,2,2,3.0,1,141,19.43,0,1,2,Hibernating
13400,United Kingdom,582,1,310.83,5,2,2,3.0,1,284,13.51,0,1,2,Hibernating
15724,United Kingdom,201,3,310.85,4,3,2,3.0,3,117,18.29,199,1,0,Loyal Regulars
12898,United Kingdom,463,2,310.96,5,2,2,3.0,2,240,9.72,196,1,2,Hibernating
13990,United Kingdom,213,1,311.3,4,1,2,2.3333333333333335,1,190,19.46,0,1,0,Loyal Regulars
12852,United Kingdom,294,1,311.55,4,1,2,2.3333333333333335,1,149,18.33,0,1,2,Hibernating
14951,United Kingdom,79,1,311.69,3,1,2,2.0,1,311,15.58,0,0,0,Loyal Regulars
12834,United Kingdom,282,1,312.38,4,1,2,2.3333333333333335,1,110,17.35,0,1,2,Hibernating
13226,United Kingdom,273,2,312.46,4,2,2,2.6666666666666665,2,179,11.16,120,1,2,Hibernating
15318,United Kingdom,3,1,312.62,1,1,2,1.3333333333333333,1,642,9.47,0,0,0,Loyal Regulars
13905,United Kingdom,732,1,312.65,5,2,2,3.0,1,135,26.05,0,1,2,Hibernating
15162,United Kingdom,731,1,312.9,5,2,2,3.0,1,74,26.07,0,1,2,Hibernating
13845,United Kingdom,64,1,312.98,3,1,2,2.0,1,182,34.78,0,0,0,Loyal Regulars
17882,United Kingdom,379,2,313.46,4,2,2,2.6666666666666665,2,134,5.6,0,1,2,Hibernating
12665,Germany,324,3,313.6,4,3,2,3.0,3,165,18.45,345,1,2,Hibernating
16582,United Kingdom,113,1,313.62,3,1,2,2.0,1,164,52.27,0,1,0,Loyal Regulars
13087,United Kingdom,726,1,313.64,5,2,2,3.0,1,86,20.91,0,1,2,Hibernating
15873,United Kingdom,499,4,313.92,5,3,2,3.3333333333333335,4,1152,52.32,1,1,2,Hibernating
18070,United Kingdom,669,1,314.1,5,2,2,3.0,1,86,34.9,0,1,2,Hibernating
12650,France,3,1,314.44,1,1,2,1.3333333333333333,1,254,15.72,0,0,0,Loyal Regulars
13660,United Kingdom,400,1,314.59,4,1,2,2.3333333333333335,1,137,7.67,0,1,2,Hibernating
18206,United Kingdom,553,1,314.66,5,2,2,3.0,1,246,16.56,0,1,2,Hibernating
14991,United Kingdom,430,1,314.67,5,1,2,2.6666666666666665,1,191,14.98,0,1,2,Hibernating
17121,United Kingdom,402,1,314.74,4,1,2,2.3333333333333335,1,106,26.23,0,1,2,Hibernating
16091,United Kingdom,154,2,315.06,3,2,2,2.3333333333333335,2,154,17.5,44,1,0,Loyal Regulars
15042,United Kingdom,199,2,315.45,4,2,2,2.6666666666666665,2,238,35.05,396,1,0,Loyal Regulars
12614,Germany,277,1,315.6,4,1,2,2.3333333333333335,1,76,15.78,0,1,2,Hibernating
17408,United Kingdom,163,3,316.09,3,3,2,2.6666666666666665,3,163,39.51,351,1,0,Loyal Regulars
15196,United Kingdom,432,2,316.25,5,2,2,3.0,2,131,7.35,294,1,2,Hibernating
13494,United Kingdom,311,1,316.26,4,1,2,2.3333333333333335,1,162,17.57,0,1,2,Hibernating
12529,France,528,1,316.48,5,2,2,3.0,1,192,15.07,0,1,2,Hibernating
15204,United Kingdom,357,1,316.58,4,1,2,2.3333333333333335,1,258,35.18,0,1,2,Hibernating
16761,United Kingdom,96,1,316.62,3,1,2,2.0,1,341,24.36,0,1,0,Loyal Regulars
17689,United Kingdom,388,2,317.08,4,2,2,2.6666666666666665,2,300,14.41,86,1,2,Hibernating
15616,United Kingdom,438,1,317.11,5,1,2,2.6666666666666665,1,137,24.39,0,1,2,Hibernating
17267,United Kingdom,127,2,317.62,3,2,2,2.3333333333333335,2,159,8.36,0,1,0,Loyal Regulars
18253,United Kingdom,642,1,317.88,5,2,2,3.0,1,128,45.41,0,1,2,Hibernating
14703,United Kingdom,14,1,318.17,1,1,2,1.3333333333333333,1,183,14.46,0,0,0,Loyal Regulars
15682,United Kingdom,599,2,318.24,5,2,2,3.0,2,222,12.73,88,1,2,Hibernating
17229,United Kingdom,96,2,318.76,3,2,2,2.3333333333333335,2,185,6.78,46,1,0,Loyal Regulars
16967,United Kingdom,189,1,319.02,3,1,2,2.0,1,333,15.19,0,1,0,Loyal Regulars
16674,United Kingdom,54,2,319.61,2,2,2,2.0,2,188,3.26,44,0,0,Loyal Regulars
13843,United Kingdom,381,1,319.75,4,1,2,2.3333333333333335,1,145,17.76,0,1,2,Hibernating
13942,United Kingdom,534,1,320.0,5,2,2,3.0,1,1000,320.0,0,1,2,Hibernating
16683,United Kingdom,533,1,320.25,5,2,2,3.0,1,190,17.79,0,1,2,Hibernating
13986,United Kingdom,17,1,320.46,1,1,2,1.3333333333333333,1,430,24.65,0,0,0,Loyal Regulars
17991,United Kingdom,225,3,320.55,4,3,2,3.0,3,100,8.01,366,1,0,Loyal Regulars
14622,United Kingdom,184,1,320.58,3,1,2,2.0,1,146,15.27,0,1,0,Loyal Regulars
18117,United Kingdom,25,1,320.72,2,1,2,1.6666666666666667,1,618,4.33,0,0,0,Loyal Regulars
15432,United Kingdom,23,2,320.76,2,3,2,2.3333333333333335,2,92,20.05,518,0,0,Loyal Regulars
15236,United Kingdom,298,1,321.05,4,1,2,2.3333333333333335,1,269,21.4,0,1,2,Hibernating
17182,United Kingdom,422,2,321.3,5,2,2,3.0,2,54,53.55,296,1,2,Hibernating
14823,United Kingdom,180,3,321.43,3,3,2,2.6666666666666665,3,88,4.59,14,1,0,Loyal Regulars
15770,United Kingdom,612,1,321.45,5,2,2,3.0,1,67,17.86,0,1,2,Hibernating
17471,United Kingdom,474,1,321.65,5,1,2,2.6666666666666665,1,153,16.93,0,1,2,Hibernating
13111,United Kingdom,718,1,321.88,5,2,2,3.0,1,180,26.82,0,1,2,Hibernating
15726,United Kingdom,390,1,321.91,4,1,2,2.3333333333333335,1,123,14.0,0,1,2,Hibernating
17326,United Kingdom,408,2,321.95,4,2,2,2.6666666666666665,2,140,3.62,121,1,2,Hibernating
14424,United Kingdom,17,1,322.08,1,1,2,1.3333333333333333,1,48,322.08,0,0,0,Loyal Regulars
16342,United Kingdom,75,4,322.41,3,3,2,2.6666666666666665,4,157,21.49,104,0,0,Loyal Regulars
14832,United Kingdom,630,1,322.69,5,2,2,3.0,1,1,322.69,0,1,2,Hibernating
16627,United Kingdom,79,1,322.8,3,1,2,2.0,1,162,16.14,0,0,0,Loyal Regulars
14263,United Kingdom,423,1,322.93,5,1,2,2.6666666666666665,1,171,20.18,0,1,2,Hibernating
17793,United Kingdom,25,1,323.04,2,1,2,1.6666666666666667,1,232,5.57,0,0,0,Loyal Regulars
16195,United Kingdom,723,1,323.25,5,2,2,3.0,1,123,20.2,0,1,2,Hibernating
13025,United Kingdom,731,1,323.39,5,2,2,3.0,1,241,24.88,0,1,2,Hibernating
17440,United Kingdom,156,4,323.58,3,3,2,2.6666666666666665,4,282,53.93,393,1,0,Loyal Regulars
15869,United Kingdom,277,3,323.66,4,3,2,3.0,3,274,9.25,349,1,2,Hibernating
13834,United Kingdom,576,2,324.19,5,2,2,3.0,2,221,20.26,93,1,2,Hibernating
16685,United Kingdom,61,2,324.24,3,2,2,2.3333333333333335,2,396,5.23,0,0,0,Loyal Regulars
18261,United Kingdom,43,2,324.24,2,3,2,2.3333333333333335,2,146,15.44,52,0,0,Loyal Regulars
12946,United Kingdom,436,1,324.45,5,1,2,2.6666666666666665,1,149,16.22,0,1,2,Hibernating
15982,United Kingdom,605,1,324.51,5,2,2,3.0,1,131,7.21,0,1,2,Hibernating
13801,United Kingdom,66,1,324.8,3,1,2,2.0,1,168,14.12,0,0,0,Loyal Regulars
15670,United Kingdom,296,2,325.2,4,2,2,2.6666666666666665,2,132,17.12,260,1,2,Hibernating
13661,United Kingdom,603,1,325.24,5,2,2,3.0,1,118,19.13,0,1,2,Hibernating
17439,United Kingdom,655,1,325.74,5,2,2,3.0,1,370,40.72,0,1,2,Hibernating
17843,United Kingdom,303,2,326.23,4,2,2,2.6666666666666665,2,276,5.1,108,1,2,Hibernating
13646,United Kingdom,399,2,326.25,4,2,2,2.6666666666666665,2,79,5.62,0,1,2,Hibernating
14070,United Kingdom,684,1,326.55,5,2,2,3.0,1,86,7.77,0,1,2,Hibernating
12460,Belgium,456,1,326.65,5,1,2,2.6666666666666665,1,170,18.15,0,1,2,Hibernating
16322,United Kingdom,1,2,326.75,1,3,2,2.0,2,231,8.83,35,0,0,Loyal Regulars
12804,Netherlands,465,2,327.02,5,2,2,3.0,2,271,4.88,35,1,2,Hibernating
13498,United Kingdom,730,1,327.38,5,2,2,3.0,1,362,19.26,0,1,2,Hibernating
15735,United Kingdom,421,1,327.68,5,1,2,2.6666666666666665,1,206,17.25,0,1,2,Hibernating
15709,United Kingdom,283,2,327.85,4,2,2,2.6666666666666665,2,169,12.14,306,1,2,Hibernating
16318,United Kingdom,35,1,328.15,2,1,2,1.6666666666666667,1,199,17.27,0,0,0,Loyal Regulars
14747,United Kingdom,249,1,328.2,4,1,2,2.3333333333333335,1,84,18.23,0,1,0,Loyal Regulars
15213,United Kingdom,318,2,328.35,4,2,2,2.6666666666666665,2,272,13.68,11,1,2,Hibernating
16855,United Kingdom,23,2,328.4,2,3,2,2.3333333333333335,2,164,17.28,20,0,0,Loyal Regulars
14012,United Kingdom,277,1,328.8,4,1,2,2.3333333333333335,1,160,29.89,0,1,2,Hibernating
16286,United Kingdom,477,2,328.95,5,2,2,3.0,2,101,19.35,146,1,2,Hibernating
15979,United Kingdom,602,1,329.22,5,2,2,3.0,1,450,14.96,0,1,2,Hibernating
15153,United Kingdom,31,1,329.25,2,1,2,1.6666666666666667,1,198,14.97,0,0,0,Loyal Regulars
17154,United Kingdom,75,1,329.34,3,1,2,2.0,1,490,14.32,0,0,0,Loyal Regulars
16436,United Kingdom,668,3,329.34,5,3,2,3.3333333333333335,3,239,8.03,65,1,2,Hibernating
17518,United Kingdom,425,2,329.42,5,2,2,3.0,2,267,4.28,196,1,2,Hibernating
18186,United Kingdom,722,1,329.58,5,2,2,3.0,1,338,29.96,0,1,2,Hibernating
12850,United Kingdom,445,1,330.0,5,1,2,2.6666666666666665,1,200,165.0,0,1,2,Hibernating
15130,United Kingdom,169,1,330.11,3,1,2,2.0,1,197,15.01,0,1,0,Loyal Regulars
13010,United Kingdom,374,2,330.12,4,2,2,2.6666666666666665,2,323,27.51,274,1,2,Hibernating
12807,Sweden,383,1,330.35,4,1,2,2.3333333333333335,1,145,20.65,0,1,2,Hibernating
17301,United Kingdom,21,2,330.43,2,3,2,2.3333333333333335,2,229,2.73,603,0,0,Loyal Regulars
14517,United Kingdom,33,2,330.45,2,3,2,2.3333333333333335,2,91,18.36,108,0,0,Loyal Regulars
17309,United Kingdom,95,3,330.59,3,3,2,2.6666666666666665,3,193,8.93,578,1,0,Loyal Regulars
15878,United Kingdom,561,2,330.77,5,2,2,3.0,2,243,6.49,172,1,2,Hibernating
16478,United Kingdom,25,3,331.0,2,3,2,2.3333333333333335,3,224,19.47,40,0,0,Loyal Regulars
13981,United Kingdom,415,1,331.14,5,1,2,2.6666666666666665,1,234,15.05,0,1,2,Hibernating
16030,United Kingdom,309,1,331.24,4,1,2,2.3333333333333335,1,283,11.42,0,1,2,Hibernating
17435,United Kingdom,411,1,331.35,5,1,2,2.6666666666666665,1,195,22.09,0,1,2,Hibernating
15512,United Kingdom,155,4,331.58,3,3,2,2.6666666666666665,4,235,10.36,521,1,0,Loyal Regulars
17647,United Kingdom,65,3,331.66,3,3,2,2.6666666666666665,3,82,27.64,604,0,0,Loyal Regulars
16452,United Kingdom,630,2,332.17,5,2,2,3.0,2,199,18.45,63,1,2,Hibernating
16803,United Kingdom,65,1,332.3,3,1,2,2.0,1,245,13.85,0,0,0,Loyal Regulars
16850,United Kingdom,333,1,332.41,4,1,2,2.3333333333333335,1,249,17.5,0,1,2,Hibernating
13904,United Kingdom,37,2,332.64,2,3,2,2.3333333333333335,2,332,12.79,257,0,0,Loyal Regulars
14137,United Kingdom,695,1,332.7,5,2,2,3.0,1,462,30.25,0,1,2,Hibernating
16234,United Kingdom,476,3,333.18,5,3,2,3.3333333333333335,3,170,22.21,85,1,2,Hibernating
14957,United Kingdom,253,2,333.29,4,2,2,2.6666666666666665,2,105,11.49,391,1,0,Loyal Regulars
14241,United Kingdom,183,2,333.7,3,2,2,2.3333333333333335,2,242,27.81,513,1,0,Loyal Regulars
13216,United Kingdom,267,1,333.74,4,1,2,2.3333333333333335,1,297,66.75,0,1,2,Hibernating
17607,United Kingdom,376,1,333.81,4,1,2,2.3333333333333335,1,269,15.17,0,1,2,Hibernating
12350,Norway,310,1,334.4,4,1,2,2.3333333333333335,1,197,19.67,0,1,2,Hibernating
17821,United Kingdom,406,1,334.62,4,1,2,2.3333333333333335,1,162,55.77,0,1,2,Hibernating
12489,France,336,1,334.93,4,1,2,2.3333333333333335,1,105,22.33,0,1,2,Hibernating
14094,United Kingdom,439,1,335.22,5,1,2,2.6666666666666665,1,177,7.13,0,1,2,Hibernating
16063,United Kingdom,260,1,335.32,4,1,2,2.3333333333333335,1,262,14.58,0,1,2,Hibernating
14196,United Kingdom,106,1,335.52,3,1,2,2.0,1,142,55.92,0,1,0,Loyal Regulars
16273,United Kingdom,648,2,336.04,5,2,2,3.0,2,46,21.0,8,1,2,Hibernating
13482,United Kingdom,232,2,336.09,4,2,2,2.6666666666666665,2,187,16.8,395,1,0,Loyal Regulars
15619,United Kingdom,10,1,336.4,1,1,2,1.3333333333333333,1,136,112.13,0,0,0,Loyal Regulars
17914,United Kingdom,3,1,336.43,1,1,2,1.3333333333333333,1,473,4.21,0,0,0,Loyal Regulars
17488,United Kingdom,641,1,336.5,5,2,2,3.0,1,136,18.69,0,1,2,Hibernating
17973,United Kingdom,51,1,337.04,2,1,2,1.6666666666666667,1,176,22.47,0,0,0,Loyal Regulars
18269,United Kingdom,366,1,337.2,4,1,2,2.3333333333333335,1,152,24.09,0,1,2,Hibernating
13930,United Kingdom,57,2,337.34,2,2,2,2.0,2,274,19.84,79,0,0,Loyal Regulars
12780,Netherlands,598,1,337.4,5,2,2,3.0,1,285,16.87,0,1,2,Hibernating
15942,United Kingdom,133,1,337.44,3,1,2,2.0,1,232,24.1,0,1,0,Loyal Regulars
12869,United Kingdom,681,1,337.67,5,2,2,3.0,1,144,9.13,0,1,2,Hibernating
17296,United Kingdom,730,1,338.13,5,2,2,3.0,1,216,10.25,0,1,2,Hibernating
14799,United Kingdom,51,2,338.15,2,2,2,2.0,2,495,14.7,686,0,0,Loyal Regulars
17776,United Kingdom,386,2,338.56,4,2,2,2.6666666666666665,2,277,4.03,337,1,2,Hibernating
14630,United Kingdom,484,1,338.65,5,1,2,2.6666666666666665,1,111,16.13,0,1,2,Hibernating
17839,United Kingdom,42,1,338.8,2,1,2,1.6666666666666667,1,285,6.05,0,0,0,Loyal Regulars
17697,United Kingdom,236,1,338.95,4,1,2,2.3333333333333335,1,93,17.84,0,1,0,Loyal Regulars
14203,United Kingdom,397,1,339.34,4,1,2,2.3333333333333335,1,80,21.21,0,1,2,Hibernating
13737,United Kingdom,200,1,339.6,4,1,2,2.3333333333333335,1,125,11.32,0,1,0,Loyal Regulars
12698,Germany,590,1,339.75,5,2,2,3.0,1,111,21.23,0,1,2,Hibernating
12900,United Kingdom,422,1,340.33,5,1,2,2.6666666666666665,1,139,26.18,0,1,2,Hibernating
15818,United Kingdom,588,1,340.5,5,2,2,3.0,1,284,30.95,0,1,2,Hibernating
16044,United Kingdom,435,1,340.84,5,1,2,2.6666666666666665,1,170,17.94,0,1,2,Hibernating
17928,United Kingdom,45,3,341.24,2,3,2,2.3333333333333335,3,222,12.64,526,0,0,Loyal Regulars
17917,United Kingdom,45,3,341.28,2,3,2,2.3333333333333335,3,187,3.63,317,0,0,Loyal Regulars
13347,United Kingdom,70,1,341.36,3,1,2,2.0,1,205,42.67,0,0,0,Loyal Regulars
16585,United Kingdom,593,2,341.59,5,2,2,3.0,2,151,18.98,102,1,2,Hibernating
16826,United Kingdom,51,1,341.7,2,1,2,1.6666666666666667,1,158,15.53,0,0,0,Loyal Regulars
17542,United Kingdom,269,3,341.7,4,3,2,3.0,3,324,5.26,372,1,2,Hibernating
17833,United Kingdom,723,1,342.36,5,2,2,3.0,1,145,10.7,0,1,2,Hibernating
14989,United Kingdom,661,1,342.4,5,2,2,3.0,1,200,19.02,0,1,2,Hibernating
16851,United Kingdom,4,3,342.45,1,3,2,2.0,3,271,17.12,47,0,0,Loyal Regulars
18047,United Kingdom,381,2,342.69,4,2,2,2.6666666666666665,2,138,3.89,0,1,2,Hibernating
13519,United Kingdom,78,2,343.21,3,2,2,2.3333333333333335,2,133,18.06,364,0,0,Loyal Regulars
18081,United Kingdom,36,3,343.45,2,3,2,2.3333333333333335,3,195,20.2,97,0,0,Loyal Regulars
15520,United Kingdom,1,1,343.5,1,1,2,1.3333333333333333,1,314,19.08,0,0,0,Loyal Regulars
15047,United Kingdom,269,1,343.62,4,1,2,2.3333333333333335,1,222,15.62,0,1,2,Hibernating
16990,United Kingdom,218,2,344.0,4,2,2,2.6666666666666665,2,200,172.0,204,1,0,Loyal Regulars
13068,United Kingdom,10,2,344.0,1,3,2,2.0,2,200,172.0,309,0,0,Loyal Regulars
17569,United Kingdom,332,1,344.14,4,1,2,2.3333333333333335,1,159,11.87,0,1,2,Hibernating
15519,United Kingdom,383,2,344.61,4,2,2,2.6666666666666665,2,116,9.31,63,1,2,Hibernating
18199,United Kingdom,683,1,344.75,5,2,2,3.0,1,99,17.24,0,1,2,Hibernating
14633,United Kingdom,266,1,344.9,4,1,2,2.3333333333333335,1,96,17.25,0,1,2,Hibernating
13774,United Kingdom,81,1,345.0,3,1,2,2.0,1,192,15.68,0,0,0,Loyal Regulars
14724,United Kingdom,590,1,345.25,5,2,2,3.0,1,187,8.03,0,1,2,Hibernating
15781,United Kingdom,25,3,345.46,2,3,2,2.3333333333333335,3,180,17.27,280,0,0,Loyal Regulars
16423,United Kingdom,24,1,346.12,2,1,2,1.6666666666666667,1,230,19.23,0,0,0,Loyal Regulars
12411,Australia,409,1,346.9,4,1,2,2.3333333333333335,1,138,15.77,0,1,2,Hibernating
13062,United Kingdom,191,1,346.98,4,1,2,2.3333333333333335,1,343,31.54,0,1,0,Loyal Regulars
12441,France,366,1,347.1,4,1,2,2.3333333333333335,1,242,15.78,0,1,2,Hibernating
16006,United Kingdom,211,2,347.17,4,2,2,2.6666666666666665,2,211,4.23,176,1,0,Loyal Regulars
15085,United Kingdom,729,1,347.54,5,2,2,3.0,1,169,38.62,0,1,2,Hibernating
17668,United Kingdom,1,2,347.75,1,3,2,2.0,2,93,23.18,37,0,0,Loyal Regulars
12760,Netherlands,455,1,347.8,5,1,2,2.6666666666666665,1,198,16.56,0,1,2,Hibernating
15282,United Kingdom,570,1,348.59,5,2,2,3.0,1,395,12.91,0,1,2,Hibernating
17577,United Kingdom,645,2,348.75,5,2,2,3.0,2,179,16.61,23,1,2,Hibernating
13790,United Kingdom,4,1,348.8,1,1,2,1.3333333333333333,1,748,7.75,0,0,0,Loyal Regulars
14545,United Kingdom,674,1,349.25,5,2,2,3.0,1,236,15.18,0,1,2,Hibernating
18250,United Kingdom,310,1,349.27,4,1,2,2.3333333333333335,1,199,16.63,0,1,2,Hibernating
18090,United Kingdom,421,1,349.4,5,1,2,2.6666666666666665,1,321,5.82,0,1,2,Hibernating
13550,United Kingdom,383,1,349.51,4,1,2,2.3333333333333335,1,454,7.94,0,1,2,Hibernating
13887,United Kingdom,204,1,349.55,4,1,2,2.3333333333333335,1,147,18.4,0,1,0,Loyal Regulars
13670,United Kingdom,75,1,349.7,3,1,2,2.0,1,282,13.99,0,0,0,Loyal Regulars
12532,France,30,1,349.83,2,1,2,1.6666666666666667,1,153,21.86,0,0,0,Loyal Regulars
16476,United Kingdom,431,1,350.35,5,1,2,2.6666666666666665,1,187,14.6,0,1,2,Hibernating
17795,United Kingdom,179,2,350.39,3,2,2,2.3333333333333335,2,341,7.62,85,1,0,Loyal Regulars
17835,United Kingdom,2,3,350.64,1,3,2,2.0,3,348,5.75,21,0,0,Loyal Regulars
13281,United Kingdom,439,1,350.85,5,1,2,2.6666666666666665,1,201,15.95,0,1,2,Hibernating
13332,United Kingdom,14,1,350.9,1,1,2,1.3333333333333333,1,179,16.71,0,0,0,Loyal Regulars
14252,United Kingdom,381,1,350.99,4,1,2,2.3333333333333335,1,111,35.1,0,1,2,Hibernating
16263,United Kingdom,423,1,351.01,5,1,2,2.6666666666666665,1,200,14.63,0,1,2,Hibernating
13923,United Kingdom,53,1,351.13,2,1,2,1.6666666666666667,1,185,17.56,0,0,0,Loyal Regulars
16192,United Kingdom,735,1,351.3,5,2,2,3.0,1,208,31.94,0,1,2,Hibernating
12566,Germany,86,1,351.65,3,1,2,2.0,1,265,18.51,0,0,0,Loyal Regulars
15334,United Kingdom,156,3,351.67,3,3,2,2.6666666666666665,3,274,3.55,17,1,0,Loyal Regulars
16857,United Kingdom,442,1,352.8,5,1,2,2.6666666666666665,1,168,32.07,0,1,2,Hibernating
13765,United Kingdom,653,1,352.82,5,2,2,3.0,1,297,20.75,0,1,2,Hibernating
17196,United Kingdom,427,1,352.9,5,1,2,2.6666666666666665,1,168,3.39,0,1,2,Hibernating
17780,United Kingdom,667,3,352.91,5,3,2,3.3333333333333335,3,158,4.36,17,1,2,Hibernating
16690,United Kingdom,72,4,353.03,3,3,2,2.6666666666666665,4,209,18.58,379,0,0,Loyal Regulars
16382,United Kingdom,408,2,353.1,4,2,2,2.6666666666666665,2,167,8.02,142,1,2,Hibernating
14804,United Kingdom,8,1,353.27,1,1,2,1.3333333333333333,1,121,29.44,0,0,0,Loyal Regulars
13343,United Kingdom,177,1,353.43,3,1,2,2.0,1,135,18.6,0,1,0,Loyal Regulars
13210,United Kingdom,93,1,353.48,3,1,2,2.0,1,316,16.07,0,1,0,Loyal Regulars
16323,United Kingdom,196,2,353.66,4,2,2,2.6666666666666665,2,146,88.42,381,1,0,Loyal Regulars
17252,United Kingdom,116,2,353.86,3,2,2,2.3333333333333335,2,193,4.07,70,1,0,Loyal Regulars
12715,Sweden,106,1,353.86,3,1,2,2.0,1,197,16.85,0,1,0,Loyal Regulars
12845,United Kingdom,267,4,354.09,4,3,2,3.0,4,204,13.11,23,1,2,Hibernating
12888,United Kingdom,214,2,354.12,4,2,2,2.6666666666666665,2,76,70.82,41,1,0,Loyal Regulars
15986,United Kingdom,30,2,354.42,2,3,2,2.3333333333333335,2,368,14.18,351,0,0,Loyal Regulars
14268,United Kingdom,470,1,354.85,5,1,2,2.6666666666666665,1,147,18.68,0,1,2,Hibernating
16920,United Kingdom,411,1,355.45,5,1,2,2.6666666666666665,1,81,15.45,0,1,2,Hibernating
12996,United Kingdom,375,1,355.5,4,1,2,2.3333333333333335,1,122,16.16,0,1,2,Hibernating
12617,France,29,1,355.53,2,1,2,1.6666666666666667,1,213,8.46,0,0,0,Loyal Regulars
15840,United Kingdom,58,2,355.56,2,2,2,2.0,2,396,13.17,114,0,0,Loyal Regulars
17200,United Kingdom,387,4,356.71,4,3,2,3.0,4,367,14.27,265,1,2,Hibernating
14500,United Kingdom,88,3,356.85,3,3,2,2.6666666666666665,3,117,50.98,101,0,0,Loyal Regulars
13234,United Kingdom,672,2,356.95,5,2,2,3.0,2,162,5.67,60,1,2,Hibernating
18273,United Kingdom,2,4,357.0,1,4,2,2.3333333333333335,4,140,89.25,588,0,0,Loyal Regulars
18040,United Kingdom,19,2,357.2,1,3,2,2.0,2,148,18.8,226,0,0,Loyal Regulars
16971,United Kingdom,38,1,357.21,2,1,2,1.6666666666666667,1,72,8.71,0,0,0,Loyal Regulars
17967,United Kingdom,371,2,357.29,4,2,2,2.6666666666666665,2,198,3.11,45,1,2,Hibernating
12495,Sweden,640,1,357.4,5,2,2,3.0,1,130,21.02,0,1,2,Hibernating
15595,United Kingdom,487,1,357.6,5,1,2,2.6666666666666665,1,144,89.4,0,1,2,Hibernating
16606,United Kingdom,404,2,357.66,4,2,2,2.6666666666666665,2,148,16.26,30,1,2,Hibernating
13228,United Kingdom,81,1,358.0,3,1,2,2.0,1,200,179.0,0,0,0,Loyal Regulars
17748,United Kingdom,527,1,358.15,5,2,2,3.0,1,111,21.07,0,1,2,Hibernating
16856,United Kingdom,14,3,358.49,1,3,2,2.0,3,171,18.87,428,0,0,Loyal Regulars
17948,United Kingdom,147,1,358.56,3,1,2,2.0,1,144,358.56,0,1,0,Loyal Regulars
18003,United Kingdom,376,1,358.61,4,1,2,2.3333333333333335,1,299,14.34,0,1,2,Hibernating
15863,United Kingdom,25,5,358.7,2,4,2,2.6666666666666665,5,164,4.54,697,0,0,Loyal Regulars
15120,United Kingdom,133,1,358.82,3,1,2,2.0,1,296,17.09,0,1,0,Loyal Regulars
14919,United Kingdom,539,1,359.35,5,2,2,3.0,1,129,27.64,0,1,2,Hibernating
14926,United Kingdom,381,2,359.4,4,2,2,2.6666666666666665,2,204,119.8,217,1,2,Hibernating
17660,United Kingdom,141,2,359.47,3,2,2,2.3333333333333335,2,268,4.04,596,1,0,Loyal Regulars
13181,United Kingdom,381,1,359.69,4,1,2,2.3333333333333335,1,171,18.93,0,1,2,Hibernating
13298,United Kingdom,1,1,360.0,1,1,2,1.3333333333333333,1,96,180.0,0,0,0,Loyal Regulars
15008,United Kingdom,480,2,360.0,5,2,2,3.0,2,1500,30.0,157,1,2,Hibernating
18208,United Kingdom,565,1,360.08,5,2,2,3.0,1,82,21.18,0,1,2,Hibernating
17945,United Kingdom,696,3,360.35,5,3,2,3.3333333333333335,3,244,5.0,0,1,2,Hibernating
18091,United Kingdom,593,1,360.85,5,2,2,3.0,1,539,14.43,0,1,2,Hibernating
13274,United Kingdom,409,1,360.85,4,1,2,2.3333333333333335,1,199,18.99,0,1,2,Hibernating
16305,United Kingdom,138,1,361.22,3,1,2,2.0,1,256,16.42,0,1,0,Loyal Regulars
13844,United Kingdom,11,1,361.62,1,1,2,1.3333333333333333,1,196,18.08,0,0,0,Loyal Regulars
16259,United Kingdom,410,3,361.94,5,3,2,3.3333333333333335,3,162,3.89,195,1,2,Hibernating
16052,United Kingdom,54,1,362.06,2,1,2,1.6666666666666667,1,282,10.65,0,0,0,Loyal Regulars
18119,United Kingdom,367,1,362.24,4,1,2,2.3333333333333335,1,250,6.04,0,1,2,Hibernating
17339,United Kingdom,94,3,362.36,3,3,2,2.6666666666666665,3,188,25.88,415,1,0,Loyal Regulars
14122,United Kingdom,406,3,362.42,4,3,2,3.0,3,114,27.88,331,1,2,Hibernating
14840,United Kingdom,267,2,362.71,4,2,2,2.6666666666666665,2,179,16.49,272,1,2,Hibernating
13962,United Kingdom,21,3,362.8,2,3,2,2.3333333333333335,3,160,15.77,414,0,0,Loyal Regulars
16378,United Kingdom,247,3,362.95,4,3,2,3.0,3,267,15.78,63,1,0,Loyal Regulars
16078,United Kingdom,283,2,362.99,4,2,2,2.6666666666666665,2,200,9.31,386,1,2,Hibernating
14253,United Kingdom,493,2,363.4,5,2,2,3.0,2,88,30.28,130,1,2,Hibernating
16509,United Kingdom,296,1,363.7,4,1,2,2.3333333333333335,1,64,27.98,0,1,2,Hibernating
14528,United Kingdom,37,1,364.22,2,1,2,1.6666666666666667,1,278,20.23,0,0,0,Loyal Regulars
15343,United Kingdom,87,1,364.5,3,1,2,2.0,1,84,17.36,0,0,0,Loyal Regulars
15949,United Kingdom,16,2,364.72,1,3,2,2.0,2,284,19.2,55,0,0,Loyal Regulars
14886,United Kingdom,252,1,364.8,4,1,2,2.3333333333333335,1,160,20.27,0,1,2,Hibernating
17536,United Kingdom,177,3,364.83,3,3,2,2.6666666666666665,3,201,22.8,505,1,0,Loyal Regulars
15029,United Kingdom,619,1,365.1,5,2,2,3.0,1,234,36.51,0,1,2,Hibernating
16974,United Kingdom,522,2,365.5,5,2,2,3.0,2,70,45.69,42,1,2,Hibernating
17911,United Kingdom,9,1,366.23,1,1,2,1.3333333333333333,1,223,9.39,0,0,0,Loyal Regulars
12899,United Kingdom,413,1,366.4,5,1,2,2.6666666666666665,1,108,21.55,0,1,2,Hibernating
14244,United Kingdom,660,1,366.42,5,2,2,3.0,1,814,22.9,0,1,2,Hibernating
14962,United Kingdom,270,4,366.91,4,3,2,3.0,4,123,26.21,314,1,2,Hibernating
13187,United Kingdom,337,4,367.01,4,3,2,3.0,4,375,5.73,287,1,2,Hibernating
14018,United Kingdom,645,1,367.15,5,2,2,3.0,1,224,28.24,0,1,2,Hibernating
16448,United Kingdom,198,2,367.87,4,2,2,2.6666666666666665,2,179,7.07,273,1,0,Loyal Regulars
15477,United Kingdom,649,1,368.4,5,2,2,3.0,1,216,184.2,0,1,2,Hibernating
14888,United Kingdom,207,1,369.2,4,1,2,2.3333333333333335,1,184,18.46,0,1,0,Loyal Regulars
16758,United Kingdom,65,1,369.34,3,1,2,2.0,1,203,16.79,0,0,0,Loyal Regulars
17792,United Kingdom,467,2,370.05,5,2,2,3.0,2,151,6.98,11,1,2,Hibernating
15458,United Kingdom,25,2,370.44,2,3,2,2.3333333333333335,2,300,28.5,377,0,0,Loyal Regulars
14168,United Kingdom,420,2,370.45,5,2,2,3.0,2,147,24.7,144,1,2,Hibernating
15765,United Kingdom,666,1,370.63,5,2,2,3.0,1,335,14.83,0,1,2,Hibernating
15063,United Kingdom,213,1,370.8,4,1,2,2.3333333333333335,1,56,74.16,0,1,0,Loyal Regulars
15975,United Kingdom,84,1,371.01,3,1,2,2.0,1,243,15.46,0,0,0,Loyal Regulars
14950,United Kingdom,19,1,371.2,2,1,2,1.6666666666666667,1,136,19.54,0,0,0,Loyal Regulars
15472,United Kingdom,113,1,371.56,3,1,2,2.0,1,251,4.89,0,1,0,Loyal Regulars
18155,United Kingdom,75,3,371.62,3,3,2,2.6666666666666665,3,266,14.86,216,0,0,Loyal Regulars
17245,United Kingdom,204,2,371.63,4,2,2,2.6666666666666665,2,307,14.87,485,1,0,Loyal Regulars
13164,United Kingdom,569,2,372.2,5,2,2,3.0,2,120,37.22,98,1,2,Hibernating
12981,United Kingdom,29,2,372.22,2,3,2,2.3333333333333335,2,242,18.61,104,0,0,Loyal Regulars
15989,United Kingdom,375,2,372.51,4,2,2,2.6666666666666665,2,171,4.23,362,1,2,Hibernating
12544,Spain,36,1,372.7,2,1,2,1.6666666666666667,1,136,19.62,0,0,0,Loyal Regulars
12895,United Kingdom,42,2,372.8,2,3,2,2.3333333333333335,2,210,16.95,44,0,0,Loyal Regulars
14981,United Kingdom,246,2,372.92,4,2,2,2.6666666666666665,2,241,16.95,177,1,0,Loyal Regulars
13197,United Kingdom,609,1,373.01,5,2,2,3.0,1,204,19.63,0,1,2,Hibernating
15337,United Kingdom,411,1,373.02,5,1,2,2.6666666666666665,1,200,17.76,0,1,2,Hibernating
17437,United Kingdom,529,1,373.17,5,2,2,3.0,1,284,7.04,0,1,2,Hibernating
13283,United Kingdom,59,4,373.36,3,4,2,3.0,4,204,18.67,581,0,0,Loyal Regulars
13351,United Kingdom,66,1,373.94,3,1,2,2.0,1,117,23.37,0,0,0,Loyal Regulars
13545,United Kingdom,390,2,374.64,4,2,2,2.6666666666666665,2,257,6.57,154,1,2,Hibernating
14067,United Kingdom,63,2,374.7,3,2,2,2.3333333333333335,2,361,7.21,33,0,0,Loyal Regulars
17810,United Kingdom,668,2,374.81,5,2,2,3.0,2,119,6.69,15,1,2,Hibernating
14294,United Kingdom,407,1,375.34,4,1,2,2.3333333333333335,1,190,16.32,0,1,2,Hibernating
14448,United Kingdom,9,2,375.35,1,3,2,2.0,2,104,18.77,355,0,0,Loyal Regulars
17912,United Kingdom,310,6,375.5,4,4,2,3.3333333333333335,6,216,7.22,65,1,2,Hibernating
13688,United Kingdom,635,1,375.5,5,2,2,3.0,1,130,75.1,0,1,2,Hibernating
14531,United Kingdom,479,1,376.34,5,1,2,2.6666666666666665,1,260,12.98,0,1,2,Hibernating
14353,United Kingdom,215,3,376.5,4,3,2,3.0,3,344,15.06,216,1,0,Loyal Regulars
17489,United Kingdom,58,2,376.64,2,2,2,2.0,2,428,12.99,154,0,0,Loyal Regulars
16544,United Kingdom,519,4,376.7,5,3,2,3.3333333333333335,4,150,34.25,143,1,2,Hibernating
17717,United Kingdom,421,1,376.92,5,1,2,2.6666666666666665,1,344,14.5,0,1,2,Hibernating
17736,United Kingdom,9,3,377.44,1,3,2,2.0,3,238,15.1,104,0,0,Loyal Regulars
12941,United Kingdom,724,1,377.49,5,2,2,3.0,1,381,13.98,0,1,2,Hibernating
12651,France,334,4,377.75,4,3,2,3.0,4,265,12.59,131,1,2,Hibernating
17078,United Kingdom,36,2,378.2,2,3,2,2.3333333333333335,2,788,13.51,0,0,0,Loyal Regulars
13372,United Kingdom,89,1,378.64,3,1,2,2.0,1,159,16.46,0,0,0,Loyal Regulars
16909,United Kingdom,72,1,379.14,3,1,2,2.0,1,436,21.06,0,0,0,Loyal Regulars
18162,United Kingdom,732,1,379.16,5,2,2,3.0,1,335,8.07,0,1,2,Hibernating
14200,United Kingdom,617,1,379.2,5,2,2,3.0,1,140,18.06,0,1,2,Hibernating
17783,United Kingdom,72,3,379.91,3,3,2,2.6666666666666665,3,439,4.13,440,0,0,Loyal Regulars
16577,United Kingdom,666,1,380.0,5,2,2,3.0,1,142,16.52,0,1,2,Hibernating
14731,United Kingdom,47,3,380.02,2,3,2,2.3333333333333335,3,256,8.44,165,0,0,Loyal Regulars
16930,United Kingdom,26,3,380.55,2,3,2,2.3333333333333335,3,341,7.05,42,0,0,Loyal Regulars
17573,United Kingdom,29,3,380.6,2,3,2,2.3333333333333335,3,308,15.22,64,0,0,Loyal Regulars
12796,Netherlands,628,1,381.0,5,2,2,3.0,1,182,54.43,0,1,2,Hibernating
12394,Belgium,217,1,381.08,4,1,2,2.3333333333333335,1,182,18.15,0,1,0,Loyal Regulars
12394,Belgium,217,1,381.08,4,1,2,2.3333333333333335,1,637,148.57,0,1,0,Loyal Regulars
17903,United Kingdom,394,1,381.09,4,1,2,2.3333333333333335,1,142,8.47,0,1,2,Hibernating
17393,United Kingdom,410,2,381.15,4,2,2,2.6666666666666665,2,238,7.94,78,1,2,Hibernating
15090,United Kingdom,308,1,381.32,4,1,2,2.3333333333333335,1,208,16.58,0,1,2,Hibernating
16304,United Kingdom,694,1,381.66,5,2,2,3.0,1,228,15.27,0,1,2,Hibernating
14908,United Kingdom,74,2,381.9,3,2,2,2.3333333333333335,2,182,27.28,389,0,0,Loyal Regulars
13657,United Kingdom,10,2,382.14,1,3,2,2.0,2,209,23.88,191,0,0,Loyal Regulars
13997,United Kingdom,519,3,382.31,5,3,2,3.3333333333333335,3,146,8.31,31,1,2,Hibernating
16988,United Kingdom,5,2,382.67,1,3,2,2.0,2,158,19.13,374,0,0,Loyal Regulars
17568,United Kingdom,633,1,382.79,5,2,2,3.0,1,283,5.89,0,1,2,Hibernating
14767,United Kingdom,474,1,382.81,5,1,2,2.6666666666666665,1,117,21.27,0,1,2,Hibernating
13817,Germany,29,2,382.98,2,3,2,2.3333333333333335,2,211,15.96,322,0,0,Loyal Regulars
12832,United Kingdom,32,2,383.03,2,3,2,2.3333333333333335,2,195,14.19,66,0,0,Loyal Regulars
12547,Spain,197,3,383.58,4,3,2,3.0,3,309,18.27,303,1,0,Loyal Regulars
15440,United Kingdom,54,3,383.68,2,3,2,2.3333333333333335,3,197,6.19,154,0,0,Loyal Regulars
12515,Italy,353,1,383.7,4,1,2,2.3333333333333335,1,131,23.98,0,1,2,Hibernating
13792,United Kingdom,66,3,383.95,3,3,2,2.6666666666666665,3,156,16.69,356,0,0,Loyal Regulars
15155,United Kingdom,383,1,383.97,4,1,2,2.3333333333333335,1,192,16.0,0,1,2,Hibernating
14598,United Kingdom,44,2,384.04,2,2,2,2.0,2,354,4.27,525,0,0,Loyal Regulars
16982,United Kingdom,60,1,384.06,3,1,2,2.0,1,182,17.46,0,0,0,Loyal Regulars
17012,United Kingdom,725,1,384.16,5,2,2,3.0,1,268,9.15,0,1,2,Hibernating
16433,United Kingdom,28,2,384.52,2,3,2,2.3333333333333335,2,214,11.31,380,0,0,Loyal Regulars
17250,United Kingdom,3,2,384.52,1,3,2,2.0,2,168,6.75,258,0,0,Loyal Regulars
17171,United Kingdom,289,2,384.59,4,2,2,2.6666666666666665,2,225,15.38,372,1,2,Hibernating
17772,United Kingdom,10,3,384.77,1,3,2,2.0,3,122,3.66,382,0,0,Loyal Regulars
17711,United Kingdom,10,2,385.1,1,3,2,2.0,2,246,16.74,279,0,0,Loyal Regulars
14826,United Kingdom,581,2,385.2,5,2,2,3.0,2,152,38.52,114,1,2,Hibernating
17804,United Kingdom,376,3,385.23,4,3,2,3.0,3,195,4.19,362,1,2,Hibernating
12829,United Kingdom,336,3,385.3,4,3,2,3.0,3,550,20.28,214,1,2,Hibernating
12889,United Kingdom,381,4,385.46,4,3,2,3.0,4,124,15.42,121,1,2,Hibernating
12973,United Kingdom,413,1,385.55,5,1,2,2.6666666666666665,1,31,64.26,0,1,2,Hibernating
16492,United Kingdom,540,1,385.56,5,2,2,3.0,1,235,16.76,0,1,2,Hibernating
14779,United Kingdom,280,3,386.15,4,3,2,3.0,3,84,9.42,43,1,2,Hibernating
16148,United Kingdom,296,2,386.62,4,2,2,2.6666666666666665,2,250,42.96,140,1,2,Hibernating
17771,United Kingdom,56,4,387.41,2,4,2,2.6666666666666665,4,373,5.61,533,0,0,Loyal Regulars
17357,United Kingdom,24,2,388.14,2,3,2,2.3333333333333335,2,153,8.63,0,0,0,Loyal Regulars
13899,United Kingdom,16,2,388.52,1,3,2,2.0,2,156,20.45,258,0,0,Loyal Regulars
13896,United Kingdom,625,1,388.55,5,2,2,3.0,1,149,18.5,0,1,2,Hibernating
15592,United Kingdom,46,1,388.58,2,1,2,1.6666666666666667,1,354,16.19,0,0,0,Loyal Regulars
18227,United Kingdom,217,2,388.75,4,2,2,2.6666666666666665,2,22,64.79,267,1,0,Loyal Regulars
17595,United Kingdom,12,2,388.79,1,3,2,2.0,2,229,4.68,25,0,0,Loyal Regulars
12690,France,205,1,389.01,4,1,2,2.3333333333333335,1,106,24.31,0,1,0,Loyal Regulars
17479,United Kingdom,632,1,389.26,5,2,2,3.0,1,266,21.63,0,1,2,Hibernating
13345,United Kingdom,287,1,389.5,4,1,2,2.3333333333333335,1,141,19.48,0,1,2,Hibernating
14752,United Kingdom,43,1,389.64,2,1,2,1.6666666666666667,1,260,77.93,0,0,0,Loyal Regulars
17116,United Kingdom,648,1,389.78,5,2,2,3.0,1,392,8.29,0,1,2,Hibernating
18024,United Kingdom,152,2,389.78,3,2,2,2.3333333333333335,2,184,18.56,0,1,0,Loyal Regulars
17936,United Kingdom,5,1,389.84,1,1,2,1.3333333333333333,1,262,5.06,0,0,0,Loyal Regulars
14197,United Kingdom,410,1,390.05,5,1,2,2.6666666666666665,1,143,19.5,0,1,2,Hibernating
17614,United Kingdom,57,1,390.07,2,1,2,1.6666666666666667,1,238,3.9,0,0,0,Loyal Regulars
17753,United Kingdom,464,4,390.56,5,3,2,3.3333333333333335,4,128,5.42,238,1,2,Hibernating
14706,United Kingdom,618,1,390.69,5,2,2,3.0,1,263,13.95,0,1,2,Hibernating
14072,United Kingdom,666,1,390.85,5,2,2,3.0,1,65,20.57,0,1,2,Hibernating
13966,United Kingdom,435,1,390.86,5,1,2,2.6666666666666665,1,772,17.77,0,1,2,Hibernating
16783,United Kingdom,436,1,391.95,5,1,2,2.6666666666666665,1,163,15.68,0,1,2,Hibernating
16827,United Kingdom,393,5,392.13,4,4,2,3.3333333333333335,5,125,32.68,196,1,2,Hibernating
17563,United Kingdom,578,2,392.38,5,2,2,3.0,2,256,13.53,33,1,2,Hibernating
13584,United Kingdom,306,3,392.45,4,3,2,3.0,3,363,4.73,369,1,2,Hibernating
12457,Cyprus,66,2,392.7,3,2,2,2.3333333333333335,2,66,196.35,15,0,0,Loyal Regulars
12457,Cyprus,66,2,392.7,3,2,2,2.3333333333333335,6,1028,31.75,350,0,0,Loyal Regulars
16868,United Kingdom,394,3,393.39,4,3,2,3.0,3,116,7.28,199,1,2,Hibernating
15437,United Kingdom,262,2,393.45,4,2,2,2.6666666666666665,2,177,6.9,378,1,2,Hibernating
15345,United Kingdom,45,1,393.54,2,1,2,1.6666666666666667,1,81,19.68,0,0,0,Loyal Regulars
17300,United Kingdom,390,2,393.64,4,2,2,2.6666666666666665,2,467,8.95,91,1,2,Hibernating
12499,Germany,560,1,393.72,5,2,2,3.0,1,302,14.58,0,1,2,Hibernating
15386,United Kingdom,186,1,394.14,3,1,2,2.0,1,446,12.71,0,1,0,Loyal Regulars
16207,United Kingdom,25,1,394.38,2,1,2,1.6666666666666667,1,140,20.76,0,0,0,Loyal Regulars
12677,France,555,2,395.1,5,2,2,3.0,2,176,18.81,111,1,2,Hibernating
17617,United Kingdom,558,1,395.33,5,2,2,3.0,1,255,20.81,0,1,2,Hibernating
13083,United Kingdom,4,3,395.43,1,3,2,2.0,3,307,17.97,421,0,0,Loyal Regulars
17286,United Kingdom,21,3,395.48,2,3,2,2.3333333333333335,3,371,4.25,379,0,0,Loyal Regulars
13879,United Kingdom,645,1,395.5,5,2,2,3.0,1,204,15.82,0,1,2,Hibernating
18067,United Kingdom,40,1,396.33,2,1,2,1.6666666666666667,1,189,10.71,0,0,0,Loyal Regulars
17918,United Kingdom,500,3,396.39,5,3,2,3.3333333333333335,3,352,9.91,5,1,2,Hibernating
15883,United Kingdom,2,2,396.48,1,3,2,2.0,2,223,8.09,31,0,0,Loyal Regulars
13597,United Kingdom,400,2,396.71,4,2,2,2.6666666666666665,2,231,23.34,2,1,2,Hibernating
17486,United Kingdom,261,1,396.87,4,1,2,2.3333333333333335,1,191,16.54,0,1,2,Hibernating
13673,United Kingdom,18,2,396.92,1,3,2,2.0,2,119,6.11,14,0,0,Loyal Regulars
12824,United Kingdom,59,1,397.12,3,1,2,2.0,1,232,15.88,0,0,0,Loyal Regulars
17789,United Kingdom,281,2,397.15,4,2,2,2.6666666666666665,2,199,13.69,380,1,2,Hibernating
15429,United Kingdom,26,2,397.35,2,3,2,2.3333333333333335,2,380,4.85,49,0,0,Loyal Regulars
15577,United Kingdom,151,5,397.98,3,4,2,3.0,5,121,6.63,575,1,0,Loyal Regulars
13352,United Kingdom,60,1,397.98,3,1,2,2.0,1,321,16.58,0,0,0,Loyal Regulars
12508,France,26,2,398.27,2,3,2,2.3333333333333335,2,272,5.77,3,0,0,Loyal Regulars
17830,United Kingdom,1,3,398.7,1,3,2,2.0,3,92,17.33,287,0,0,Loyal Regulars
15522,United Kingdom,32,2,398.84,2,3,2,2.3333333333333335,2,573,7.0,55,0,0,Loyal Regulars
13252,United Kingdom,394,2,399.3,4,2,2,2.6666666666666665,2,134,21.02,231,1,2,Hibernating
16538,United Kingdom,541,3,399.62,5,3,2,3.3333333333333335,3,257,9.29,54,1,2,Hibernating
18164,United Kingdom,37,1,399.65,2,1,2,1.6666666666666667,1,184,16.65,0,0,0,Loyal Regulars
14358,United Kingdom,389,2,400.06,4,2,2,2.6666666666666665,2,338,16.0,39,1,2,Hibernating
17168,United Kingdom,498,1,400.2,5,1,2,2.6666666666666665,1,220,19.06,0,1,2,Hibernating
17403,United Kingdom,36,2,400.57,2,3,2,2.3333333333333335,2,194,8.71,414,0,0,Loyal Regulars
14471,United Kingdom,591,2,400.95,5,2,2,3.0,2,187,9.78,141,1,2,Hibernating
14736,United Kingdom,485,2,401.08,5,2,2,3.0,2,164,4.01,0,1,2,Hibernating
14494,United Kingdom,25,3,401.46,2,3,2,2.3333333333333335,3,210,23.62,706,0,0,Loyal Regulars
18048,United Kingdom,203,3,401.73,4,3,2,3.0,3,258,6.59,290,1,0,Loyal Regulars
16893,United Kingdom,366,2,401.77,4,2,2,2.6666666666666665,2,182,2.98,10,1,2,Hibernating
16998,United Kingdom,149,5,402.0,3,4,2,3.0,5,104,67.0,295,1,0,Loyal Regulars
17094,United Kingdom,322,2,402.2,4,2,2,2.6666666666666665,2,212,22.34,101,1,2,Hibernating
15501,United Kingdom,404,2,402.5,4,2,2,2.6666666666666665,2,206,5.75,11,1,2,Hibernating
15037,United Kingdom,376,2,402.51,4,2,2,2.6666666666666665,2,301,8.39,0,1,2,Hibernating
16315,United Kingdom,330,2,402.71,4,2,2,2.6666666666666665,2,143,17.51,206,1,2,Hibernating
14172,United Kingdom,605,3,402.72,5,3,2,3.3333333333333335,3,88,7.46,37,1,2,Hibernating
13530,United Kingdom,634,1,402.98,5,2,2,3.0,1,272,22.39,0,1,2,Hibernating
17431,United Kingdom,313,1,403.3,4,1,2,2.3333333333333335,1,292,9.38,0,1,2,Hibernating
17785,United Kingdom,53,3,403.38,2,3,2,2.3333333333333335,3,227,7.91,512,0,0,Loyal Regulars
14678,United Kingdom,579,1,403.39,5,2,2,3.0,1,179,16.81,0,1,2,Hibernating
12498,Germany,21,3,403.7,2,3,2,2.3333333333333335,3,159,17.55,36,0,0,Loyal Regulars
16484,United Kingdom,173,2,404.3,3,2,2,2.3333333333333335,2,200,16.17,17,1,0,Loyal Regulars
16319,United Kingdom,217,1,404.4,4,1,2,2.3333333333333335,1,72,134.8,0,1,0,Loyal Regulars
17379,United Kingdom,11,1,404.66,1,1,2,1.3333333333333333,1,663,4.88,0,0,0,Loyal Regulars
15941,United Kingdom,637,1,405.0,5,2,2,3.0,1,60,67.5,0,1,2,Hibernating
13640,United Kingdom,611,1,405.0,5,2,2,3.0,1,108,101.25,0,1,2,Hibernating
13143,United Kingdom,584,1,405.1,5,2,2,3.0,1,198,17.61,0,1,2,Hibernating
12922,United Kingdom,161,1,405.38,3,1,2,2.0,1,370,14.48,0,1,0,Loyal Regulars
18111,United Kingdom,589,1,405.85,5,2,2,3.0,1,232,15.03,0,1,2,Hibernating
12741,USA,529,2,406.07,5,2,2,3.0,2,214,25.38,4,1,2,Hibernating
15342,United Kingdom,129,1,406.09,3,1,2,2.0,1,283,16.92,0,1,0,Loyal Regulars
15280,United Kingdom,172,3,406.22,3,3,2,2.6666666666666665,3,513,6.66,399,1,0,Loyal Regulars
17000,United Kingdom,396,2,406.3,4,2,2,2.6666666666666665,2,305,13.54,12,1,2,Hibernating
16632,United Kingdom,485,2,406.4,5,2,2,3.0,2,256,15.05,96,1,2,Hibernating
12353,Bahrain,204,2,406.76,4,2,2,2.6666666666666665,2,212,16.95,204,1,0,Loyal Regulars
15446,United Kingdom,376,3,406.95,4,3,2,3.0,3,267,3.57,350,1,2,Hibernating
12974,United Kingdom,197,2,408.95,4,2,2,2.6666666666666665,2,104,12.78,368,1,0,Loyal Regulars
13686,United Kingdom,182,3,409.04,3,3,2,2.6666666666666665,3,378,12.03,219,1,0,Loyal Regulars
16243,United Kingdom,33,2,409.1,2,3,2,2.3333333333333335,2,110,8.02,21,0,0,Loyal Regulars
16864,United Kingdom,434,2,409.25,5,2,2,3.0,2,283,24.07,164,1,2,Hibernating
15225,United Kingdom,234,1,409.4,4,1,2,2.3333333333333335,1,226,17.8,0,1,0,Loyal Regulars
14348,United Kingdom,260,1,409.57,4,1,2,2.3333333333333335,1,183,22.75,0,1,2,Hibernating
17598,United Kingdom,381,1,409.98,4,1,2,2.3333333333333335,1,126,41.0,0,1,2,Hibernating
15099,United Kingdom,84,1,410.48,3,1,2,2.0,1,343,17.85,0,0,0,Loyal Regulars
15960,United Kingdom,374,4,410.95,4,3,2,3.0,4,258,15.81,61,1,2,Hibernating
16815,United Kingdom,453,2,410.97,5,2,2,3.0,2,238,5.55,83,1,2,Hibernating
16272,United Kingdom,116,1,411.7,3,1,2,2.0,1,224,16.47,0,1,0,Loyal Regulars
13827,United Kingdom,57,3,412.05,2,3,2,2.3333333333333335,3,141,4.43,86,0,0,Loyal Regulars
18050,United Kingdom,359,2,412.06,4,2,2,2.6666666666666665,2,250,17.92,34,1,2,Hibernating
14620,United Kingdom,205,2,412.78,4,2,2,2.6666666666666665,2,214,15.88,78,1,0,Loyal Regulars
17662,United Kingdom,661,2,412.92,5,2,2,3.0,2,184,27.53,61,1,2,Hibernating
17767,United Kingdom,15,2,413.05,1,3,2,2.0,2,198,10.59,395,0,0,Loyal Regulars
14082,United Kingdom,364,2,413.36,4,2,2,2.6666666666666665,2,246,6.36,28,1,2,Hibernating
13669,United Kingdom,50,3,413.55,2,3,2,2.3333333333333335,3,393,29.54,357,0,0,Loyal Regulars
17052,United Kingdom,28,1,413.75,2,1,2,1.6666666666666667,1,261,4.5,0,0,0,Loyal Regulars
13002,United Kingdom,318,3,414.13,4,3,2,3.0,3,201,18.01,116,1,2,Hibernating
18278,United Kingdom,73,2,414.2,3,2,2,2.3333333333333335,2,140,17.26,331,0,0,Loyal Regulars
13565,United Kingdom,19,3,414.8,2,3,2,2.3333333333333335,3,260,6.91,392,0,0,Loyal Regulars
16752,United Kingdom,372,1,415.0,4,1,2,2.3333333333333335,1,108,23.06,0,1,2,Hibernating
14333,United Kingdom,67,1,415.2,3,1,2,2.0,1,58,27.68,0,0,0,Loyal Regulars
15725,United Kingdom,15,1,415.25,1,1,2,1.3333333333333333,1,221,12.98,0,0,0,Loyal Regulars
12608,United Kingdom,404,1,415.79,4,1,2,2.3333333333333335,1,323,25.99,0,1,2,Hibernating
12930,United Kingdom,78,2,415.8,3,2,2,2.3333333333333335,2,252,16.63,93,0,0,Loyal Regulars
16356,United Kingdom,197,6,415.87,4,4,2,3.3333333333333335,6,190,7.05,354,1,0,Loyal Regulars
16355,United Kingdom,375,1,416.35,4,1,2,2.3333333333333335,1,179,8.67,0,1,2,Hibernating
15011,United Kingdom,395,2,416.6,4,2,2,2.6666666666666665,2,289,20.83,21,1,2,Hibernating
16957,United Kingdom,239,2,416.64,4,2,2,2.6666666666666665,2,172,26.04,42,1,0,Loyal Regulars
15935,United Kingdom,239,2,416.86,4,2,2,2.6666666666666665,2,115,34.74,2,1,0,Loyal Regulars
16816,United Kingdom,103,4,417.06,3,3,2,2.6666666666666665,4,274,14.89,255,1,0,Loyal Regulars
17258,United Kingdom,396,2,417.3,4,2,2,2.6666666666666665,2,188,7.59,269,1,2,Hibernating
12833,United Kingdom,145,1,417.38,3,1,2,2.0,1,156,17.39,0,1,0,Loyal Regulars
14762,United Kingdom,263,2,417.57,4,2,2,2.6666666666666665,2,428,13.92,363,1,2,Hibernating
16832,United Kingdom,184,5,417.61,3,4,2,3.0,5,179,19.89,274,1,0,Loyal Regulars
16629,United Kingdom,73,2,417.73,3,2,2,2.3333333333333335,2,493,6.53,23,0,0,Loyal Regulars
17855,United Kingdom,372,1,417.94,4,1,2,2.3333333333333335,1,394,12.29,0,1,2,Hibernating
17701,United Kingdom,252,1,417.95,4,1,2,2.3333333333333335,1,109,17.41,0,1,2,Hibernating
15968,United Kingdom,388,1,418.05,4,1,2,2.3333333333333335,1,253,4.92,0,1,2,Hibernating
13073,United Kingdom,411,2,418.08,5,2,2,3.0,2,261,15.48,26,1,2,Hibernating
12593,France,108,3,418.1,3,3,2,2.6666666666666665,3,206,19.91,110,1,0,Loyal Regulars
15262,United Kingdom,323,3,418.82,4,3,2,3.0,3,218,16.11,165,1,2,Hibernating
13079,United Kingdom,4,6,419.18,1,4,2,2.3333333333333335,6,158,24.66,413,0,0,Loyal Regulars
14124,United Kingdom,84,1,419.58,3,1,2,2.0,1,1618,83.92,0,0,0,Loyal Regulars
13096,United Kingdom,394,1,419.7,4,1,2,2.3333333333333335,1,6,419.7,0,1,2,Hibernating
13442,United Kingdom,667,3,419.87,5,3,2,3.3333333333333335,3,115,11.05,71,1,2,Hibernating
13672,United Kingdom,301,3,419.92,4,3,2,3.0,3,138,23.33,429,1,2,Hibernating
18128,United Kingdom,537,1,420.04,5,2,2,3.0,1,221,9.33,0,1,2,Hibernating
15711,United Kingdom,556,2,420.25,5,2,2,3.0,2,199,16.81,128,1,2,Hibernating
15894,United Kingdom,253,2,420.29,4,2,2,2.6666666666666665,2,283,5.32,116,1,0,Loyal Regulars
15206,United Kingdom,10,4,420.3,1,4,2,2.3333333333333335,4,162,46.7,265,0,0,Loyal Regulars
14757,United Kingdom,75,1,420.5,3,1,2,2.0,1,160,22.13,0,0,0,Loyal Regulars
16773,United Kingdom,57,3,421.24,2,3,2,2.3333333333333335,3,252,6.48,676,0,0,Loyal Regulars
13574,United Kingdom,411,1,421.25,5,1,2,2.6666666666666665,1,316,4.09,0,1,2,Hibernating
17601,United Kingdom,239,2,421.48,4,2,2,2.6666666666666665,2,299,5.55,141,1,0,Loyal Regulars
17232,United Kingdom,2,2,421.52,1,3,2,2.0,2,203,11.71,12,0,0,Loyal Regulars
16149,United Kingdom,4,3,422.22,1,3,2,2.0,3,598,14.07,425,0,0,Loyal Regulars
18240,United Kingdom,46,1,422.58,2,1,2,1.6666666666666667,1,126,70.43,0,0,0,Loyal Regulars
16689,United Kingdom,75,2,422.6,3,2,2,2.3333333333333335,2,330,32.51,7,0,0,Loyal Regulars
16137,United Kingdom,680,1,422.7,5,2,2,3.0,1,210,15.1,0,1,2,Hibernating
13374,United Kingdom,414,2,422.8,5,2,2,3.0,2,135,24.87,35,1,2,Hibernating
14097,United Kingdom,481,2,422.86,5,2,2,3.0,2,352,10.57,164,1,2,Hibernating
17330,United Kingdom,22,4,423.8,2,4,2,2.6666666666666665,4,122,52.98,625,0,0,Loyal Regulars
15504,United Kingdom,81,4,423.85,3,3,2,2.6666666666666665,4,148,6.14,584,0,0,Loyal Regulars
16913,United Kingdom,290,3,423.91,4,3,2,3.0,3,229,23.55,361,1,2,Hibernating
16541,United Kingdom,735,1,424.03,5,2,2,3.0,1,173,11.16,0,1,2,Hibernating
17103,United Kingdom,722,1,424.3,5,2,2,3.0,1,471,13.26,0,1,2,Hibernating
13703,United Kingdom,318,2,425.56,4,2,2,2.6666666666666665,2,128,11.5,97,1,2,Hibernating
15217,United Kingdom,563,1,426.24,5,2,2,3.0,1,190,15.22,0,1,2,Hibernating
15966,United Kingdom,450,1,426.53,5,1,2,2.6666666666666665,1,275,15.8,0,1,2,Hibernating
14288,United Kingdom,213,1,426.6,4,1,2,2.3333333333333335,1,188,26.66,0,1,0,Loyal Regulars
15930,United Kingdom,67,1,426.63,3,1,2,2.0,1,139,20.32,0,0,0,Loyal Regulars
18152,United Kingdom,646,1,426.69,5,2,2,3.0,1,75,42.67,0,1,2,Hibernating
17740,United Kingdom,389,6,426.9,4,4,2,3.3333333333333335,6,222,47.43,308,1,2,Hibernating
18285,United Kingdom,660,1,427.0,5,2,2,3.0,1,145,35.58,0,1,2,Hibernating
12740,France,63,1,427.6,3,1,2,2.0,1,342,15.84,0,0,0,Loyal Regulars
15360,United Kingdom,39,1,427.93,2,1,2,1.6666666666666667,1,223,32.92,0,0,0,Loyal Regulars
15545,United Kingdom,54,2,428.05,2,2,2,2.0,2,238,3.82,317,0,0,Loyal Regulars
17285,United Kingdom,628,2,428.34,5,2,2,3.0,2,140,8.74,35,1,2,Hibernating
18089,United Kingdom,446,1,428.45,5,1,2,2.6666666666666665,1,95,42.85,0,1,2,Hibernating
16324,United Kingdom,128,3,428.68,3,3,2,2.6666666666666665,3,282,3.63,49,1,0,Loyal Regulars
15888,United Kingdom,80,3,429.16,3,3,2,2.6666666666666665,3,139,11.0,446,0,0,Loyal Regulars
15915,United Kingdom,401,1,429.21,4,1,2,2.3333333333333335,1,451,2.94,0,1,2,Hibernating
13413,United Kingdom,639,6,429.44,5,4,2,3.6666666666666665,6,455,9.99,48,1,2,Hibernating
15230,United Kingdom,239,2,429.6,4,2,2,2.6666666666666665,2,351,18.68,1,1,0,Loyal Regulars
15461,United Kingdom,460,2,429.7,5,2,2,3.0,2,230,214.85,171,1,2,Hibernating
15450,United Kingdom,30,1,429.84,2,1,2,1.6666666666666667,1,376,14.33,0,0,0,Loyal Regulars
12827,United Kingdom,5,3,430.15,1,3,2,2.0,3,197,17.21,39,0,0,Loyal Regulars
12795,Portugal,18,1,430.48,1,1,2,1.3333333333333333,1,68,30.75,0,0,0,Loyal Regulars
12452,Switzerland,16,2,430.57,1,3,2,2.0,2,185,19.57,0,0,0,Loyal Regulars
17842,United Kingdom,602,1,430.69,5,2,2,3.0,1,89,23.93,0,1,2,Hibernating
15488,United Kingdom,92,5,431.92,3,4,2,3.0,5,251,39.27,491,1,0,Loyal Regulars
14042,United Kingdom,725,1,431.98,5,2,2,3.0,1,180,20.57,0,1,2,Hibernating
16881,United Kingdom,66,1,432.0,3,1,2,2.0,1,600,432.0,0,0,0,Loyal Regulars
16236,United Kingdom,78,1,432.2,3,1,2,2.0,1,184,21.61,0,0,0,Loyal Regulars
16604,United Kingdom,562,2,432.45,5,2,2,3.0,2,175,36.04,6,1,2,Hibernating
17687,United Kingdom,420,1,432.68,5,1,2,2.6666666666666665,1,210,16.64,0,1,2,Hibernating
16522,United Kingdom,435,2,433.36,5,2,2,3.0,2,212,24.08,15,1,2,Hibernating
15613,United Kingdom,610,1,433.72,5,2,2,3.0,1,700,16.06,0,1,2,Hibernating
12493,France,165,2,433.74,3,2,2,2.3333333333333335,2,207,19.72,32,1,0,Loyal Regulars
18029,United Kingdom,642,1,433.77,5,2,2,3.0,1,253,24.1,0,1,2,Hibernating
14581,United Kingdom,16,2,433.8,1,3,2,2.0,2,309,6.67,528,0,0,Loyal Regulars
14238,United Kingdom,326,3,434.23,4,3,2,3.0,3,189,33.4,408,1,2,Hibernating
14910,United Kingdom,2,4,434.35,1,4,2,2.3333333333333335,4,238,14.48,52,0,0,Loyal Regulars
15323,United Kingdom,562,3,434.6,5,3,2,3.3333333333333335,3,188,14.99,99,1,2,Hibernating
12445,Spain,22,2,434.98,2,3,2,2.3333333333333335,2,206,18.12,398,0,0,Loyal Regulars
18110,United Kingdom,19,2,435.43,1,3,2,2.0,2,186,5.18,392,0,0,Loyal Regulars
16166,United Kingdom,428,2,435.83,5,2,2,3.0,2,173,19.81,263,1,2,Hibernating
14123,United Kingdom,733,1,436.18,5,2,2,3.0,1,234,18.17,0,1,2,Hibernating
16084,United Kingdom,299,1,436.18,4,1,2,2.3333333333333335,1,216,11.48,0,1,2,Hibernating
17178,United Kingdom,731,1,436.71,5,2,2,3.0,1,101,13.65,0,1,2,Hibernating
14877,United Kingdom,418,2,437.0,5,2,2,3.0,2,171,6.62,224,1,2,Hibernating
12672,France,329,2,437.05,4,2,2,2.6666666666666665,2,138,19.87,266,1,2,Hibernating
16888,United Kingdom,400,3,437.15,4,3,2,3.0,3,147,8.1,301,1,2,Hibernating
15553,United Kingdom,60,1,437.23,3,1,2,2.0,1,451,7.81,0,0,0,Loyal Regulars
14846,United Kingdom,427,1,437.4,5,1,2,2.6666666666666665,1,193,36.45,0,1,2,Hibernating
12552,Italy,38,2,437.82,2,3,2,2.3333333333333335,2,88,21.89,1,0,0,Loyal Regulars
17807,United Kingdom,395,3,437.87,4,3,2,3.0,3,262,4.92,309,1,2,Hibernating
12429,Austria,227,1,437.98,4,1,2,2.3333333333333335,1,198,20.86,0,1,0,Loyal Regulars
12429,Austria,227,1,437.98,4,1,2,2.3333333333333335,7,3146,46.37,537,1,0,Loyal Regulars
15859,United Kingdom,432,1,438.46,5,1,2,2.6666666666666665,1,174,19.93,0,1,2,Hibernating
17729,United Kingdom,596,1,438.65,5,2,2,3.0,1,247,19.07,0,1,2,Hibernating
13964,United Kingdom,387,2,438.9,4,2,2,2.6666666666666665,2,228,18.29,43,1,2,Hibernating
13358,United Kingdom,268,1,439.03,4,1,2,2.3333333333333335,1,285,15.14,0,1,2,Hibernating
13432,United Kingdom,571,2,439.1,5,2,2,3.0,2,217,3.96,41,1,2,Hibernating
17718,United Kingdom,232,2,439.18,4,2,2,2.6666666666666665,2,274,19.09,412,1,0,Loyal Regulars
13086,United Kingdom,382,1,439.33,4,1,2,2.3333333333333335,1,155,9.35,0,1,2,Hibernating
16968,United Kingdom,4,2,439.43,1,3,2,2.0,2,326,14.18,103,0,0,Loyal Regulars
14979,United Kingdom,735,1,439.46,5,2,2,3.0,1,213,8.29,0,1,2,Hibernating
16025,United Kingdom,29,1,439.66,2,1,2,1.6666666666666667,1,338,15.7,0,0,0,Loyal Regulars
13954,United Kingdom,1,2,439.92,1,3,2,2.0,2,150,17.6,69,0,0,Loyal Regulars
18233,United Kingdom,325,1,440.0,4,1,2,2.3333333333333335,1,4,440.0,0,1,2,Hibernating
12579,France,78,1,440.42,3,1,2,2.0,1,285,15.19,0,0,0,Loyal Regulars
16932,United Kingdom,53,3,440.71,2,3,2,2.3333333333333335,3,229,3.06,518,0,0,Loyal Regulars
13738,United Kingdom,396,1,440.93,4,1,2,2.3333333333333335,1,240,4.79,0,1,2,Hibernating
17699,United Kingdom,476,2,442.0,5,2,2,3.0,2,208,23.26,85,1,2,Hibernating
14996,United Kingdom,481,2,442.29,5,2,2,3.0,2,404,10.79,0,1,2,Hibernating
14093,United Kingdom,12,1,442.85,1,1,2,1.3333333333333333,1,406,4.22,0,0,0,Loyal Regulars
18222,United Kingdom,92,1,443.0,3,1,2,2.0,1,335,23.32,0,1,0,Loyal Regulars
16404,United Kingdom,70,1,443.05,3,1,2,2.0,1,157,19.26,0,0,0,Loyal Regulars
16424,United Kingdom,191,2,443.06,4,2,2,2.6666666666666665,2,212,34.08,191,1,0,Loyal Regulars
14638,United Kingdom,50,1,443.6,2,1,2,1.6666666666666667,1,166,27.72,0,0,0,Loyal Regulars
18270,United Kingdom,38,3,444.55,2,3,2,2.3333333333333335,3,209,26.15,394,0,0,Loyal Regulars
12788,Netherlands,463,4,444.9,5,3,2,3.3333333333333335,4,194,17.11,65,1,2,Hibernating
18134,United Kingdom,598,2,445.0,5,2,2,3.0,2,128,15.89,96,1,2,Hibernating
14328,United Kingdom,438,1,445.05,5,1,2,2.6666666666666665,1,1,445.05,0,1,2,Hibernating
14010,United Kingdom,565,2,445.15,5,2,2,3.0,2,177,18.55,0,1,2,Hibernating
17070,United Kingdom,114,2,445.32,3,2,2,2.3333333333333335,2,234,4.24,296,1,0,Loyal Regulars
17370,United Kingdom,72,4,446.18,3,3,2,2.6666666666666665,4,540,13.52,97,0,0,Loyal Regulars
14149,United Kingdom,220,1,446.62,4,1,2,2.3333333333333335,1,218,15.95,0,1,0,Loyal Regulars
16921,United Kingdom,61,3,446.67,3,3,2,2.6666666666666665,3,299,4.7,539,0,0,Loyal Regulars
13754,United Kingdom,151,3,447.05,3,3,2,2.6666666666666665,3,315,21.29,286,1,0,Loyal Regulars
16095,United Kingdom,456,1,447.05,5,1,2,2.6666666666666665,1,265,14.9,0,1,2,Hibernating
18201,United Kingdom,722,1,447.53,5,2,2,3.0,1,191,16.58,0,1,2,Hibernating
14780,United Kingdom,54,2,447.68,2,2,2,2.0,2,310,16.58,25,0,0,Loyal Regulars
14761,United Kingdom,58,3,447.92,2,3,2,2.3333333333333335,3,206,18.66,386,0,0,Loyal Regulars
16939,United Kingdom,488,3,449.0,5,3,2,3.3333333333333335,3,232,10.2,161,1,2,Hibernating
15739,United Kingdom,66,1,449.12,3,1,2,2.0,1,472,56.14,0,0,0,Loyal Regulars
12448,Spain,44,1,449.45,2,1,2,1.6666666666666667,1,243,20.43,0,0,0,Loyal Regulars
15126,United Kingdom,536,2,449.49,5,2,2,3.0,2,273,17.98,151,1,2,Hibernating
13489,United Kingdom,105,4,449.52,3,3,2,2.6666666666666665,4,560,32.11,189,1,0,Loyal Regulars
13877,United Kingdom,86,3,449.68,3,3,2,2.6666666666666665,3,478,19.55,603,0,0,Loyal Regulars
14784,United Kingdom,26,3,449.93,2,3,2,2.3333333333333335,3,363,16.66,363,0,0,Loyal Regulars
13150,United Kingdom,484,3,449.97,5,3,2,3.3333333333333335,3,171,56.25,146,1,2,Hibernating
16870,United Kingdom,469,1,450.16,5,1,2,2.6666666666666665,1,278,16.08,0,1,2,Hibernating
15124,United Kingdom,22,4,450.82,2,4,2,2.6666666666666665,4,462,14.54,629,0,0,Loyal Regulars
12831,United Kingdom,262,3,451.11,4,3,2,3.0,3,303,20.51,201,1,2,Hibernating
15961,United Kingdom,379,1,451.29,4,1,2,2.3333333333333335,1,154,10.74,0,1,2,Hibernating
15802,United Kingdom,142,1,451.42,3,1,2,2.0,1,1,451.42,0,1,0,Loyal Regulars
18100,United Kingdom,550,1,451.56,5,2,2,3.0,1,440,15.05,0,1,2,Hibernating
15418,United Kingdom,425,2,452.32,5,2,2,3.0,2,266,6.56,161,1,2,Hibernating
14184,United Kingdom,66,1,452.89,3,1,2,2.0,1,127,18.87,0,0,0,Loyal Regulars
12729,France,113,1,453.01,3,1,2,2.0,1,233,17.42,0,1,0,Loyal Regulars
16481,United Kingdom,682,1,453.38,5,2,2,3.0,1,201,28.34,0,1,2,Hibernating
18158,United Kingdom,9,2,453.4,1,3,2,2.0,2,354,13.34,79,0,0,Loyal Regulars
17376,United Kingdom,70,4,453.64,3,3,2,2.6666666666666665,4,244,8.25,452,0,0,Loyal Regulars
17564,United Kingdom,24,3,454.01,2,3,2,2.3333333333333335,3,146,9.27,56,0,0,Loyal Regulars
15475,United Kingdom,77,1,454.11,3,1,2,2.0,1,319,15.66,0,0,0,Loyal Regulars
12459,Spain,605,1,454.36,5,2,2,3.0,1,258,19.75,0,1,2,Hibernating
17067,United Kingdom,724,3,454.54,5,3,2,3.3333333333333335,3,322,34.96,7,1,2,Hibernating
16765,United Kingdom,294,2,454.75,4,2,2,2.6666666666666665,2,311,8.75,88,1,2,Hibernating
15585,United Kingdom,176,1,455.3,3,1,2,2.0,1,320,14.69,0,1,0,Loyal Regulars
12999,United Kingdom,196,3,455.88,4,3,2,3.0,3,342,16.28,49,1,0,Loyal Regulars
16039,United Kingdom,423,2,456.4,5,2,2,3.0,2,409,14.26,205,1,2,Hibernating
14296,United Kingdom,421,2,456.4,5,2,2,3.0,2,314,16.9,153,1,2,Hibernating
12564,France,261,1,456.9,4,1,2,2.3333333333333335,1,133,21.76,0,1,2,Hibernating
12375,Finland,10,2,457.5,1,3,2,2.0,2,178,26.91,88,0,0,Loyal Regulars
16069,United Kingdom,417,1,457.7,5,1,2,2.6666666666666665,1,138,18.31,0,1,2,Hibernating
15121,United Kingdom,50,2,457.72,2,2,2,2.0,2,199,16.35,238,0,0,Loyal Regulars
14011,United Kingdom,480,2,457.82,5,2,2,3.0,2,644,14.31,127,1,2,Hibernating
13957,United Kingdom,417,3,458.25,5,3,2,3.3333333333333335,3,157,16.97,241,1,2,Hibernating
14118,United Kingdom,428,1,458.45,5,1,2,2.6666666666666665,1,97,30.56,0,1,2,Hibernating
16310,United Kingdom,414,2,460.08,5,2,2,3.0,2,270,16.43,228,1,2,Hibernating
12491,France,38,1,460.4,2,1,2,1.6666666666666667,1,260,17.71,0,0,0,Loyal Regulars
15540,United Kingdom,11,2,460.68,1,3,2,2.0,2,444,14.86,364,0,0,Loyal Regulars
14575,United Kingdom,488,1,460.71,5,1,2,2.6666666666666665,1,176,6.23,0,1,2,Hibernating
18284,United Kingdom,431,1,461.68,5,1,2,2.6666666666666665,1,494,16.49,0,1,2,Hibernating
13624,United Kingdom,388,1,462.08,4,1,2,2.3333333333333335,1,820,21.0,0,1,2,Hibernating
18031,United Kingdom,378,1,462.1,4,1,2,2.3333333333333335,1,300,7.11,0,1,2,Hibernating
14331,United Kingdom,124,2,462.66,3,2,2,2.3333333333333335,2,252,16.52,11,1,0,Loyal Regulars
14627,United Kingdom,379,1,462.75,4,1,2,2.3333333333333335,1,284,15.96,0,1,2,Hibernating
17040,United Kingdom,137,2,463.25,3,2,2,2.3333333333333335,2,189,28.95,413,1,0,Loyal Regulars
13928,United Kingdom,10,4,464.57,1,4,2,2.3333333333333335,4,129,17.21,123,0,0,Loyal Regulars
17140,United Kingdom,247,1,465.32,4,1,2,2.3333333333333335,1,302,23.27,0,1,0,Loyal Regulars
17181,United Kingdom,57,3,465.37,2,3,2,2.3333333333333335,3,484,15.51,538,0,0,Loyal Regulars
13698,United Kingdom,596,2,465.53,5,2,2,3.0,2,231,11.64,85,1,2,Hibernating
15036,United Kingdom,72,3,465.55,3,3,2,2.6666666666666665,3,327,3.67,107,0,0,Loyal Regulars
13248,United Kingdom,124,2,465.68,3,2,2,2.3333333333333335,2,305,17.91,65,1,0,Loyal Regulars
14148,United Kingdom,233,2,466.29,4,2,2,2.6666666666666665,2,223,27.43,181,1,0,Loyal Regulars
16390,United Kingdom,536,3,467.5,5,3,2,3.3333333333333335,3,122,22.26,143,1,2,Hibernating
14029,United Kingdom,63,2,467.66,3,2,2,2.3333333333333335,2,198,31.18,81,0,0,Loyal Regulars
17187,United Kingdom,226,2,467.71,4,2,2,2.6666666666666665,2,426,20.34,300,1,0,Loyal Regulars
17294,United Kingdom,669,2,467.79,5,2,2,3.0,2,297,27.52,0,1,2,Hibernating
14727,United Kingdom,274,3,467.93,4,3,2,3.0,3,468,9.96,272,1,2,Hibernating
17344,United Kingdom,46,2,468.11,2,2,2,2.0,2,213,6.78,682,0,0,Loyal Regulars
14491,United Kingdom,175,2,468.13,3,2,2,2.3333333333333335,2,179,22.29,197,1,0,Loyal Regulars
14335,Germany,16,2,468.26,1,3,2,2.0,2,379,7.43,80,0,0,Loyal Regulars
13171,United Kingdom,21,3,468.41,2,3,2,2.3333333333333335,3,229,10.18,278,0,0,Loyal Regulars
12554,Spain,448,1,468.5,5,1,2,2.6666666666666665,1,240,18.02,0,1,2,Hibernating
15387,United Kingdom,492,1,468.65,5,1,2,2.6666666666666665,1,335,23.43,0,1,2,Hibernating
14369,United Kingdom,642,2,469.13,5,2,2,3.0,2,255,18.04,19,1,2,Hibernating
14058,United Kingdom,462,2,469.19,5,2,2,3.0,2,211,19.55,68,1,2,Hibernating
14819,United Kingdom,64,4,470.16,3,3,2,2.6666666666666665,4,173,8.25,654,0,0,Loyal Regulars
17254,United Kingdom,4,3,470.73,1,3,2,2.0,3,398,3.18,397,0,0,Loyal Regulars
18083,United Kingdom,397,1,470.73,4,1,2,2.3333333333333335,1,270,11.21,0,1,2,Hibernating
15963,United Kingdom,19,2,470.76,1,3,2,2.0,2,298,16.81,26,0,0,Loyal Regulars
13066,United Kingdom,24,2,470.8,2,3,2,2.3333333333333335,2,322,9.81,8,0,0,Loyal Regulars
16473,United Kingdom,164,4,470.83,3,3,2,2.6666666666666665,4,296,16.82,210,1,0,Loyal Regulars
16038,United Kingdom,7,3,471.78,1,3,2,2.0,3,244,18.15,194,0,0,Loyal Regulars
14975,United Kingdom,57,2,472.39,2,2,2,2.0,2,507,18.17,364,0,0,Loyal Regulars
13194,United Kingdom,135,2,472.78,3,2,2,2.3333333333333335,2,326,47.28,286,1,0,Loyal Regulars
16635,United Kingdom,406,1,473.0,4,1,2,2.3333333333333335,1,277,18.92,0,1,2,Hibernating
15557,United Kingdom,28,1,473.65,2,1,2,1.6666666666666667,1,219,23.68,0,0,0,Loyal Regulars
15349,United Kingdom,158,2,473.81,3,2,2,2.3333333333333335,2,327,6.58,29,1,0,Loyal Regulars
17104,United Kingdom,423,1,474.03,5,1,2,2.6666666666666665,1,149,24.95,0,1,2,Hibernating
14322,United Kingdom,429,4,474.1,5,3,2,3.3333333333333335,4,158,36.47,230,1,2,Hibernating
14599,United Kingdom,390,2,474.54,4,2,2,2.6666666666666665,2,295,5.79,119,1,2,Hibernating
16552,United Kingdom,242,2,475.02,4,2,2,2.6666666666666665,2,258,21.59,131,1,0,Loyal Regulars
15780,United Kingdom,183,3,475.28,3,3,2,2.6666666666666665,3,220,16.39,174,1,0,Loyal Regulars
15277,United Kingdom,46,2,476.34,2,2,2,2.0,2,373,18.32,379,0,0,Loyal Regulars
18176,United Kingdom,358,1,476.35,4,1,2,2.3333333333333335,1,283,15.88,0,1,2,Hibernating
12447,Belgium,243,1,476.49,4,1,2,2.3333333333333335,1,190,18.33,0,1,0,Loyal Regulars
17111,United Kingdom,47,2,476.58,2,2,2,2.0,2,601,9.73,378,0,0,Loyal Regulars
15589,United Kingdom,255,3,478.53,4,3,2,3.0,3,243,16.5,55,1,0,Loyal Regulars
13161,United Kingdom,313,2,478.88,4,2,2,2.6666666666666665,2,106,14.08,187,1,2,Hibernating
14052,United Kingdom,19,2,480.81,2,3,2,2.3333333333333335,2,187,3.85,371,0,0,Loyal Regulars
15174,United Kingdom,322,2,481.46,4,2,2,2.6666666666666665,2,382,14.16,88,1,2,Hibernating
18216,United Kingdom,31,1,481.75,2,1,2,1.6666666666666667,1,200,18.53,0,0,0,Loyal Regulars
12542,Spain,484,2,481.88,5,2,2,3.0,2,522,12.36,156,1,2,Hibernating
17996,United Kingdom,379,3,482.33,4,3,2,3.0,3,587,7.2,167,1,2,Hibernating
16603,United Kingdom,74,2,482.47,3,2,2,2.3333333333333335,2,480,14.19,17,0,0,Loyal Regulars
15048,United Kingdom,65,4,482.75,3,3,2,2.6666666666666665,4,227,4.02,303,0,0,Loyal Regulars
16024,United Kingdom,12,3,484.2,1,3,2,2.0,3,505,5.63,399,0,0,Loyal Regulars
16504,United Kingdom,25,1,484.38,2,1,2,1.6666666666666667,1,524,5.63,0,0,0,Loyal Regulars
16999,United Kingdom,23,2,484.82,2,3,2,2.3333333333333335,2,294,21.08,51,0,0,Loyal Regulars
12443,Norway,732,1,485.31,5,2,2,3.0,1,182,23.11,0,1,2,Hibernating
15216,United Kingdom,87,2,486.09,3,2,2,2.3333333333333335,2,217,20.25,531,0,0,Loyal Regulars
13153,United Kingdom,5,1,486.22,1,1,2,1.3333333333333333,1,418,32.41,0,0,0,Loyal Regulars
17453,United Kingdom,17,2,486.72,1,3,2,2.0,2,219,25.62,47,0,0,Loyal Regulars
13675,United Kingdom,151,2,486.82,3,2,2,2.3333333333333335,2,330,19.47,133,1,0,Loyal Regulars
13733,United Kingdom,410,2,487.03,5,2,2,3.0,2,335,16.79,325,1,2,Hibernating
13412,United Kingdom,620,1,487.35,5,2,2,3.0,1,176,14.33,0,1,2,Hibernating
12920,United Kingdom,17,4,488.09,1,4,2,2.3333333333333335,4,421,8.13,708,0,0,Loyal Regulars
18280,United Kingdom,277,2,488.15,4,2,2,2.6666666666666665,2,194,16.27,117,1,2,Hibernating
17925,United Kingdom,372,1,488.16,4,1,2,2.3333333333333335,1,144,244.08,0,1,2,Hibernating
17988,United Kingdom,11,14,489.54,1,5,2,2.6666666666666665,14,186,3.98,721,0,0,Loyal Regulars
17715,United Kingdom,200,2,489.6,4,2,2,2.6666666666666665,2,576,244.8,392,1,0,Loyal Regulars
17476,United Kingdom,395,2,489.86,4,2,2,2.6666666666666665,2,224,15.8,342,1,2,Hibernating
12634,USA,535,2,490.0,5,2,2,3.0,2,337,24.5,13,1,2,Hibernating
12983,United Kingdom,598,1,490.08,5,2,2,3.0,1,638,16.34,0,1,2,Hibernating
14416,United Kingdom,22,2,490.22,2,3,2,2.3333333333333335,2,326,35.02,20,0,0,Loyal Regulars
15000,United Kingdom,47,1,490.52,2,1,2,1.6666666666666667,1,218,6.37,0,0,0,Loyal Regulars
14663,United Kingdom,430,2,490.6,5,2,2,3.0,2,397,7.21,0,1,2,Hibernating
17106,United Kingdom,389,1,491.23,4,1,2,2.3333333333333335,1,156,9.27,0,1,2,Hibernating
13732,United Kingdom,28,1,491.86,2,1,2,1.6666666666666667,1,498,14.9,0,0,0,Loyal Regulars
14310,United Kingdom,432,1,492.1,5,1,2,2.6666666666666665,1,230,22.37,0,1,2,Hibernating
15507,United Kingdom,171,1,492.36,3,1,2,2.0,1,162,10.7,0,1,0,Loyal Regulars
14270,United Kingdom,331,1,492.65,4,1,2,2.3333333333333335,1,197,16.99,0,1,2,Hibernating
13176,United Kingdom,46,1,492.84,2,1,2,1.6666666666666667,1,453,6.84,0,0,0,Loyal Regulars
15447,United Kingdom,330,5,492.88,4,4,2,3.3333333333333335,5,228,17.0,295,1,2,Hibernating
15958,United Kingdom,74,4,492.99,3,3,2,2.6666666666666665,4,164,6.66,476,0,0,Loyal Regulars
15877,United Kingdom,1,2,493.28,1,3,2,2.0,2,371,3.82,16,0,0,Loyal Regulars
17333,United Kingdom,85,1,494.25,3,1,2,2.0,1,375,17.65,0,0,0,Loyal Regulars
17823,United Kingdom,421,2,494.25,5,2,2,3.0,2,262,4.49,0,1,2,Hibernating
16352,United Kingdom,17,2,494.44,1,3,2,2.0,2,300,17.66,20,0,0,Loyal Regulars
14319,United Kingdom,424,1,494.85,5,1,2,2.6666666666666665,1,329,19.03,0,1,2,Hibernating
17995,United Kingdom,281,3,495.48,4,3,2,3.0,3,263,17.09,106,1,2,Hibernating
16799,United Kingdom,432,2,495.98,5,2,2,3.0,2,176,4.68,21,1,2,Hibernating
16977,United Kingdom,395,4,496.0,4,3,2,3.0,4,142,17.71,236,1,2,Hibernating
15278,United Kingdom,561,4,496.16,5,3,2,3.3333333333333335,4,458,17.11,104,1,2,Hibernating
15300,United Kingdom,64,1,496.44,3,1,2,2.0,1,292,17.73,0,0,0,Loyal Regulars
12943,United Kingdom,558,2,496.5,5,2,2,3.0,2,222,19.86,47,1,2,Hibernating
17923,United Kingdom,282,3,497.0,4,3,2,3.0,3,140,165.67,262,1,2,Hibernating
17680,United Kingdom,23,3,497.45,2,3,2,2.3333333333333335,3,155,24.87,488,0,0,Loyal Regulars
16820,United Kingdom,95,1,497.61,3,1,2,2.0,1,307,19.14,0,1,0,Loyal Regulars
17053,United Kingdom,130,1,498.48,3,1,2,2.0,1,122,38.34,0,1,0,Loyal Regulars
17608,United Kingdom,33,4,498.53,2,4,2,2.6666666666666665,4,539,2.95,574,0,0,Loyal Regulars
14171,United Kingdom,98,2,498.79,3,2,2,2.3333333333333335,2,211,7.79,632,1,0,Loyal Regulars
16488,United Kingdom,33,3,498.8,2,3,2,2.3333333333333335,3,728,17.2,115,0,0,Loyal Regulars
17256,United Kingdom,107,5,498.93,3,4,2,3.0,5,299,16.09,493,1,0,Loyal Regulars
15193,United Kingdom,60,1,499.32,3,1,2,2.0,1,144,26.28,0,0,0,Loyal Regulars
13428,United Kingdom,10,3,499.98,1,3,2,2.0,3,366,3.47,504,0,0,Loyal Regulars
12366,Cyprus,633,1,500.24,5,2,2,3.0,1,296,166.75,0,1,2,Hibernating
16616,United Kingdom,15,2,500.42,1,3,2,2.0,2,370,15.16,142,0,0,Loyal Regulars
13247,United Kingdom,17,4,501.12,1,4,2,2.3333333333333335,4,328,20.04,65,0,0,Loyal Regulars
13116,United Kingdom,138,1,501.14,3,1,2,2.0,1,291,16.7,0,1,0,Loyal Regulars
15881,United Kingdom,312,5,501.39,4,4,2,3.3333333333333335,5,260,17.29,52,1,2,Hibernating
13865,United Kingdom,58,4,501.56,2,4,2,2.6666666666666665,4,204,16.72,231,0,0,Loyal Regulars
15138,United Kingdom,393,1,502.52,4,1,2,2.3333333333333335,1,300,16.21,0,1,2,Hibernating
12419,Spain,385,2,503.01,4,2,2,2.6666666666666665,2,231,20.12,28,1,2,Hibernating
12376,Switzerland,389,2,503.15,4,2,2,2.6666666666666665,2,240,38.7,28,1,2,Hibernating
14954,United Kingdom,12,2,503.44,1,3,2,2.0,2,219,4.0,691,0,0,Loyal Regulars
17630,United Kingdom,169,2,503.6,3,2,2,2.3333333333333335,2,158,19.37,63,1,0,Loyal Regulars
18203,United Kingdom,157,4,504.42,3,3,2,2.6666666666666665,4,113,8.41,574,1,0,Loyal Regulars
14968,United Kingdom,30,2,504.99,2,3,2,2.3333333333333335,2,258,5.94,428,0,0,Loyal Regulars
13123,United Kingdom,472,2,506.75,5,2,2,3.0,2,268,11.26,57,1,2,Hibernating
13885,United Kingdom,189,2,506.8,4,2,2,2.6666666666666665,2,182,18.1,11,1,0,Loyal Regulars
15721,United Kingdom,11,1,507.08,1,1,2,1.3333333333333333,1,409,5.57,0,0,0,Loyal Regulars
17384,United Kingdom,19,3,507.55,1,3,2,2.0,3,121,25.38,448,0,0,Loyal Regulars
14158,United Kingdom,40,1,507.66,2,1,2,1.6666666666666667,1,781,12.38,0,0,0,Loyal Regulars
17415,United Kingdom,79,1,507.84,3,1,2,2.0,1,114,36.27,0,0,0,Loyal Regulars
17335,United Kingdom,383,2,508.0,4,2,2,2.6666666666666665,2,216,13.03,301,1,2,Hibernating
17276,United Kingdom,402,1,508.39,4,1,2,2.3333333333333335,1,189,9.41,0,1,2,Hibernating
13067,United Kingdom,82,3,508.51,3,3,2,2.6666666666666665,3,131,15.89,364,0,0,Loyal Regulars
14317,United Kingdom,64,1,508.58,3,1,2,2.0,1,255,21.19,0,0,0,Loyal Regulars
15417,United Kingdom,85,1,508.8,3,1,2,2.0,1,284,18.17,0,0,0,Loyal Regulars
17391,United Kingdom,163,2,508.8,3,2,2,2.3333333333333335,2,480,169.6,1,1,0,Loyal Regulars
12907,United Kingdom,395,2,508.91,4,2,2,2.6666666666666665,2,177,20.36,99,1,2,Hibernating
12436,Norway,99,1,509.01,3,1,2,2.0,1,211,31.81,0,1,0,Loyal Regulars
14008,United Kingdom,432,1,509.04,5,1,2,2.6666666666666665,1,326,15.91,0,1,2,Hibernating
13710,United Kingdom,31,3,509.52,2,3,2,2.3333333333333335,3,336,33.97,581,0,0,Loyal Regulars
12904,United Kingdom,18,2,509.58,1,3,2,2.0,2,302,7.08,154,0,0,Loyal Regulars
13367,United Kingdom,431,1,510.2,5,1,2,2.6666666666666665,1,253,25.51,0,1,2,Hibernating
17110,United Kingdom,165,3,510.7,3,3,2,2.6666666666666665,3,142,10.01,445,1,0,Loyal Regulars
16561,United Kingdom,5,2,511.12,1,3,2,2.0,2,244,16.49,54,0,0,Loyal Regulars
12361,Belgium,287,4,511.25,4,3,2,3.0,4,235,17.63,395,1,2,Hibernating
14552,United Kingdom,151,3,511.28,3,3,2,2.6666666666666665,3,261,3.26,441,1,0,Loyal Regulars
16402,United Kingdom,264,2,511.4,4,2,2,2.6666666666666665,2,254,4.37,105,1,2,Hibernating
13177,United Kingdom,64,2,512.2,3,2,2,2.3333333333333335,2,180,17.07,366,0,0,Loyal Regulars
16829,United Kingdom,156,2,513.32,3,2,2,2.3333333333333335,2,215,19.01,232,1,0,Loyal Regulars
14722,United Kingdom,147,3,513.37,3,3,2,2.6666666666666665,3,222,5.46,339,1,0,Loyal Regulars
12897,United Kingdom,204,4,514.25,4,3,2,3.0,4,249,36.73,339,1,0,Loyal Regulars
17510,United Kingdom,24,2,514.56,2,3,2,2.3333333333333335,2,422,14.7,396,0,0,Loyal Regulars
13642,United Kingdom,215,4,514.72,4,3,2,3.0,4,253,4.52,217,1,0,Loyal Regulars
14949,United Kingdom,469,4,515.0,5,3,2,3.3333333333333335,4,250,19.07,252,1,2,Hibernating
18243,United Kingdom,414,1,515.78,5,1,2,2.6666666666666665,1,221,19.84,0,1,2,Hibernating
13859,United Kingdom,326,2,515.86,4,2,2,2.6666666666666665,2,167,14.33,203,1,2,Hibernating
14429,United Kingdom,403,1,516.28,4,1,2,2.3333333333333335,1,286,23.47,0,1,2,Hibernating
13043,United Kingdom,273,1,516.42,4,1,2,2.3333333333333335,1,254,39.72,0,1,2,Hibernating
14311,United Kingdom,242,2,516.45,4,2,2,2.6666666666666665,2,235,16.66,325,1,0,Loyal Regulars
18205,United Kingdom,36,2,517.36,2,3,2,2.3333333333333335,2,192,16.17,38,0,0,Loyal Regulars
12977,United Kingdom,156,4,517.63,3,3,2,2.6666666666666665,4,131,8.77,355,1,0,Loyal Regulars
12979,United Arab Emirates,729,1,517.7,5,2,2,3.0,1,520,9.24,0,1,2,Hibernating
17266,United Kingdom,2,5,517.73,1,4,2,2.3333333333333335,5,252,4.08,638,0,0,Loyal Regulars
13553,United Kingdom,674,1,517.8,5,2,2,3.0,1,206,5.51,0,1,2,Hibernating
13600,United Kingdom,312,2,518.42,4,2,2,2.6666666666666665,2,599,12.64,322,1,2,Hibernating
12825,United Kingdom,521,2,518.63,5,2,2,3.0,2,139,21.61,120,1,2,Hibernating
14807,United Kingdom,390,2,519.29,4,2,2,2.6666666666666665,2,247,12.98,259,1,2,Hibernating
12777,United Kingdom,457,1,519.45,5,1,2,2.6666666666666665,1,458,19.98,0,1,2,Hibernating
12571,France,39,2,519.61,2,3,2,2.3333333333333335,2,523,15.28,82,0,0,Loyal Regulars
13977,United Kingdom,411,1,519.81,5,1,2,2.6666666666666665,1,303,39.99,0,1,2,Hibernating
14647,United Kingdom,201,2,519.97,4,2,2,2.6666666666666665,2,180,10.2,322,1,0,Loyal Regulars
15689,United Kingdom,119,3,521.03,3,3,2,2.6666666666666665,3,207,21.71,498,1,0,Loyal Regulars
12956,United Kingdom,306,4,521.89,4,3,2,3.0,4,340,12.43,418,1,2,Hibernating
13605,United Kingdom,387,2,522.67,4,2,2,2.6666666666666665,2,425,9.86,184,1,2,Hibernating
17712,United Kingdom,44,1,522.91,2,1,2,1.6666666666666667,1,215,18.03,0,0,0,Loyal Regulars
13277,United Kingdom,15,7,523.3,1,4,2,2.3333333333333335,7,382,22.75,524,0,0,Loyal Regulars
15891,United Kingdom,226,1,524.52,4,1,2,2.3333333333333335,1,442,8.46,0,1,0,Loyal Regulars
15683,United Kingdom,117,2,524.54,3,2,2,2.3333333333333335,2,332,20.17,356,1,0,Loyal Regulars
15467,United Kingdom,9,3,524.88,1,3,2,2.0,3,310,10.09,143,0,0,Loyal Regulars
16421,United Kingdom,376,3,526.27,4,3,2,3.0,3,123,13.85,93,1,2,Hibernating
18011,United Kingdom,373,2,527.03,4,2,2,2.6666666666666665,2,198,5.67,194,1,2,Hibernating
12479,Germany,11,1,527.2,1,1,2,1.3333333333333333,1,385,17.01,0,0,0,Loyal Regulars
14616,United Kingdom,242,5,527.78,4,4,2,3.3333333333333335,5,170,105.56,306,1,0,Loyal Regulars
16413,United Kingdom,56,2,528.98,2,2,2,2.0,2,284,7.67,319,0,0,Loyal Regulars
18191,United Kingdom,261,2,529.4,4,2,2,2.6666666666666665,2,332,35.29,216,1,2,Hibernating
17458,United Kingdom,15,2,529.58,1,3,2,2.0,2,282,6.16,366,0,0,Loyal Regulars
14002,United Kingdom,134,2,529.73,3,2,2,2.3333333333333335,2,877,11.27,22,1,0,Loyal Regulars
18159,United Kingdom,301,1,530.15,4,1,2,2.3333333333333335,1,139,23.05,0,1,2,Hibernating
17765,United Kingdom,158,4,530.8,3,3,2,2.6666666666666665,4,197,6.4,290,1,0,Loyal Regulars
16706,United Kingdom,37,3,531.35,2,3,2,2.3333333333333335,3,249,4.32,77,0,0,Loyal Regulars
16583,United Kingdom,373,2,531.4,4,2,2,2.6666666666666665,2,264,16.61,300,1,2,Hibernating
14940,United Kingdom,417,2,531.49,5,2,2,3.0,2,384,16.61,316,1,2,Hibernating
15115,United Kingdom,18,2,531.85,1,3,2,2.0,2,245,15.2,714,0,0,Loyal Regulars
16021,United Kingdom,395,2,532.25,4,2,2,2.6666666666666665,2,297,3.67,149,1,2,Hibernating
15659,United Kingdom,43,3,532.49,2,3,2,2.3333333333333335,3,161,25.36,610,0,0,Loyal Regulars
15825,United Kingdom,172,1,532.94,3,1,2,2.0,1,220,26.65,0,1,0,Loyal Regulars
15756,United Kingdom,61,4,532.96,3,4,2,3.0,4,242,2.78,188,0,0,Loyal Regulars
15433,United Kingdom,213,2,533.3,4,2,2,2.6666666666666665,2,534,13.01,54,1,0,Loyal Regulars
13594,United Kingdom,52,2,533.32,2,2,2,2.0,2,396,16.16,433,0,0,Loyal Regulars
16785,United Kingdom,409,1,533.78,4,1,2,2.3333333333333335,1,313,15.25,0,1,2,Hibernating
17436,United Kingdom,1,5,534.06,1,4,2,2.3333333333333335,5,178,31.42,731,0,0,Loyal Regulars
17443,Canada,219,1,534.24,4,1,2,2.3333333333333335,1,504,534.24,0,1,0,Loyal Regulars
13385,United Kingdom,329,1,534.57,4,1,2,2.3333333333333335,1,281,15.27,0,1,2,Hibernating
13807,United Kingdom,367,3,534.8,4,3,2,3.0,3,152,16.71,368,1,2,Hibernating
12810,Japan,534,2,534.99,5,2,2,3.0,2,389,16.72,142,1,2,Hibernating
16935,United Kingdom,381,3,535.1,4,3,2,3.0,3,278,7.33,40,1,2,Hibernating
12988,United Kingdom,292,1,535.32,4,1,2,2.3333333333333335,1,136,5.82,0,1,2,Hibernating
16142,United Kingdom,249,1,535.34,4,1,2,2.3333333333333335,1,422,14.47,0,1,0,Loyal Regulars
15890,United Kingdom,394,5,535.65,4,4,2,3.3333333333333335,5,119,53.56,210,1,2,Hibernating
13207,United Kingdom,15,4,535.86,1,4,2,2.3333333333333335,4,178,41.22,597,0,0,Loyal Regulars
18140,West Indies,473,1,536.41,5,1,2,2.6666666666666665,1,395,9.93,0,1,2,Hibernating
16804,United Kingdom,23,3,536.99,2,3,2,2.3333333333333335,3,246,8.95,247,0,0,Loyal Regulars
17269,United Kingdom,385,1,537.46,4,1,2,2.3333333333333335,1,336,3.68,0,1,2,Hibernating
14539,United Kingdom,15,2,537.48,1,3,2,2.0,2,428,16.8,29,0,0,Loyal Regulars
13961,United Kingdom,392,1,538.4,4,1,2,2.3333333333333335,1,226,28.34,0,1,2,Hibernating
15539,United Kingdom,7,1,538.46,1,1,2,1.3333333333333333,1,410,13.13,0,0,0,Loyal Regulars
13812,Germany,42,3,539.0,2,3,2,2.3333333333333335,3,333,14.97,63,0,0,Loyal Regulars
17524,United Kingdom,361,3,539.14,4,3,2,3.0,3,362,12.54,77,1,2,Hibernating
12958,United Kingdom,400,2,539.49,4,2,2,2.6666666666666665,2,131,9.46,183,1,2,Hibernating
12819,United Kingdom,458,1,540.52,5,1,2,2.6666666666666665,1,344,28.45,0,1,2,Hibernating
16576,United Kingdom,420,2,540.87,5,2,2,3.0,2,323,16.39,101,1,2,Hibernating
17643,United Kingdom,373,2,541.25,4,2,2,2.6666666666666665,2,297,13.88,132,1,2,Hibernating
17447,United Kingdom,40,2,541.53,2,3,2,2.3333333333333335,2,443,15.04,31,0,0,Loyal Regulars
16647,United Kingdom,169,4,541.9,3,3,2,2.6666666666666665,4,396,16.42,375,1,0,Loyal Regulars
16060,United Kingdom,400,3,541.95,4,3,2,3.0,3,243,22.58,94,1,2,Hibernating
16230,United Kingdom,189,2,542.03,3,2,2,2.3333333333333335,2,365,15.49,31,1,0,Loyal Regulars
15675,United Kingdom,81,4,542.04,3,3,2,2.6666666666666665,4,624,15.49,323,0,0,Loyal Regulars
13785,United Kingdom,428,4,542.49,5,3,2,3.3333333333333335,4,151,18.08,32,1,2,Hibernating
17514,United Kingdom,128,2,542.83,3,2,2,2.3333333333333335,2,295,6.24,541,1,0,Loyal Regulars
16927,United Kingdom,115,3,543.05,3,3,2,2.6666666666666665,3,993,90.51,246,1,0,Loyal Regulars
13390,United Kingdom,74,1,544.08,3,1,2,2.0,1,224,41.85,0,0,0,Loyal Regulars
16475,United Kingdom,88,4,544.3,3,3,2,2.6666666666666665,4,319,19.44,185,0,0,Loyal Regulars
18207,United Kingdom,499,1,544.47,5,1,2,2.6666666666666665,1,325,17.56,0,1,2,Hibernating
15728,United Kingdom,379,2,544.6,4,2,2,2.6666666666666665,2,132,45.38,65,1,2,Hibernating
13955,United Kingdom,154,3,545.17,3,3,2,2.6666666666666665,3,274,6.27,221,1,0,Loyal Regulars
17580,United Kingdom,252,5,545.27,4,4,2,3.3333333333333335,5,224,5.74,170,1,0,Loyal Regulars
17806,United Kingdom,11,1,546.04,1,1,2,1.3333333333333333,1,727,12.7,0,0,0,Loyal Regulars
17248,United Kingdom,120,2,546.16,3,2,2,2.3333333333333335,2,292,4.67,361,1,0,Loyal Regulars
15080,United Kingdom,427,2,546.25,5,2,2,3.0,2,287,17.62,74,1,2,Hibernating
12743,Unspecified,134,2,546.43,3,2,2,2.3333333333333335,2,319,4.08,0,1,0,Loyal Regulars
18212,United Kingdom,326,2,546.72,4,2,2,2.6666666666666665,2,167,9.94,351,1,2,Hibernating
17520,United Kingdom,53,1,546.81,2,1,2,1.6666666666666667,1,365,18.23,0,0,0,Loyal Regulars
17637,United Kingdom,31,2,547.06,2,3,2,2.3333333333333335,2,280,15.63,84,0,0,Loyal Regulars
16811,United Kingdom,4,2,547.07,1,3,2,2.0,2,477,19.54,13,0,0,Loyal Regulars
15598,United Kingdom,53,2,548.02,2,2,2,2.0,2,404,15.22,374,0,0,Loyal Regulars
13948,United Kingdom,360,4,548.76,4,3,2,3.0,4,248,22.86,375,1,2,Hibernating
15842,United Kingdom,393,2,548.8,4,2,2,2.6666666666666665,2,296,21.95,134,1,2,Hibernating
16031,United Kingdom,92,2,548.94,3,2,2,2.3333333333333335,2,423,5.49,155,1,0,Loyal Regulars
16536,United Kingdom,110,1,548.97,3,1,2,2.0,1,251,9.98,0,1,0,Loyal Regulars
15200,United Kingdom,494,1,549.05,5,1,2,2.6666666666666665,1,195,18.3,0,1,2,Hibernating
12390,Belgium,79,1,549.84,3,1,2,2.0,1,353,17.18,0,0,0,Loyal Regulars
17291,United Kingdom,308,1,550.8,4,1,2,2.3333333333333335,1,72,550.8,0,1,2,Hibernating
18098,United Kingdom,396,1,550.84,4,1,2,2.3333333333333335,1,217,6.26,0,1,2,Hibernating
16707,United Kingdom,400,4,551.11,4,3,2,3.0,4,402,8.35,240,1,2,Hibernating
16936,United Kingdom,25,2,551.17,2,3,2,2.3333333333333335,2,342,3.91,360,0,0,Loyal Regulars
12363,Unspecified,109,2,552.0,3,2,2,2.3333333333333335,2,408,24.0,133,1,0,Loyal Regulars
17016,United Kingdom,576,1,552.4,5,2,2,3.0,1,309,13.47,0,1,2,Hibernating
16406,United Kingdom,18,3,552.68,1,3,2,2.0,3,271,3.48,635,0,0,Loyal Regulars
17407,United Kingdom,411,1,552.9,5,1,2,2.6666666666666665,1,426,24.04,0,1,2,Hibernating
15650,United Kingdom,521,2,553.88,5,2,2,3.0,2,210,15.39,107,1,2,Hibernating
16641,United Kingdom,105,2,554.5,3,2,2,2.3333333333333335,2,454,15.4,596,1,0,Loyal Regulars
18056,United Kingdom,288,2,554.6,4,2,2,2.6666666666666665,2,334,18.49,330,1,2,Hibernating
15634,United Kingdom,17,2,554.65,1,3,2,2.0,2,227,16.31,366,0,0,Loyal Regulars
15102,United Kingdom,530,2,554.67,5,2,2,3.0,2,339,20.54,16,1,2,Hibernating
13024,United Kingdom,470,2,555.87,5,2,2,3.0,2,181,17.93,112,1,2,Hibernating
13677,United Kingdom,404,2,556.19,4,2,2,2.6666666666666665,2,218,5.2,116,1,2,Hibernating
16519,United Kingdom,25,4,556.26,2,4,2,2.6666666666666665,4,176,13.24,623,0,0,Loyal Regulars
18049,United Kingdom,437,2,556.52,5,2,2,3.0,2,425,5.86,153,1,2,Hibernating
17295,United Kingdom,28,3,556.95,2,3,2,2.3333333333333335,3,294,8.07,36,0,0,Loyal Regulars
13260,United Kingdom,61,1,557.62,3,1,2,2.0,1,142,69.7,0,0,0,Loyal Regulars
17503,United Kingdom,2,2,558.96,1,3,2,2.0,2,486,14.71,36,0,0,Loyal Regulars
16414,United Kingdom,21,5,559.71,2,4,2,2.6666666666666665,5,202,8.75,673,0,0,Loyal Regulars
14273,United Kingdom,51,4,559.97,2,4,2,2.6666666666666665,4,264,19.31,191,0,0,Loyal Regulars
15055,United Kingdom,474,3,560.07,5,3,2,3.3333333333333335,3,230,6.59,249,1,2,Hibernating
17413,United Kingdom,404,2,560.14,4,2,2,2.6666666666666665,2,302,56.01,165,1,2,Hibernating
15917,United Kingdom,247,5,560.63,4,4,2,3.3333333333333335,5,263,3.62,490,1,0,Loyal Regulars
15655,United Kingdom,243,1,560.67,4,1,2,2.3333333333333335,1,324,16.49,0,1,0,Loyal Regulars
17233,United Kingdom,35,3,560.86,2,3,2,2.3333333333333335,3,298,9.67,689,0,0,Loyal Regulars
18127,United Kingdom,19,4,561.53,1,4,2,2.3333333333333335,4,252,8.14,384,0,0,Loyal Regulars
12559,Germany,310,2,561.71,4,2,2,2.6666666666666665,2,283,26.75,9,1,2,Hibernating
16111,United Kingdom,428,1,562.48,5,1,2,2.6666666666666665,1,236,7.5,0,1,2,Hibernating
17265,United Kingdom,138,2,562.9,3,2,2,2.3333333333333335,2,394,4.43,42,1,0,Loyal Regulars
17195,United Kingdom,655,1,562.98,5,2,2,3.0,1,486,18.16,0,1,2,Hibernating
17665,United Kingdom,493,1,563.1,5,1,2,2.6666666666666665,1,690,29.64,0,1,2,Hibernating
15597,United Kingdom,35,2,563.37,2,3,2,2.3333333333333335,2,393,15.23,540,0,0,Loyal Regulars
15143,United Kingdom,225,2,563.63,4,2,2,2.6666666666666665,2,320,18.18,207,1,0,Loyal Regulars
15344,United Kingdom,0,3,563.94,1,3,2,2.0,3,116,21.69,74,0,0,Loyal Regulars
13894,United Kingdom,23,3,564.62,2,3,2,2.3333333333333335,3,354,20.91,287,0,0,Loyal Regulars
14716,United Kingdom,43,3,565.45,2,3,2,2.3333333333333335,3,752,5.65,401,0,0,Loyal Regulars
18150,United Kingdom,32,3,566.58,2,3,2,2.3333333333333335,3,332,15.31,169,0,0,Loyal Regulars
13998,United Kingdom,446,3,566.7,5,3,2,3.3333333333333335,3,204,18.28,130,1,2,Hibernating
14986,United Kingdom,376,2,566.9,4,2,2,2.6666666666666665,2,342,5.67,308,1,2,Hibernating
15627,United Kingdom,457,2,566.9,5,2,2,3.0,2,344,23.62,65,1,2,Hibernating
14208,United Kingdom,94,2,567.05,3,2,2,2.3333333333333335,2,529,16.2,457,1,0,Loyal Regulars
13321,United Kingdom,72,2,567.36,3,2,2,2.3333333333333335,2,372,51.58,14,0,0,Loyal Regulars
18244,United Kingdom,430,2,568.64,5,2,2,3.0,2,856,29.93,72,1,2,Hibernating
13406,United Kingdom,427,2,568.92,5,2,2,3.0,2,292,63.21,204,1,2,Hibernating
15169,United Kingdom,382,2,569.22,4,2,2,2.6666666666666665,2,356,9.65,344,1,2,Hibernating
17433,United Kingdom,88,2,569.96,3,2,2,2.3333333333333335,2,305,6.13,297,0,0,Loyal Regulars
16667,United Kingdom,68,2,570.13,3,2,2,2.3333333333333335,2,237,10.76,216,0,0,Loyal Regulars
14592,United Kingdom,35,3,570.46,2,3,2,2.3333333333333335,3,415,3.48,29,0,0,Loyal Regulars
15857,United Kingdom,18,2,570.48,1,3,2,2.0,2,584,23.77,412,0,0,Loyal Regulars
17122,United Kingdom,119,4,570.5,3,3,2,2.6666666666666665,4,368,19.02,380,1,0,Loyal Regulars
15315,United Kingdom,64,2,570.5,3,2,2,2.3333333333333335,2,862,15.42,52,0,0,Loyal Regulars
13190,United Kingdom,544,3,570.66,5,3,2,3.3333333333333335,3,308,33.57,188,1,2,Hibernating
15821,United Kingdom,44,2,570.96,2,2,2,2.0,2,202,9.21,17,0,0,Loyal Regulars
18053,United Kingdom,70,3,571.07,3,3,2,2.6666666666666665,3,409,17.85,457,0,0,Loyal Regulars
15691,United Kingdom,252,4,571.3,4,3,2,3.0,4,212,40.81,481,1,0,Loyal Regulars
15198,United Kingdom,92,5,571.35,3,4,2,3.0,5,327,18.43,597,1,0,Loyal Regulars
15920,United Kingdom,154,9,571.64,3,5,2,3.3333333333333335,9,240,5.29,571,1,0,Loyal Regulars
13816,Germany,23,2,571.67,2,3,2,2.3333333333333335,2,269,20.42,41,0,0,Loyal Regulars
12816,Poland,95,2,572.2,3,2,2,2.3333333333333335,2,128,19.73,81,1,0,Loyal Regulars
14053,United Kingdom,124,4,572.3,3,3,2,2.6666666666666665,4,490,63.59,362,1,0,Loyal Regulars
13179,United Kingdom,618,1,572.31,5,2,2,3.0,1,368,16.83,0,1,2,Hibernating
13379,United Kingdom,26,3,572.56,2,3,2,2.3333333333333335,3,601,5.9,110,0,0,Loyal Regulars
13424,United Kingdom,449,1,572.77,5,1,2,2.6666666666666665,1,529,14.32,0,1,2,Hibernating
15415,United Kingdom,313,1,572.81,4,1,2,2.3333333333333335,1,575,11.93,0,1,2,Hibernating
12879,United Kingdom,44,3,573.22,2,3,2,2.3333333333333335,3,370,57.32,47,0,0,Loyal Regulars
13262,United Kingdom,263,3,573.45,4,3,2,3.0,3,247,11.47,337,1,2,Hibernating
12859,United Kingdom,458,1,575.1,5,1,2,2.6666666666666665,1,292,27.39,0,1,2,Hibernating
17557,United Kingdom,14,4,575.46,1,4,2,2.3333333333333335,4,310,16.44,718,0,0,Loyal Regulars
15830,United Kingdom,37,1,576.0,2,1,2,1.6666666666666667,1,415,14.77,0,0,0,Loyal Regulars
17274,United Kingdom,35,2,577.38,2,3,2,2.3333333333333335,2,273,7.31,360,0,0,Loyal Regulars
18262,United Kingdom,140,3,577.54,3,3,2,2.6666666666666665,3,552,13.75,462,1,0,Loyal Regulars
18039,United Kingdom,374,4,579.17,4,3,2,3.0,4,570,3.45,266,1,2,Hibernating
15959,United Kingdom,682,3,579.49,5,3,2,3.3333333333333335,3,282,7.43,0,1,2,Hibernating
15588,United Kingdom,677,1,579.6,5,2,2,3.0,1,96,144.9,0,1,2,Hibernating
16596,United Kingdom,15,4,579.63,1,4,2,2.3333333333333335,4,227,19.32,714,0,0,Loyal Regulars
14742,United Kingdom,435,1,579.85,5,1,2,2.6666666666666665,1,374,17.05,0,1,2,Hibernating
17099,United Kingdom,533,1,582.17,5,2,2,3.0,1,317,14.55,0,1,2,Hibernating
17970,United Kingdom,211,1,582.59,4,1,2,2.3333333333333335,1,525,18.79,0,1,0,Loyal Regulars
16802,United Kingdom,679,2,582.61,5,2,2,3.0,2,369,10.99,51,1,2,Hibernating
16100,United Kingdom,462,1,582.64,5,1,2,2.6666666666666665,1,438,15.75,0,1,2,Hibernating
15918,United Kingdom,190,3,582.88,4,3,2,3.0,3,240,9.56,441,1,0,Loyal Regulars
16001,United Kingdom,381,1,583.39,4,1,2,2.3333333333333335,1,337,20.12,0,1,2,Hibernating
15762,United Kingdom,65,2,583.75,3,2,2,2.3333333333333335,2,251,15.78,12,0,0,Loyal Regulars
14023,United Kingdom,7,2,584.07,1,3,2,2.0,2,345,18.84,243,0,0,Loyal Regulars
12800,Portugal,470,3,584.25,5,3,2,3.3333333333333335,3,284,17.18,206,1,2,Hibernating
12384,Switzerland,28,2,585.27,2,3,2,2.3333333333333335,2,126,21.68,93,0,0,Loyal Regulars
17773,United Kingdom,514,2,585.27,5,2,2,3.0,2,260,10.45,176,1,2,Hibernating
14173,United Kingdom,10,6,586.0,1,4,2,2.3333333333333335,6,194,17.76,720,0,0,Loyal Regulars
17014,United Kingdom,8,3,586.33,1,3,2,2.0,3,245,7.92,58,0,0,Loyal Regulars
15191,United Kingdom,463,3,588.05,5,3,2,3.3333333333333335,3,287,16.8,225,1,2,Hibernating
15624,United Kingdom,116,4,588.13,3,3,2,2.6666666666666665,4,357,17.3,140,1,0,Loyal Regulars
15160,United Kingdom,357,4,589.27,4,3,2,3.0,4,307,25.62,64,1,2,Hibernating
17098,United Kingdom,381,3,591.07,4,3,2,3.0,3,125,32.84,159,1,2,Hibernating
15524,United Kingdom,24,2,591.4,2,3,2,2.3333333333333335,2,28,65.71,582,0,0,Loyal Regulars
17483,United Kingdom,65,4,591.73,3,3,2,2.6666666666666665,4,265,21.13,349,0,0,Loyal Regulars
12790,Netherlands,192,2,591.85,4,2,2,2.6666666666666665,2,306,16.0,218,1,0,Loyal Regulars
17156,United Kingdom,491,1,591.87,5,1,2,2.6666666666666665,1,391,15.18,0,1,2,Hibernating
17815,United Kingdom,393,1,591.96,4,1,2,2.3333333333333335,1,612,45.54,0,1,2,Hibernating
13472,United Kingdom,463,2,592.24,5,2,2,3.0,2,310,21.15,92,1,2,Hibernating
18232,United Kingdom,81,4,592.97,3,3,2,2.6666666666666665,4,302,16.03,116,0,0,Loyal Regulars
14746,United Kingdom,406,4,593.5,4,3,2,3.0,4,398,65.94,17,1,2,Hibernating
15929,United Kingdom,644,1,594.0,5,2,2,3.0,1,120,594.0,0,1,2,Hibernating
15442,United Kingdom,248,1,594.0,4,1,2,2.3333333333333335,1,120,297.0,0,1,0,Loyal Regulars
14771,United Kingdom,621,2,594.62,5,2,2,3.0,2,622,12.65,115,1,2,Hibernating
17658,United Kingdom,25,2,595.42,2,3,2,2.3333333333333335,2,616,31.34,186,0,0,Loyal Regulars
15346,United Kingdom,332,3,596.12,4,3,2,3.0,3,260,16.11,99,1,2,Hibernating
15631,United Kingdom,642,1,596.67,5,2,2,3.0,1,525,15.3,0,1,2,Hibernating
13684,United Kingdom,285,4,596.98,4,3,2,3.0,4,235,5.48,336,1,2,Hibernating
14170,United Kingdom,375,3,597.33,4,3,2,3.0,3,290,3.62,20,1,2,Hibernating
15424,United Kingdom,254,3,597.78,4,3,2,3.0,3,873,18.11,209,1,0,Loyal Regulars
17845,United Kingdom,555,4,598.19,5,3,2,3.3333333333333335,4,196,12.46,21,1,2,Hibernating
13311,United Kingdom,4,2,598.57,1,3,2,2.0,2,305,23.02,146,0,0,Loyal Regulars
14569,United Kingdom,1,4,598.98,1,4,2,2.3333333333333335,4,258,17.11,602,0,0,Loyal Regulars
14965,United Kingdom,96,2,599.0,3,2,2,2.3333333333333335,2,365,7.22,0,1,0,Loyal Regulars
12521,Germany,142,1,599.68,3,1,2,2.0,1,309,15.78,0,1,0,Loyal Regulars
17678,United Kingdom,263,2,599.76,4,2,2,2.6666666666666665,2,368,21.42,340,1,2,Hibernating
18211,United Kingdom,25,5,600.07,2,4,2,2.6666666666666665,5,359,14.29,253,0,0,Loyal Regulars
17745,United Kingdom,477,2,600.34,5,2,2,3.0,2,164,21.44,78,1,2,Hibernating
12420,Cyprus,63,1,600.39,3,1,2,2.0,1,345,20.7,0,0,0,Loyal Regulars
14254,United Kingdom,432,1,601.03,5,1,2,2.6666666666666665,1,263,26.13,0,1,2,Hibernating
12654,Germany,10,5,601.98,1,4,2,2.3333333333333335,5,264,15.84,285,0,0,Loyal Regulars
14670,United Kingdom,280,3,602.0,4,3,2,3.0,3,434,3.2,452,1,2,Hibernating
17890,United Kingdom,322,2,602.09,4,2,2,2.6666666666666665,2,416,6.41,39,1,2,Hibernating
16080,United Kingdom,81,4,602.56,3,3,2,2.6666666666666665,4,298,20.09,369,0,0,Loyal Regulars
16445,United Kingdom,33,4,602.73,2,4,2,2.6666666666666665,4,299,3.14,378,0,0,Loyal Regulars
18264,United Kingdom,498,1,603.25,5,1,2,2.6666666666666665,1,241,16.76,0,1,2,Hibernating
12707,France,291,1,603.42,4,1,2,2.3333333333333335,1,256,18.29,0,1,2,Hibernating
13106,United Kingdom,133,2,603.46,3,2,2,2.3333333333333335,2,231,37.72,280,1,0,Loyal Regulars
12556,Spain,50,2,603.71,2,2,2,2.0,2,358,4.99,101,0,0,Loyal Regulars
14417,United Kingdom,387,1,604.2,4,1,2,2.3333333333333335,1,567,4.41,0,1,2,Hibernating
14611,United Kingdom,443,2,604.33,5,2,2,3.0,2,582,15.9,155,1,2,Hibernating
17270,United Kingdom,469,2,604.4,5,2,2,3.0,2,421,12.33,263,1,2,Hibernating
12944,United Kingdom,35,2,604.51,2,3,2,2.3333333333333335,2,289,20.15,319,0,0,Loyal Regulars
16321,Australia,72,7,604.55,3,4,2,3.0,7,259,26.28,666,0,0,Loyal Regulars
13558,United Kingdom,5,4,605.06,1,4,2,2.3333333333333335,4,344,3.46,63,0,0,Loyal Regulars
14323,United Kingdom,114,2,605.06,3,2,2,2.3333333333333335,2,350,16.81,124,1,0,Loyal Regulars
16780,United Kingdom,100,3,605.55,3,3,2,2.6666666666666665,3,355,6.12,307,1,0,Loyal Regulars
17507,United Kingdom,261,2,605.58,4,2,2,2.6666666666666665,2,359,6.88,48,1,2,Hibernating
16590,United Kingdom,400,2,605.9,4,2,2,2.6666666666666665,2,240,20.89,14,1,2,Hibernating
15158,United Kingdom,45,2,606.02,2,2,2,2.0,2,219,55.09,356,0,0,Loyal Regulars
17119,United Kingdom,3,2,606.91,1,3,2,2.0,2,334,17.34,56,0,0,Loyal Regulars
15717,United Kingdom,234,5,607.0,4,4,2,3.3333333333333335,5,224,25.29,358,1,0,Loyal Regulars
17473,United Kingdom,408,2,607.0,4,2,2,2.6666666666666665,2,270,17.85,48,1,2,Hibernating
15018,United Kingdom,38,3,607.46,2,3,2,2.3333333333333335,3,210,16.87,329,0,0,Loyal Regulars
13933,United Kingdom,109,2,608.79,3,2,2,2.3333333333333335,2,205,26.47,39,1,0,Loyal Regulars
16675,United Kingdom,441,2,608.86,5,2,2,3.0,2,296,26.47,37,1,2,Hibernating
17707,United Kingdom,185,8,609.3,3,4,2,3.0,8,546,25.39,547,1,0,Loyal Regulars
17325,United Kingdom,280,3,609.57,4,3,2,3.0,3,465,15.63,361,1,2,Hibernating
14636,United Kingdom,36,2,609.85,2,3,2,2.3333333333333335,2,241,21.78,232,0,0,Loyal Regulars
13731,United Kingdom,219,2,610.59,4,2,2,2.6666666666666665,2,278,16.07,27,1,0,Loyal Regulars
16922,United Kingdom,572,1,611.08,5,2,2,3.0,1,281,5.01,0,1,2,Hibernating
17209,United Kingdom,649,3,611.6,5,3,2,3.3333333333333335,3,731,15.29,87,1,2,Hibernating
15232,United Kingdom,113,2,612.06,3,2,2,2.3333333333333335,2,686,19.74,27,1,0,Loyal Regulars
13008,United Kingdom,323,3,612.13,4,3,2,3.0,3,379,17.49,400,1,2,Hibernating
12513,France,112,1,612.29,3,1,2,2.0,1,462,17.49,0,1,0,Loyal Regulars
16589,United Kingdom,71,4,612.36,3,3,2,2.6666666666666665,4,536,13.92,379,0,0,Loyal Regulars
16178,United Kingdom,138,2,612.6,3,2,2,2.3333333333333335,2,304,24.5,263,1,0,Loyal Regulars
16116,United Kingdom,211,1,612.78,4,1,2,2.3333333333333335,1,248,18.02,0,1,0,Loyal Regulars
15362,United Kingdom,448,2,613.08,5,2,2,3.0,2,368,15.33,290,1,2,Hibernating
17035,United Kingdom,245,4,613.59,4,3,2,3.0,4,327,18.59,491,1,0,Loyal Regulars
13832,United Kingdom,19,2,613.69,2,3,2,2.3333333333333335,2,422,10.77,403,0,0,Loyal Regulars
14570,United Kingdom,280,3,613.75,4,3,2,3.0,3,431,9.03,163,1,2,Hibernating
16844,United Kingdom,562,2,614.34,5,2,2,3.0,2,281,19.2,20,1,2,Hibernating
16566,United Kingdom,15,5,614.66,1,4,2,2.3333333333333335,5,362,34.15,277,0,0,Loyal Regulars
15748,United Kingdom,40,3,614.76,2,3,2,2.3333333333333335,3,262,16.62,409,0,0,Loyal Regulars
16847,United Kingdom,43,2,614.89,2,2,2,2.0,2,255,16.62,575,0,0,Loyal Regulars
14077,United Kingdom,40,6,615.08,2,4,2,2.6666666666666665,6,376,10.98,355,0,0,Loyal Regulars
15275,United Kingdom,37,1,615.14,2,1,2,1.6666666666666667,1,498,15.0,0,0,0,Loyal Regulars
17639,United Kingdom,276,6,615.17,4,4,2,3.3333333333333335,6,576,7.79,207,1,2,Hibernating
16311,United Kingdom,17,2,616.26,1,3,2,2.0,2,394,16.66,32,0,0,Loyal Regulars
13369,United Kingdom,365,1,616.56,4,1,2,2.3333333333333335,1,298,22.02,0,1,2,Hibernating
14377,United Kingdom,191,2,617.05,4,2,2,2.6666666666666665,2,219,56.1,71,1,0,Loyal Regulars
15956,United Kingdom,551,2,617.6,5,2,2,3.0,2,278,34.31,175,1,2,Hibernating
13301,United Kingdom,103,4,618.09,3,3,3,3.0,4,345,7.63,189,1,0,Loyal Regulars
12596,Spain,51,2,618.27,2,2,3,2.3333333333333335,2,474,22.9,191,0,0,Loyal Regulars
16613,United Kingdom,70,1,618.59,3,1,3,2.3333333333333335,1,293,20.62,0,0,0,Loyal Regulars
13493,Switzerland,275,2,618.63,4,2,3,3.0,2,380,77.33,12,1,2,Hibernating
14079,United Kingdom,124,2,618.73,3,2,3,2.6666666666666665,2,302,47.59,558,1,0,Loyal Regulars
13020,United Kingdom,562,2,618.96,5,2,3,3.3333333333333335,2,278,15.87,97,1,2,Hibernating
16776,United Kingdom,60,2,619.85,3,2,3,2.6666666666666665,2,450,4.52,355,0,0,Loyal Regulars
14529,United Kingdom,60,3,620.04,3,3,3,3.0,3,348,2.71,50,0,0,Loyal Regulars
12667,Finland,58,1,620.13,2,1,3,2.0,1,395,18.79,0,0,0,Loyal Regulars
14339,United Kingdom,242,2,620.27,4,2,3,3.0,2,456,26.97,186,1,0,Loyal Regulars
13836,United Kingdom,399,2,620.37,4,2,3,3.0,2,273,20.01,15,1,2,Hibernating
14115,United Kingdom,501,2,622.67,5,2,3,3.3333333333333335,2,509,28.3,165,1,2,Hibernating
12575,France,457,2,622.82,5,2,3,3.3333333333333335,2,315,16.39,69,1,2,Hibernating
15258,United Kingdom,168,2,623.16,3,2,3,2.6666666666666665,2,142,18.33,49,1,0,Loyal Regulars
16792,United Kingdom,282,5,623.46,4,4,3,3.6666666666666665,5,324,6.11,422,1,2,Hibernating
15147,United Kingdom,240,1,623.5,4,1,3,2.6666666666666665,1,366,22.27,0,1,0,Loyal Regulars
16750,United Kingdom,44,5,623.93,2,4,3,3.0,5,214,6.57,188,0,0,Loyal Regulars
13776,United Kingdom,428,2,623.98,5,2,3,3.3333333333333335,2,2,311.99,0,1,2,Hibernating
14169,United Kingdom,430,2,624.43,5,2,3,3.3333333333333335,2,208,9.32,14,1,2,Hibernating
16715,United Kingdom,78,2,625.52,3,2,3,2.6666666666666665,2,1174,22.34,484,0,0,Loyal Regulars
14793,United Kingdom,21,2,625.9,2,3,3,2.6666666666666665,2,361,16.05,514,0,0,Loyal Regulars
13914,United Kingdom,11,2,626.45,1,3,3,2.3333333333333335,2,380,18.98,25,0,0,Loyal Regulars
17392,United Kingdom,306,3,626.56,4,3,3,3.3333333333333335,3,493,8.24,144,1,2,Hibernating
14036,United Kingdom,284,1,626.65,4,1,3,2.6666666666666665,1,268,16.49,0,1,2,Hibernating
13480,United Kingdom,416,2,627.82,5,2,3,3.3333333333333335,2,362,15.31,263,1,2,Hibernating
14455,United Kingdom,432,4,628.21,5,3,3,3.6666666666666665,4,719,7.95,63,1,2,Hibernating
16022,United Kingdom,260,1,628.28,4,1,3,2.6666666666666665,1,261,8.27,0,1,2,Hibernating
16158,United Kingdom,522,9,628.32,5,5,3,4.333333333333333,9,182,17.95,212,1,2,Hibernating
14283,United Kingdom,463,4,628.44,5,3,3,3.6666666666666665,4,550,15.33,106,1,2,Hibernating
13525,United Kingdom,14,2,628.78,1,3,3,2.3333333333333335,2,394,104.8,234,0,0,Loyal Regulars
18101,United Kingdom,11,5,629.16,1,4,3,2.6666666666666665,5,250,5.62,663,0,0,Loyal Regulars
15016,United Kingdom,172,5,630.3,3,4,3,3.3333333333333335,5,247,5.84,371,1,0,Loyal Regulars
16193,United Kingdom,236,2,630.43,4,2,3,3.0,2,379,16.59,174,1,0,Loyal Regulars
13706,United Kingdom,302,2,631.17,4,2,3,3.0,2,301,16.61,324,1,2,Hibernating
14381,United Kingdom,52,2,631.34,2,2,3,2.3333333333333335,2,453,5.54,399,0,0,Loyal Regulars
13444,United Kingdom,374,2,631.68,4,2,3,3.0,2,337,10.89,132,1,2,Hibernating
13822,United Kingdom,5,2,632.0,1,3,3,2.3333333333333335,2,611,6.58,35,0,0,Loyal Regulars
18183,United Kingdom,227,2,632.07,4,2,3,3.0,2,371,17.08,47,1,0,Loyal Regulars
14237,United Kingdom,373,2,632.14,4,2,3,3.0,2,276,18.06,217,1,2,Hibernating
13540,United Kingdom,467,3,632.39,5,3,3,3.6666666666666665,3,189,19.76,188,1,2,Hibernating
15666,United Kingdom,472,2,632.94,5,2,3,3.3333333333333335,2,469,9.45,23,1,2,Hibernating
14219,United Kingdom,4,3,633.83,1,3,3,2.3333333333333335,3,363,14.74,489,0,0,Loyal Regulars
16330,United Kingdom,17,7,634.33,1,4,3,2.6666666666666665,7,327,5.38,645,0,0,Loyal Regulars
14365,United Kingdom,394,2,634.68,4,2,3,3.0,2,557,12.44,287,1,2,Hibernating
14594,United Kingdom,7,2,634.83,1,3,3,2.3333333333333335,2,331,7.56,366,0,0,Loyal Regulars
17985,United Kingdom,22,1,634.95,2,1,3,2.0,1,183,27.61,0,0,0,Loyal Regulars
17334,United Kingdom,302,3,635.15,4,3,3,3.3333333333333335,3,566,20.49,104,1,2,Hibernating
16534,United Kingdom,642,1,635.9,5,2,3,3.3333333333333335,1,168,17.66,0,1,2,Hibernating
15829,United Kingdom,99,2,636.14,3,2,3,2.6666666666666665,2,996,12.47,41,1,0,Loyal Regulars
17134,United Kingdom,106,3,637.1,3,3,3,3.0,3,148,17.22,336,1,0,Loyal Regulars
14664,United Kingdom,19,2,637.89,2,3,3,2.6666666666666665,2,466,6.44,14,0,0,Loyal Regulars
12699,Germany,417,1,638.11,5,1,3,3.0,1,373,15.56,0,1,2,Hibernating
12417,Spain,225,2,638.36,4,2,3,3.0,18,2518,18.39,730,1,0,Loyal Regulars
12417,Spain,225,2,638.36,4,2,3,3.0,2,372,18.78,209,1,0,Loyal Regulars
17998,United Kingdom,380,3,639.24,4,3,3,3.3333333333333335,3,561,11.02,358,1,2,Hibernating
12734,France,352,3,639.65,4,3,3,3.3333333333333335,3,265,33.67,40,1,2,Hibernating
15183,United Kingdom,547,3,639.93,5,3,3,3.6666666666666665,3,297,16.84,37,1,2,Hibernating
12880,United Kingdom,381,2,640.13,4,2,3,3.0,2,279,17.78,193,1,2,Hibernating
16368,United Kingdom,2,3,640.21,1,3,3,2.3333333333333335,3,317,6.53,433,0,0,Loyal Regulars
12538,Spain,29,2,640.45,2,3,3,2.6666666666666665,2,336,18.84,349,0,0,Loyal Regulars
13318,United Kingdom,1,3,640.76,1,3,3,2.3333333333333335,3,304,32.04,36,0,0,Loyal Regulars
12624,France,106,2,641.13,3,2,3,2.6666666666666665,2,355,16.87,71,1,0,Loyal Regulars
12365,Cyprus,291,2,641.38,4,2,3,3.0,2,174,29.15,0,1,2,Hibernating
14537,United Kingdom,57,2,641.4,2,2,3,2.3333333333333335,2,228,27.89,566,0,0,Loyal Regulars
16399,United Kingdom,19,3,641.82,1,3,3,2.3333333333333335,3,456,5.68,370,0,0,Loyal Regulars
15297,United Kingdom,10,3,641.94,1,3,3,2.3333333333333335,3,292,16.46,53,0,0,Loyal Regulars
16431,United Kingdom,213,3,642.81,4,3,3,3.3333333333333335,3,453,7.74,84,1,0,Loyal Regulars
13237,United Kingdom,387,1,643.0,4,1,3,2.6666666666666665,1,128,26.79,0,1,2,Hibernating
17312,United Kingdom,138,3,644.3,3,3,3,3.0,3,372,46.02,21,1,0,Loyal Regulars
16185,United Kingdom,16,3,644.72,1,3,3,2.3333333333333335,3,321,16.12,548,0,0,Loyal Regulars
12719,France,5,2,644.95,1,3,3,2.3333333333333335,2,374,16.54,60,0,0,Loyal Regulars
17380,United Kingdom,434,3,645.0,5,3,3,3.6666666666666665,3,252,64.5,100,1,2,Hibernating
14024,United Kingdom,121,3,645.74,3,3,3,3.0,3,238,18.99,269,1,0,Loyal Regulars
16412,United Kingdom,53,5,647.23,2,4,3,3.0,5,311,4.76,620,0,0,Loyal Regulars
12844,United Kingdom,29,4,648.6,2,4,3,3.0,4,223,6.3,564,0,0,Loyal Regulars
15276,United Kingdom,66,4,649.53,3,3,3,3.0,4,331,3.42,368,0,0,Loyal Regulars
16969,United Kingdom,39,3,650.41,2,3,3,2.6666666666666665,3,816,15.49,152,0,0,Loyal Regulars
16734,United Kingdom,52,3,650.51,2,3,3,2.6666666666666665,3,346,12.27,62,0,0,Loyal Regulars
12855,United Kingdom,372,4,650.94,4,3,3,3.3333333333333335,4,270,9.3,30,1,2,Hibernating
13840,United Kingdom,416,1,651.4,5,1,3,3.0,1,358,16.29,0,1,2,Hibernating
17963,United Kingdom,471,4,651.51,5,3,3,3.6666666666666665,4,344,5.82,218,1,2,Hibernating
14034,United Kingdom,22,3,651.82,2,3,3,2.6666666666666665,3,423,7.32,135,0,0,Loyal Regulars
17523,United Kingdom,11,4,652.74,1,4,3,2.6666666666666665,4,872,19.78,8,0,0,Loyal Regulars
15205,United Kingdom,85,2,653.24,3,2,3,2.6666666666666665,2,378,17.66,42,0,0,Loyal Regulars
13496,United Kingdom,10,2,653.33,1,3,3,2.3333333333333335,2,341,18.67,349,0,0,Loyal Regulars
17398,United Kingdom,114,3,653.38,3,3,3,3.0,3,310,17.19,141,1,0,Loyal Regulars
16117,United Kingdom,189,3,654.4,3,3,3,3.0,3,321,7.35,402,1,0,Loyal Regulars
14558,United Kingdom,654,3,655.5,5,3,3,3.6666666666666665,3,162,43.7,77,1,2,Hibernating
16708,United Kingdom,45,1,656.63,2,1,3,2.0,1,285,24.32,0,0,0,Loyal Regulars
16157,United Kingdom,15,3,656.69,1,3,3,2.3333333333333335,3,347,36.48,57,0,0,Loyal Regulars
17459,United Kingdom,43,2,657.3,2,3,3,2.6666666666666665,2,537,5.92,17,0,0,Loyal Regulars
15648,United Kingdom,204,2,657.35,4,2,3,3.0,2,221,26.29,63,1,0,Loyal Regulars
16696,United Kingdom,135,4,657.9,3,3,3,3.0,4,146,65.79,113,1,0,Loyal Regulars
15715,United Kingdom,555,5,658.02,5,4,3,4.0,5,246,17.32,64,1,2,Hibernating
13433,United Kingdom,501,4,658.32,5,3,3,3.6666666666666665,4,190,27.43,195,1,2,Hibernating
17779,United Kingdom,21,3,658.57,2,3,3,2.6666666666666665,3,397,8.03,122,0,0,Loyal Regulars
14150,United Kingdom,35,2,658.64,2,3,3,2.6666666666666665,2,496,25.33,324,0,0,Loyal Regulars
13622,United Kingdom,696,1,658.95,5,2,3,3.3333333333333335,1,379,20.59,0,1,2,Hibernating
13759,United Kingdom,33,2,659.41,2,3,3,2.6666666666666665,2,287,26.38,38,0,0,Loyal Regulars
13518,United Kingdom,85,1,659.44,3,1,3,2.3333333333333335,1,392,17.35,0,0,0,Loyal Regulars
15492,United Kingdom,28,2,659.46,2,3,3,2.6666666666666665,2,483,18.84,46,0,0,Loyal Regulars
15405,United Kingdom,189,2,659.84,3,2,3,2.6666666666666665,2,348,21.99,387,1,0,Loyal Regulars
14603,United Kingdom,274,1,660.0,4,1,3,2.6666666666666665,1,400,330.0,0,1,2,Hibernating
16428,United Kingdom,413,3,660.28,5,3,3,3.6666666666666665,3,595,4.85,84,1,2,Hibernating
17375,United Kingdom,199,4,660.55,4,3,3,3.3333333333333335,4,480,7.68,232,1,0,Loyal Regulars
13820,United Kingdom,418,3,660.65,5,3,3,3.6666666666666665,3,287,7.34,262,1,2,Hibernating
16887,United Kingdom,35,3,660.72,2,3,3,2.6666666666666665,3,424,6.48,703,0,0,Loyal Regulars
13028,United Kingdom,22,2,661.32,2,3,3,2.6666666666666665,2,798,14.7,23,0,0,Loyal Regulars
14425,United Kingdom,434,3,661.39,5,3,3,3.6666666666666665,3,325,16.96,303,1,2,Hibernating
16862,United Kingdom,547,4,662.33,5,3,3,3.6666666666666665,4,513,18.92,154,1,2,Hibernating
13864,United Kingdom,386,1,662.4,4,1,3,2.6666666666666665,1,192,662.4,0,1,2,Hibernating
17371,United Kingdom,17,6,662.55,1,4,3,2.6666666666666665,6,283,4.54,714,0,0,Loyal Regulars
17852,United Kingdom,11,5,663.21,1,4,3,2.6666666666666665,5,376,6.03,720,0,0,Loyal Regulars
15350,United Kingdom,373,2,663.25,4,2,3,3.0,2,323,18.95,10,1,2,Hibernating
16573,United Kingdom,84,2,663.61,3,2,3,2.6666666666666665,2,360,15.8,206,0,0,Loyal Regulars
13474,United Kingdom,236,3,663.79,4,3,3,3.3333333333333335,3,334,5.11,259,1,0,Loyal Regulars
14720,United Kingdom,5,3,663.81,1,3,3,2.3333333333333335,3,219,17.94,121,0,0,Loyal Regulars
15643,United Kingdom,191,3,664.0,4,3,3,3.3333333333333335,3,246,20.12,91,1,0,Loyal Regulars
16132,United Kingdom,544,2,664.2,5,2,3,3.3333333333333335,2,280,39.07,83,1,2,Hibernating
16056,United Kingdom,45,1,664.85,2,1,3,2.0,1,347,9.78,0,0,0,Loyal Regulars
14452,United Kingdom,10,4,665.59,1,4,3,2.6666666666666665,4,289,5.04,511,0,0,Loyal Regulars
17105,United Kingdom,159,2,665.78,3,2,3,2.6666666666666665,2,693,7.4,147,1,0,Loyal Regulars
17777,United Kingdom,24,3,665.86,2,3,3,2.6666666666666665,3,507,3.43,76,0,0,Loyal Regulars
13217,United Kingdom,122,4,666.48,3,3,3,3.0,4,512,133.3,533,1,0,Loyal Regulars
16268,United Kingdom,71,2,667.65,3,2,3,2.6666666666666665,2,533,14.84,0,0,0,Loyal Regulars
13741,United Kingdom,71,3,668.43,3,3,3,3.0,3,218,19.66,146,0,0,Loyal Regulars
17418,United Kingdom,42,3,670.06,2,3,3,2.6666666666666665,3,521,15.95,345,0,0,Loyal Regulars
13398,United Kingdom,192,2,670.34,4,2,3,3.0,2,341,17.19,256,1,0,Loyal Regulars
17709,United Kingdom,169,5,671.01,3,4,3,3.3333333333333335,5,295,16.78,434,1,0,Loyal Regulars
17011,United Kingdom,30,3,671.7,2,3,3,2.6666666666666665,3,792,23.99,621,0,0,Loyal Regulars
16226,United Kingdom,203,5,672.17,4,4,3,3.6666666666666665,5,521,21.68,210,1,0,Loyal Regulars
16648,United Kingdom,42,3,672.8,2,3,3,2.6666666666666665,3,503,18.18,548,0,0,Loyal Regulars
18121,United Kingdom,149,2,673.1,3,2,3,2.6666666666666665,2,450,21.03,5,1,0,Loyal Regulars
14504,United Kingdom,47,4,673.26,2,4,3,3.0,4,308,6.29,231,0,0,Loyal Regulars
15562,United Kingdom,351,3,673.38,4,3,3,3.3333333333333335,3,561,19.81,375,1,2,Hibernating
13951,United Kingdom,176,3,674.45,3,3,3,3.0,3,459,17.29,118,1,0,Loyal Regulars
13355,United Kingdom,122,1,674.7,3,1,3,2.3333333333333335,1,314,21.08,0,1,0,Loyal Regulars
13325,United Kingdom,81,1,675.3,3,1,3,2.3333333333333335,1,240,56.27,0,0,0,Loyal Regulars
17462,United Kingdom,60,2,675.69,3,2,3,2.6666666666666665,2,227,25.03,224,0,0,Loyal Regulars
13040,United Kingdom,8,2,676.99,1,3,3,2.3333333333333335,2,355,15.74,25,0,0,Loyal Regulars
13974,United Kingdom,49,2,677.72,2,2,3,2.3333333333333335,2,356,15.76,533,0,0,Loyal Regulars
13925,United Kingdom,92,4,678.25,3,3,3,3.0,4,331,16.54,42,1,0,Loyal Regulars
14182,United Kingdom,443,4,678.77,5,3,3,3.6666666666666665,4,174,13.58,153,1,2,Hibernating
16646,United Kingdom,449,1,678.8,5,1,3,3.0,1,1072,23.41,0,1,2,Hibernating
17782,United Kingdom,382,2,679.02,4,2,3,3.0,2,538,23.41,0,1,2,Hibernating
14563,United Kingdom,509,2,679.44,5,2,3,3.3333333333333335,2,335,5.91,83,1,2,Hibernating
14151,United Kingdom,673,2,679.45,5,2,3,3.3333333333333335,2,405,15.44,43,1,2,Hibernating
13430,United Kingdom,18,2,679.45,1,3,3,2.3333333333333335,2,751,13.87,68,0,0,Loyal Regulars
13809,Cyprus,305,3,679.7,4,3,3,3.3333333333333335,3,281,27.19,155,1,2,Hibernating
13524,United Kingdom,40,5,680.18,2,4,3,3.0,5,324,25.19,179,0,0,Loyal Regulars
18271,United Kingdom,609,2,680.85,5,2,3,3.3333333333333335,2,319,32.42,122,1,2,Hibernating
12478,Greece,3,1,680.99,1,1,3,1.6666666666666667,1,236,18.92,0,0,0,Loyal Regulars
12601,Germany,189,6,681.26,4,4,3,3.6666666666666665,6,290,20.04,215,1,0,Loyal Regulars
13987,United Kingdom,379,2,682.54,4,2,3,3.0,2,492,14.84,21,1,2,Hibernating
15582,United Kingdom,24,3,682.91,2,3,3,2.6666666666666665,3,453,15.52,196,0,0,Loyal Regulars
14222,United Kingdom,177,1,683.17,3,1,3,2.3333333333333335,1,607,16.66,0,1,0,Loyal Regulars
17874,United Kingdom,185,6,683.46,3,4,3,3.3333333333333335,6,221,14.86,70,1,0,Loyal Regulars
15207,United Kingdom,416,3,683.92,5,3,3,3.6666666666666665,3,428,28.5,131,1,2,Hibernating
16601,United Kingdom,40,3,684.25,2,3,3,2.6666666666666665,3,395,9.5,583,0,0,Loyal Regulars
15669,United Kingdom,40,4,684.34,2,4,3,3.0,4,342,20.74,223,0,0,Loyal Regulars
16495,United Kingdom,3,3,684.41,1,3,3,2.3333333333333335,3,337,7.06,273,0,0,Loyal Regulars
13585,United Kingdom,530,3,684.54,5,3,3,3.6666666666666665,3,1386,17.55,208,1,2,Hibernating
18123,United Kingdom,24,3,684.59,2,3,3,2.6666666666666665,3,629,11.6,489,0,0,Loyal Regulars
15219,United Kingdom,176,2,685.45,3,2,3,2.6666666666666665,2,271,26.36,472,1,0,Loyal Regulars
15257,United Kingdom,283,2,685.9,4,2,3,3.0,2,71,57.16,131,1,2,Hibernating
12658,Germany,18,1,686.05,1,1,3,1.6666666666666667,1,320,19.06,0,0,0,Loyal Regulars
17935,United Kingdom,138,7,686.14,3,4,3,3.3333333333333335,7,244,10.72,597,1,0,Loyal Regulars
16824,United Kingdom,15,3,686.24,1,3,3,2.3333333333333335,3,390,17.6,378,0,0,Loyal Regulars
13898,United Kingdom,325,2,686.4,4,2,3,3.0,2,544,14.92,86,1,2,Hibernating
15880,United Kingdom,369,1,686.56,4,1,3,2.6666666666666665,1,422,3.27,0,1,2,Hibernating
14809,United Kingdom,621,2,686.76,5,2,3,3.3333333333333335,2,232,38.15,0,1,2,Hibernating
16343,United Kingdom,16,3,687.07,1,3,3,2.3333333333333335,3,422,7.99,391,0,0,Loyal Regulars
17962,United Kingdom,142,4,687.42,3,3,3,3.0,4,651,3.44,553,1,0,Loyal Regulars
18017,United Kingdom,81,4,688.0,3,3,3,3.0,4,400,172.0,350,0,0,Loyal Regulars
12450,Spain,156,5,688.2,3,4,3,3.3333333333333335,5,442,18.6,318,1,0,Loyal Regulars
12837,United Kingdom,173,2,688.41,3,2,3,2.6666666666666665,2,209,7.48,396,1,0,Loyal Regulars
15361,United Kingdom,361,4,689.07,4,3,3,3.3333333333333335,4,373,68.91,182,1,2,Hibernating
17502,United Kingdom,9,4,689.1,1,4,3,2.6666666666666665,4,376,24.61,20,0,0,Loyal Regulars
16545,United Kingdom,164,2,689.82,3,2,3,2.6666666666666665,2,322,86.23,211,1,0,Loyal Regulars
15184,United Kingdom,29,4,689.95,2,4,3,3.0,4,486,8.12,694,0,0,Loyal Regulars
12817,Austria,281,3,690.98,4,3,3,3.3333333333333335,3,219,27.64,153,1,2,Hibernating
17733,United Kingdom,38,2,692.19,2,3,3,2.6666666666666665,2,463,19.78,223,0,0,Loyal Regulars
14111,United Kingdom,14,4,692.85,1,4,3,2.6666666666666665,4,458,69.28,227,0,0,Loyal Regulars
13101,United Kingdom,234,4,695.4,4,3,3,3.3333333333333335,4,478,13.64,447,1,0,Loyal Regulars
14959,United Kingdom,64,4,695.42,3,4,3,3.3333333333333335,4,494,11.79,232,0,0,Loyal Regulars
16704,United Kingdom,618,2,695.66,5,2,3,3.3333333333333335,2,455,11.99,54,1,2,Hibernating
15995,United Kingdom,414,1,696.19,5,1,3,3.0,1,353,6.27,0,1,2,Hibernating
15700,United Kingdom,172,2,696.68,3,2,3,2.6666666666666665,2,357,8.1,1,1,0,Loyal Regulars
13596,United Kingdom,5,2,697.04,1,3,3,2.3333333333333335,2,406,4.2,7,0,0,Loyal Regulars
14497,United Kingdom,309,2,697.06,4,2,3,3.0,2,332,17.43,364,1,2,Hibernating
15053,United Kingdom,4,3,697.79,1,3,3,2.3333333333333335,3,986,9.83,277,0,0,Loyal Regulars
16018,United Kingdom,39,4,698.13,2,4,3,3.0,4,503,12.47,693,0,0,Loyal Regulars
13242,United Kingdom,112,7,699.4,3,4,3,3.3333333333333335,7,350,19.98,556,1,0,Loyal Regulars
17163,United Kingdom,21,4,699.78,2,4,3,3.0,4,531,23.33,654,0,0,Loyal Regulars
14356,United Kingdom,79,2,701.23,3,2,3,2.6666666666666665,2,277,21.25,2,0,0,Loyal Regulars
13833,United Kingdom,159,2,701.36,3,2,3,2.6666666666666665,2,244,15.59,245,1,0,Loyal Regulars
14324,United Kingdom,409,2,701.61,4,2,3,3.0,2,402,17.11,284,1,2,Hibernating
16997,United Kingdom,288,3,702.0,4,3,3,3.3333333333333335,3,360,58.5,37,1,2,Hibernating
14699,United Kingdom,214,4,702.6,4,3,3,3.3333333333333335,4,484,14.05,311,1,0,Loyal Regulars
15901,United Kingdom,16,7,703.22,1,4,3,2.6666666666666665,7,702,4.11,527,0,0,Loyal Regulars
15103,United Kingdom,31,2,703.36,2,3,3,2.6666666666666665,2,329,20.1,55,0,0,Loyal Regulars
18082,United Kingdom,25,1,703.37,2,1,3,2.0,1,621,9.64,0,0,0,Loyal Regulars
12883,United Kingdom,24,4,703.47,2,4,3,3.0,4,196,16.75,65,0,0,Loyal Regulars
12612,Germany,74,1,704.04,3,1,3,2.3333333333333335,1,262,37.05,0,0,0,Loyal Regulars
16882,United Kingdom,66,3,705.12,3,3,3,3.0,3,424,18.08,251,0,0,Loyal Regulars
16015,United Kingdom,3,3,705.39,1,3,3,2.3333333333333335,3,909,3.88,46,0,0,Loyal Regulars
14880,United Kingdom,77,3,706.19,3,3,3,3.0,3,373,15.03,211,0,0,Loyal Regulars
17976,United Kingdom,372,1,706.38,4,1,3,2.6666666666666665,1,212,5.43,0,1,2,Hibernating
16309,United Kingdom,106,2,706.57,3,2,3,2.6666666666666665,2,467,16.82,134,1,0,Loyal Regulars
13626,United Kingdom,252,2,707.04,4,2,3,3.0,2,398,16.07,127,1,0,Loyal Regulars
16364,United Kingdom,11,2,707.04,1,3,3,2.3333333333333335,2,280,13.34,126,0,0,Loyal Regulars
12453,Austria,134,1,707.09,3,1,3,2.3333333333333335,1,473,16.44,0,1,0,Loyal Regulars
16449,United Kingdom,197,2,707.69,4,2,3,3.0,2,367,17.69,83,1,0,Loyal Regulars
14398,United Kingdom,401,2,707.79,4,2,3,3.0,2,267,13.35,126,1,2,Hibernating
12485,Sweden,529,1,708.1,5,2,3,3.3333333333333335,1,414,20.83,0,1,2,Hibernating
13927,United Kingdom,74,2,708.26,3,2,3,2.6666666666666665,2,463,17.27,363,0,0,Loyal Regulars
13103,United Kingdom,39,3,709.64,2,3,3,2.6666666666666665,3,426,21.5,538,0,0,Loyal Regulars
16885,United Kingdom,15,4,710.74,1,4,3,2.6666666666666665,4,376,5.01,370,0,0,Loyal Regulars
15127,United Kingdom,65,2,711.5,3,2,3,2.6666666666666665,2,464,25.41,454,0,0,Loyal Regulars
14470,United Kingdom,11,3,712.04,1,3,3,2.3333333333333335,3,282,11.87,419,0,0,Loyal Regulars
17761,United Kingdom,32,1,712.78,2,1,3,2.0,1,398,37.51,0,0,0,Loyal Regulars
13147,United Kingdom,10,4,712.8,1,4,3,2.6666666666666665,4,144,178.2,89,0,0,Loyal Regulars
14026,United Kingdom,470,2,713.11,5,2,3,3.3333333333333335,2,427,14.26,155,1,2,Hibernating
13512,United Kingdom,260,4,713.39,4,3,3,3.3333333333333335,4,419,18.29,323,1,0,Loyal Regulars
17051,United Kingdom,194,4,714.39,4,3,3,3.3333333333333335,4,513,4.55,434,1,0,Loyal Regulars
15330,United Kingdom,32,2,714.96,2,3,3,2.6666666666666665,2,1312,55.0,28,0,0,Loyal Regulars
12492,Germany,63,3,715.21,3,3,3,3.0,3,444,17.03,340,0,0,Loyal Regulars
16274,United Kingdom,373,1,715.9,4,1,3,2.6666666666666665,1,310,5.34,0,1,2,Hibernating
12535,France,91,2,716.35,3,2,3,2.6666666666666665,2,219,21.07,95,1,0,Loyal Regulars
15274,United Kingdom,4,2,716.57,1,3,3,2.3333333333333335,2,619,15.25,14,0,0,Loyal Regulars
16526,United Kingdom,171,2,717.21,3,2,3,2.6666666666666665,2,279,20.49,413,1,0,Loyal Regulars
12890,United Kingdom,24,2,717.27,2,3,3,2.6666666666666665,2,466,5.16,363,0,0,Loyal Regulars
12573,France,227,5,717.41,4,4,3,3.6666666666666665,5,479,6.03,238,1,0,Loyal Regulars
16269,United Kingdom,437,1,717.57,5,1,3,3.0,1,579,13.54,0,1,2,Hibernating
13604,United Kingdom,658,1,717.62,5,2,3,3.3333333333333335,1,242,34.17,0,1,2,Hibernating
13537,United Kingdom,425,2,717.85,5,2,3,3.3333333333333335,2,337,17.09,26,1,2,Hibernating
16415,United Kingdom,44,3,719.44,2,3,3,2.6666666666666665,3,527,4.44,632,0,0,Loyal Regulars
14179,United Kingdom,40,2,719.78,2,3,3,2.6666666666666665,2,330,4.36,12,0,0,Loyal Regulars
16023,United Kingdom,46,3,719.81,2,3,3,2.6666666666666665,3,358,7.13,220,0,0,Loyal Regulars
13441,United Kingdom,91,2,720.9,3,2,3,2.6666666666666665,2,520,18.97,340,1,0,Loyal Regulars
13057,United Kingdom,530,3,722.09,5,3,3,3.6666666666666665,3,466,17.61,101,1,2,Hibernating
17561,United Kingdom,19,4,722.34,1,4,3,2.6666666666666665,4,396,3.56,714,0,0,Loyal Regulars
13264,United Kingdom,442,1,722.56,5,1,3,3.0,1,375,19.01,0,1,2,Hibernating
15368,United Kingdom,21,2,722.74,2,3,3,2.6666666666666665,2,406,90.34,373,0,0,Loyal Regulars
17572,United Kingdom,71,10,723.01,3,5,3,3.6666666666666665,10,351,20.08,653,0,0,Loyal Regulars
12745,United Kingdom,486,2,723.85,5,2,3,3.3333333333333335,1,1,201.56,0,1,2,Hibernating
12745,United Kingdom,486,2,723.85,5,2,3,3.3333333333333335,2,467,32.9,88,1,2,Hibernating
14798,United Kingdom,52,8,724.31,2,4,3,3.0,8,601,14.78,596,0,0,Loyal Regulars
13729,United Kingdom,435,3,724.73,5,3,3,3.6666666666666665,3,419,18.58,249,1,2,Hibernating
18187,United Kingdom,631,1,724.89,5,2,3,3.3333333333333335,1,310,15.1,0,1,2,Hibernating
12723,France,3,5,725.07,1,4,3,2.6666666666666665,5,434,10.51,62,0,0,Loyal Regulars
12519,Germany,63,2,726.54,3,2,3,2.6666666666666665,2,395,18.16,413,0,0,Loyal Regulars
17374,United Kingdom,218,3,727.11,4,3,3,3.3333333333333335,3,155,17.31,177,1,0,Loyal Regulars
17547,United Kingdom,375,2,727.85,4,2,3,3.0,2,223,23.48,290,1,2,Hibernating
12786,Netherlands,609,1,728.5,5,2,3,3.3333333333333335,1,324,40.47,0,1,2,Hibernating
18163,United Kingdom,584,1,728.84,5,2,3,3.3333333333333335,1,452,22.09,0,1,2,Hibernating
12925,United Kingdom,4,3,729.33,1,3,3,2.3333333333333335,3,649,14.59,588,0,0,Loyal Regulars
13452,United Kingdom,259,3,729.8,4,3,3,3.3333333333333335,3,6,243.27,213,1,2,Hibernating
17834,United Kingdom,414,2,730.47,5,2,3,3.3333333333333335,2,687,12.38,31,1,2,Hibernating
13921,United Kingdom,402,4,730.7,4,3,3,3.3333333333333335,4,210,16.61,319,1,2,Hibernating
14778,United Kingdom,127,2,730.86,3,2,3,2.6666666666666665,2,306,20.88,181,1,0,Loyal Regulars
17999,United Kingdom,37,3,730.9,2,3,3,2.6666666666666665,3,395,4.15,341,0,0,Loyal Regulars
17681,United Kingdom,597,5,731.2,5,4,3,4.0,5,450,52.23,96,1,2,Hibernating
17548,United Kingdom,233,4,731.26,4,3,3,3.3333333333333335,4,494,21.51,163,1,0,Loyal Regulars
17825,United Kingdom,598,4,731.96,5,3,3,3.6666666666666665,4,540,26.14,127,1,2,Hibernating
13575,United Kingdom,23,5,732.07,2,4,3,3.0,5,449,15.91,153,0,0,Loyal Regulars
12537,Sweden,408,1,732.94,4,1,3,2.6666666666666665,1,449,17.05,0,1,2,Hibernating
17615,United Kingdom,130,6,733.2,3,4,3,3.3333333333333335,6,386,12.43,355,1,0,Loyal Regulars
17964,United Kingdom,31,2,733.46,2,3,3,2.6666666666666665,2,496,5.28,341,0,0,Loyal Regulars
17756,United Kingdom,375,3,733.7,4,3,3,3.3333333333333335,3,400,8.63,19,1,2,Hibernating
15938,United Kingdom,112,9,734.81,3,5,3,3.6666666666666665,9,449,18.84,444,1,0,Loyal Regulars
13286,United Kingdom,600,1,734.91,5,2,3,3.3333333333333335,1,274,15.0,0,1,2,Hibernating
17430,United Kingdom,32,4,735.17,2,4,3,3.0,4,515,17.5,447,0,0,Loyal Regulars
12527,Germany,81,5,735.51,3,4,3,3.3333333333333335,5,526,22.98,448,0,0,Loyal Regulars
15045,United Kingdom,151,2,735.66,3,2,3,2.6666666666666665,2,114,61.31,106,1,0,Loyal Regulars
13780,United Kingdom,7,3,735.82,1,3,3,2.3333333333333335,3,481,7.36,400,0,0,Loyal Regulars
16075,United Kingdom,502,2,736.93,5,2,3,3.3333333333333335,2,271,17.97,62,1,2,Hibernating
15462,United Kingdom,94,4,737.05,3,3,3,3.0,4,495,17.98,351,1,0,Loyal Regulars
15922,United Kingdom,373,1,739.0,4,1,3,2.6666666666666665,1,276,33.59,0,1,2,Hibernating
12603,Germany,21,1,739.2,2,1,3,2.0,1,63,369.6,0,0,0,Loyal Regulars
13721,United Kingdom,36,2,741.54,2,3,3,2.6666666666666665,2,512,17.66,359,0,0,Loyal Regulars
18275,United Kingdom,578,2,741.85,5,2,3,3.3333333333333335,2,417,39.04,153,1,2,Hibernating
15720,United Kingdom,24,2,741.92,2,3,3,2.6666666666666665,2,329,4.79,526,0,0,Loyal Regulars
12465,Belgium,17,2,742.19,1,3,3,2.3333333333333335,2,479,15.79,152,0,0,Loyal Regulars
17005,United Kingdom,470,2,742.36,5,2,3,3.3333333333333335,2,787,37.12,118,1,2,Hibernating
14302,United Kingdom,430,3,742.9,5,3,3,3.6666666666666665,3,298,26.53,307,1,2,Hibernating
15420,United Kingdom,434,6,743.0,5,4,3,4.0,6,844,13.27,300,1,2,Hibernating
16730,United Kingdom,52,3,743.11,2,3,3,2.6666666666666665,3,994,9.06,267,0,0,Loyal Regulars
17038,United Kingdom,30,2,743.17,2,3,3,2.6666666666666665,2,535,11.8,385,0,0,Loyal Regulars
13713,United Kingdom,408,3,743.26,4,3,3,3.3333333333333335,3,286,9.06,175,1,2,Hibernating
13354,United Kingdom,71,1,743.53,3,1,3,2.3333333333333335,1,604,14.58,0,0,0,Loyal Regulars
12871,United Kingdom,84,3,744.02,3,3,3,3.0,3,484,41.33,355,0,0,Loyal Regulars
13236,United Kingdom,24,2,744.85,2,3,3,2.6666666666666665,2,416,20.69,82,0,0,Loyal Regulars
13950,United Kingdom,11,4,745.06,1,4,3,2.6666666666666665,4,323,21.29,235,0,0,Loyal Regulars
14228,United Kingdom,437,3,745.5,5,3,3,3.6666666666666665,3,260,19.62,109,1,2,Hibernating
18190,United Kingdom,192,5,745.62,4,4,3,3.6666666666666665,5,490,17.75,525,1,0,Loyal Regulars
16465,United Kingdom,420,2,746.24,5,2,3,3.3333333333333335,2,504,15.55,24,1,2,Hibernating
14050,United Kingdom,31,2,746.36,2,3,3,2.6666666666666665,2,689,13.82,75,0,0,Loyal Regulars
14942,United Kingdom,401,4,746.56,4,3,3,3.3333333333333335,4,354,39.29,328,1,2,Hibernating
15656,United Kingdom,45,4,748.5,2,4,3,3.0,4,343,15.93,239,0,0,Loyal Regulars
14048,United Kingdom,305,3,748.69,4,3,3,3.3333333333333335,3,467,5.31,77,1,2,Hibernating
14923,United Kingdom,50,1,749.1,2,1,3,2.0,1,418,17.02,0,0,0,Loyal Regulars
13070,United Kingdom,192,4,751.7,4,3,3,3.3333333333333335,4,372,22.78,540,1,0,Loyal Regulars
13730,United Kingdom,135,2,752.6,3,2,3,2.6666666666666665,2,488,17.5,26,1,0,Loyal Regulars
17579,United Kingdom,4,4,753.28,1,4,3,2.6666666666666665,4,375,8.01,574,0,0,Loyal Regulars
17141,United Kingdom,418,4,754.33,5,3,3,3.6666666666666665,4,436,4.34,266,1,2,Hibernating
18104,United Kingdom,37,1,754.64,2,1,3,2.0,1,362,19.86,0,0,0,Loyal Regulars
16262,United Kingdom,378,1,755.15,4,1,3,2.6666666666666665,1,446,16.42,0,1,2,Hibernating
17461,United Kingdom,22,3,757.46,2,3,3,2.6666666666666665,3,799,6.82,7,0,0,Loyal Regulars
17979,United Kingdom,35,4,757.71,2,4,3,3.0,4,397,5.19,224,0,0,Loyal Regulars
12413,France,66,3,758.1,3,3,3,3.0,3,286,19.95,271,0,0,Loyal Regulars
12413,France,66,3,758.1,3,3,3,3.0,1,33,18.57,0,0,0,Loyal Regulars
15568,United Kingdom,2,3,758.29,1,3,3,2.3333333333333335,3,461,14.31,71,0,0,Loyal Regulars
18246,United Kingdom,23,3,758.82,2,3,3,2.6666666666666665,3,214,151.76,586,0,0,Loyal Regulars
17425,United Kingdom,19,2,759.17,1,3,3,2.3333333333333335,2,407,17.66,41,0,0,Loyal Regulars
14883,United Kingdom,18,6,761.59,1,4,3,2.6666666666666665,6,790,14.37,193,0,0,Loyal Regulars
16892,United Kingdom,1,7,762.1,1,4,3,2.6666666666666665,7,370,5.48,730,0,0,Loyal Regulars
15428,United Kingdom,15,4,762.75,1,4,3,2.6666666666666665,4,347,17.34,707,0,0,Loyal Regulars
16392,United Kingdom,269,3,763.05,4,3,3,3.3333333333333335,3,609,5.12,292,1,2,Hibernating
17466,United Kingdom,10,2,763.28,1,3,3,2.3333333333333335,2,306,18.62,68,0,0,Loyal Regulars
16602,United Kingdom,36,2,763.33,2,3,3,2.6666666666666665,2,429,19.08,352,0,0,Loyal Regulars
13699,United Kingdom,155,2,764.15,3,2,3,2.6666666666666665,2,219,20.65,395,1,0,Loyal Regulars
15908,United Kingdom,490,2,764.57,5,2,3,3.3333333333333335,2,174,18.65,22,1,2,Hibernating
12991,United Kingdom,23,3,764.82,2,3,3,2.6666666666666665,3,483,17.0,366,0,0,Loyal Regulars
13712,United Kingdom,246,2,766.42,4,2,3,3.0,2,1128,23.22,364,1,0,Loyal Regulars
15331,United Kingdom,499,3,767.91,5,3,3,3.6666666666666665,3,701,17.45,110,1,2,Hibernating
12455,Spain,73,4,767.96,3,3,3,3.0,6,2736,28.56,426,0,0,Loyal Regulars
12455,Spain,73,4,767.96,3,3,3,3.0,4,566,16.0,116,0,0,Loyal Regulars
13356,United Kingdom,80,1,768.24,3,1,3,2.3333333333333335,1,325,18.29,0,0,0,Loyal Regulars
12449,Denmark,410,2,768.6,5,2,3,3.3333333333333335,4,1553,21.29,165,1,2,Hibernating
12449,Denmark,410,2,768.6,5,2,3,3.3333333333333335,2,729,76.86,28,1,2,Hibernating
16978,United Kingdom,77,3,768.88,3,3,3,3.0,3,285,11.48,589,0,0,Loyal Regulars
16480,United Kingdom,75,1,769.29,3,1,3,2.3333333333333335,1,455,14.51,0,0,0,Loyal Regulars
15988,United Kingdom,19,3,770.09,2,3,3,2.6666666666666665,3,486,5.97,637,0,0,Loyal Regulars
14413,United Kingdom,362,4,770.37,4,3,3,3.3333333333333335,4,280,7.78,327,1,2,Hibernating
14998,United Kingdom,170,4,770.73,3,3,3,3.0,4,367,6.07,435,1,0,Loyal Regulars
14104,United Kingdom,154,5,771.58,3,4,3,3.3333333333333335,5,509,5.4,406,1,0,Loyal Regulars
12965,United Kingdom,89,1,771.91,3,1,3,2.3333333333333335,1,283,7.08,0,0,0,Loyal Regulars
14247,United Kingdom,278,5,772.66,4,4,3,3.6666666666666665,5,382,6.6,273,1,2,Hibernating
15075,United Kingdom,77,1,773.03,3,1,3,2.3333333333333335,1,447,28.63,0,0,0,Loyal Regulars
16565,United Kingdom,364,4,773.05,4,3,3,3.3333333333333335,4,211,70.28,191,1,2,Hibernating
14838,United Kingdom,423,2,773.67,5,2,3,3.3333333333333335,2,362,10.9,313,1,2,Hibernating
18058,United Kingdom,9,3,774.06,1,3,3,2.3333333333333335,3,394,48.38,658,0,0,Loyal Regulars
15773,United Kingdom,5,2,774.52,1,3,3,2.3333333333333335,2,410,16.48,404,0,0,Loyal Regulars
17889,United Kingdom,212,7,774.87,4,4,3,3.6666666666666665,7,417,6.35,406,1,0,Loyal Regulars
15414,United Kingdom,9,3,774.9,1,3,3,2.3333333333333335,3,443,19.87,233,0,0,Loyal Regulars
16447,United Kingdom,135,3,775.14,3,3,3,3.0,3,323,10.62,525,1,0,Loyal Regulars
14234,United Kingdom,22,4,775.46,2,4,3,3.0,4,963,4.88,35,0,0,Loyal Regulars
13341,United Kingdom,260,1,775.85,4,1,3,2.6666666666666665,1,301,18.47,0,1,2,Hibernating
13314,United Kingdom,1,3,775.94,1,3,3,2.3333333333333335,3,560,12.52,72,0,0,Loyal Regulars
18112,United Kingdom,12,4,775.96,1,4,3,2.6666666666666665,4,447,12.32,539,0,0,Loyal Regulars
15092,United Kingdom,215,3,776.46,4,3,3,3.3333333333333335,3,230,17.25,247,1,0,Loyal Regulars
14997,United Kingdom,46,4,776.6,2,4,3,3.0,4,1408,20.44,609,0,0,Loyal Regulars
15618,United Kingdom,32,4,776.85,2,4,3,3.0,4,454,17.26,104,0,0,Loyal Regulars
15794,United Kingdom,736,2,777.0,5,2,3,3.3333333333333335,2,288,51.8,1,1,2,Hibernating
15837,United Kingdom,64,2,777.01,3,2,3,2.6666666666666665,2,405,14.94,421,0,0,Loyal Regulars
13745,United Kingdom,162,2,777.36,3,2,3,2.6666666666666665,2,1146,13.88,384,1,0,Loyal Regulars
13563,United Kingdom,84,2,777.53,3,2,3,2.6666666666666665,2,209,15.87,56,0,0,Loyal Regulars
16505,United Kingdom,31,1,777.6,2,1,3,2.0,1,576,194.4,0,0,0,Loyal Regulars
17482,United Kingdom,487,2,778.19,5,2,3,3.3333333333333335,2,241,14.41,91,1,2,Hibernating
14815,United Kingdom,36,2,778.5,2,3,3,2.6666666666666665,2,744,14.69,31,0,0,Loyal Regulars
13781,United Kingdom,250,3,778.83,4,3,3,3.3333333333333335,3,300,13.66,471,1,0,Loyal Regulars
12504,Germany,18,4,779.05,1,4,3,2.6666666666666665,4,458,38.95,578,0,0,Loyal Regulars
12735,France,315,2,779.57,4,2,3,3.0,2,368,18.13,22,1,2,Hibernating
18228,United Kingdom,56,2,779.9,2,2,3,2.3333333333333335,2,238,26.0,23,0,0,Loyal Regulars
17691,United Kingdom,358,4,780.05,4,3,3,3.3333333333333335,4,373,15.0,188,1,2,Hibernating
15246,United Kingdom,238,3,780.4,4,3,3,3.3333333333333335,3,359,15.3,317,1,0,Loyal Regulars
13502,United Kingdom,16,5,780.5,1,4,3,2.6666666666666665,5,490,23.65,532,0,0,Loyal Regulars
15239,United Kingdom,10,2,780.59,1,3,3,2.3333333333333335,2,594,15.93,68,0,0,Loyal Regulars
15679,United Kingdom,24,4,781.28,2,4,3,3.0,4,1170,7.1,158,0,0,Loyal Regulars
13287,United Kingdom,603,3,781.59,5,3,3,3.6666666666666665,3,429,14.75,101,1,2,Hibernating
13453,United Kingdom,165,3,781.69,3,3,3,3.0,3,341,19.54,237,1,0,Loyal Regulars
16836,United Kingdom,39,4,782.37,2,4,3,3.0,4,539,18.63,535,0,0,Loyal Regulars
12761,Netherlands,457,2,782.95,5,2,3,3.3333333333333335,2,281,29.0,7,1,2,Hibernating
17387,United Kingdom,19,2,784.11,1,3,3,2.3333333333333335,2,542,10.05,14,0,0,Loyal Regulars
15743,United Kingdom,16,4,784.46,1,4,3,2.6666666666666665,4,216,8.91,168,0,0,Loyal Regulars
15806,United Kingdom,46,3,784.58,2,3,3,2.6666666666666665,3,602,25.31,230,0,0,Loyal Regulars
15714,United Kingdom,11,5,784.81,1,4,3,2.6666666666666665,5,362,16.02,544,0,0,Loyal Regulars
13541,United Kingdom,427,2,785.25,5,2,3,3.3333333333333335,2,279,78.52,143,1,2,Hibernating
13770,United Kingdom,422,4,785.37,5,3,3,3.6666666666666665,4,468,16.36,308,1,2,Hibernating
16972,United Kingdom,382,2,786.25,4,2,3,3.0,2,190,8.93,74,1,2,Hibernating
16739,United Kingdom,176,2,786.43,3,2,3,2.6666666666666665,2,391,20.7,360,1,0,Loyal Regulars
12628,Germany,4,3,786.46,1,3,3,2.3333333333333335,3,448,19.18,60,0,0,Loyal Regulars
14463,United Kingdom,98,4,786.57,3,3,3,3.0,4,210,98.32,401,1,0,Loyal Regulars
16468,United Kingdom,74,3,787.52,3,3,3,3.0,3,371,17.5,407,0,0,Loyal Regulars
13323,United Kingdom,3,5,787.85,1,4,3,2.6666666666666665,5,175,37.52,81,0,0,Loyal Regulars
14513,United Kingdom,100,6,788.01,3,4,3,3.3333333333333335,6,593,41.47,468,1,0,Loyal Regulars
13212,United Kingdom,19,3,788.08,2,3,3,2.6666666666666665,3,310,5.55,42,0,0,Loyal Regulars
14557,United Kingdom,85,1,788.38,3,1,3,2.3333333333333335,1,510,49.27,0,0,0,Loyal Regulars
15448,United Kingdom,312,2,788.81,4,2,3,3.0,2,487,16.1,362,1,2,Hibernating
13598,United Kingdom,47,5,789.59,2,4,3,3.0,5,401,7.98,604,0,0,Loyal Regulars
16472,United Kingdom,434,2,789.6,5,2,3,3.3333333333333335,2,252,20.25,163,1,2,Hibernating
16759,United Kingdom,7,3,789.79,1,3,3,2.3333333333333335,3,609,18.8,23,0,0,Loyal Regulars
12923,United Kingdom,64,3,789.87,3,3,3,3.0,3,237,12.74,511,0,0,Loyal Regulars
13016,United Kingdom,73,3,789.89,3,3,3,3.0,3,527,16.81,50,0,0,Loyal Regulars
13484,United Kingdom,241,3,790.72,4,3,3,3.3333333333333335,3,224,20.27,398,1,0,Loyal Regulars
14976,United Kingdom,57,7,790.86,2,4,3,3.0,7,234,10.98,269,0,0,Loyal Regulars
16250,United Kingdom,261,3,791.38,4,3,3,3.3333333333333335,3,376,16.15,125,1,2,Hibernating
14022,United Kingdom,225,2,792.15,4,2,3,3.0,2,681,16.85,261,1,0,Loyal Regulars
13296,United Kingdom,137,6,792.51,3,4,3,3.3333333333333335,6,653,14.95,440,1,0,Loyal Regulars
16679,United Kingdom,366,3,793.06,4,3,3,3.3333333333333335,3,276,37.76,181,1,2,Hibernating
18034,United Kingdom,21,3,793.7,2,3,3,2.6666666666666665,3,992,3.53,354,0,0,Loyal Regulars
14690,United Kingdom,44,4,794.33,2,4,3,3.0,4,344,7.57,366,0,0,Loyal Regulars
17212,United Kingdom,253,3,794.41,4,3,3,3.3333333333333335,3,727,27.39,233,1,0,Loyal Regulars
16961,United Kingdom,116,3,794.56,3,3,3,3.0,3,482,15.28,416,1,0,Loyal Regulars
13336,United Kingdom,77,1,795.12,3,1,3,2.3333333333333335,1,559,15.59,0,0,0,Loyal Regulars
16720,United Kingdom,26,3,795.48,2,3,3,2.6666666666666665,3,479,5.03,696,0,0,Loyal Regulars
15872,United Kingdom,14,4,795.68,1,4,3,2.6666666666666665,4,506,3.7,536,0,0,Loyal Regulars
15396,United Kingdom,112,2,796.38,3,2,3,2.6666666666666665,2,278,49.77,471,1,0,Loyal Regulars
16155,United Kingdom,381,5,796.9,4,4,3,3.6666666666666665,5,495,16.6,158,1,2,Hibernating
15637,United Kingdom,52,5,797.59,2,4,3,3.0,5,651,19.45,672,0,0,Loyal Regulars
17281,United Kingdom,374,6,797.85,4,4,3,3.6666666666666665,6,295,132.98,299,1,2,Hibernating
13389,United Kingdom,11,3,797.96,1,3,3,2.3333333333333335,3,429,15.65,221,0,0,Loyal Regulars
15309,United Kingdom,610,4,797.96,5,3,3,3.6666666666666665,4,440,14.78,125,1,2,Hibernating
17801,United Kingdom,451,3,798.33,5,3,3,3.6666666666666665,3,838,9.39,240,1,2,Hibernating
16438,United Kingdom,5,5,798.35,1,4,3,2.6666666666666665,5,463,6.05,77,0,0,Loyal Regulars
16952,United Kingdom,109,5,798.78,3,4,3,3.3333333333333335,5,344,9.08,619,1,0,Loyal Regulars
17255,United Kingdom,40,4,799.13,2,4,3,3.0,4,594,4.21,406,0,0,Loyal Regulars
13041,United Kingdom,450,4,799.13,5,3,3,3.6666666666666665,4,335,22.83,139,1,2,Hibernating
13720,United Kingdom,116,4,799.9,3,3,3,3.0,4,501,18.6,138,1,0,Loyal Regulars
13980,United Kingdom,60,5,799.92,3,4,3,3.3333333333333335,5,477,12.31,596,0,0,Loyal Regulars
17023,United Kingdom,417,3,800.18,5,3,3,3.6666666666666665,3,530,16.33,280,1,2,Hibernating
13415,United Kingdom,472,4,800.67,5,3,3,3.6666666666666665,4,502,7.7,256,1,2,Hibernating
16127,United Kingdom,39,2,801.31,2,3,3,2.6666666666666665,2,391,10.68,687,0,0,Loyal Regulars
16806,United Kingdom,103,4,801.49,3,3,3,3.0,4,378,7.78,136,1,0,Loyal Regulars
18265,United Kingdom,72,2,801.51,3,2,3,2.6666666666666665,2,311,17.42,86,0,0,Loyal Regulars
15831,United Kingdom,58,3,801.76,2,3,3,2.6666666666666665,3,1105,11.79,266,0,0,Loyal Regulars
15921,United Kingdom,172,4,802.11,3,3,3,3.0,4,342,9.66,468,1,0,Loyal Regulars
18248,United Kingdom,122,2,804.02,3,2,3,2.6666666666666665,2,511,17.11,64,1,0,Loyal Regulars
12632,Germany,520,2,804.88,5,2,3,3.3333333333333335,2,694,23.0,44,1,2,Hibernating
12797,Portugal,365,2,806.11,4,2,3,3.0,2,333,18.75,59,1,2,Hibernating
15952,United Kingdom,33,4,806.57,2,4,3,3.0,4,399,8.86,192,0,0,Loyal Regulars
17495,United Kingdom,7,3,806.72,1,3,3,2.3333333333333335,3,367,16.81,383,0,0,Loyal Regulars
15533,United Kingdom,19,3,807.57,2,3,3,2.6666666666666665,3,289,9.73,70,0,0,Loyal Regulars
17817,United Kingdom,4,6,807.85,1,4,3,2.6666666666666665,6,365,5.85,418,0,0,Loyal Regulars
17114,United Kingdom,5,8,808.62,1,5,3,3.0,8,219,6.37,329,0,0,Loyal Regulars
13045,United Kingdom,99,3,808.92,3,3,3,3.0,3,405,17.98,387,1,0,Loyal Regulars
16958,United Kingdom,435,1,809.44,5,1,3,3.0,1,561,10.94,0,1,2,Hibernating
13637,United Kingdom,52,3,810.5,2,3,3,2.6666666666666665,3,409,8.02,174,0,0,Loyal Regulars
16624,United Kingdom,80,2,810.57,3,2,3,2.6666666666666665,2,488,16.89,117,0,0,Loyal Regulars
17251,United Kingdom,362,3,812.43,4,3,3,3.3333333333333335,3,379,10.16,362,1,2,Hibernating
17194,United Kingdom,273,3,812.5,4,3,3,3.3333333333333335,3,420,13.32,257,1,2,Hibernating
18084,United Kingdom,16,3,812.93,1,3,3,2.3333333333333335,3,761,101.62,372,0,0,Loyal Regulars
15644,United Kingdom,166,4,813.0,3,3,3,3.0,4,557,3.42,95,1,0,Loyal Regulars
16621,United Kingdom,51,4,813.48,2,4,3,3.0,4,302,28.05,226,0,0,Loyal Regulars
16658,United Kingdom,368,6,814.07,4,4,3,3.6666666666666665,6,317,11.31,251,1,2,Hibernating
14624,United Kingdom,57,6,814.07,2,4,3,3.0,6,645,15.96,547,0,0,Loyal Regulars
12763,Japan,138,2,814.16,3,2,3,2.6666666666666665,2,512,23.95,231,1,0,Loyal Regulars
13811,Germany,183,3,814.5,3,3,3,3.0,3,68,62.65,56,1,0,Loyal Regulars
14656,United Kingdom,169,5,814.65,3,4,3,3.3333333333333335,5,318,3.79,434,1,0,Loyal Regulars
16460,United Kingdom,28,3,814.72,2,3,3,2.6666666666666665,3,879,6.03,53,0,0,Loyal Regulars
15399,United Kingdom,1,3,815.77,1,3,3,2.3333333333333335,3,611,16.32,78,0,0,Loyal Regulars
13514,United Kingdom,73,4,815.9,3,3,3,3.0,4,288,38.85,609,0,0,Loyal Regulars
14872,United Kingdom,483,3,816.6,5,3,3,3.6666666666666665,3,662,18.99,150,1,2,Hibernating
14890,United Kingdom,253,3,817.25,4,3,3,3.3333333333333335,3,636,14.34,406,1,0,Loyal Regulars
13595,United Kingdom,516,3,818.22,5,3,3,3.6666666666666665,3,353,5.38,130,1,2,Hibernating
13612,United Kingdom,632,1,818.29,5,2,3,3.3333333333333335,1,444,16.37,0,1,2,Hibernating
17683,United Kingdom,385,3,819.01,4,3,3,3.3333333333333335,3,781,17.8,169,1,2,Hibernating
16135,United Kingdom,262,2,819.45,4,2,3,3.0,2,395,21.01,321,1,2,Hibernating
17952,United Kingdom,378,4,819.61,4,3,3,3.3333333333333335,4,504,7.88,163,1,2,Hibernating
15314,United Kingdom,199,3,820.45,4,3,3,3.3333333333333335,3,750,16.41,229,1,0,Loyal Regulars
13893,United Kingdom,297,1,821.1,4,1,3,2.6666666666666665,1,190,39.1,0,1,2,Hibernating
16680,United Kingdom,43,3,821.45,2,3,3,2.6666666666666665,3,377,28.33,491,0,0,Loyal Regulars
16164,United Kingdom,17,3,822.48,1,3,3,2.3333333333333335,3,433,24.19,25,0,0,Loyal Regulars
15847,United Kingdom,38,5,822.57,2,4,3,3.0,5,643,17.14,603,0,0,Loyal Regulars
15137,United Kingdom,520,2,823.4,5,2,3,3.3333333333333335,2,596,24.22,160,1,2,Hibernating
14260,United Kingdom,471,3,824.28,5,3,3,3.6666666666666665,3,544,16.16,77,1,2,Hibernating
13513,United Kingdom,126,3,824.59,3,3,3,3.0,3,364,20.61,529,1,0,Loyal Regulars
17880,United Kingdom,364,3,824.92,4,3,3,3.3333333333333335,3,466,18.33,366,1,2,Hibernating
15006,United Kingdom,51,2,825.14,2,2,3,2.3333333333333335,2,416,3.99,402,0,0,Loyal Regulars
16869,United Kingdom,22,4,825.42,2,4,3,3.0,4,585,6.45,153,0,0,Loyal Regulars
16494,United Kingdom,296,1,826.53,4,1,3,2.6666666666666665,1,675,16.53,0,1,2,Hibernating
12781,Czech Republic,63,2,826.74,3,2,3,2.6666666666666665,2,671,33.07,221,0,0,Loyal Regulars
12461,Switzerland,94,2,826.88,3,2,3,2.6666666666666665,2,287,23.63,60,1,0,Loyal Regulars
12792,Portugal,256,2,827.01,4,2,3,3.0,2,394,17.6,278,1,2,Hibernating
16246,United Kingdom,459,2,827.25,5,2,3,3.3333333333333335,2,338,9.29,210,1,2,Hibernating
15945,United Kingdom,365,4,827.27,4,3,3,3.3333333333333335,4,397,27.58,373,1,2,Hibernating
17045,United Kingdom,113,5,827.68,3,4,3,3.3333333333333335,5,294,15.62,316,1,0,Loyal Regulars
13681,United Kingdom,17,4,827.83,1,4,3,2.6666666666666665,4,360,14.52,138,0,0,Loyal Regulars
15617,United Kingdom,396,3,828.55,4,3,3,3.3333333333333335,3,485,19.73,111,1,2,Hibernating
12953,United Kingdom,9,2,828.81,1,3,3,2.3333333333333335,2,364,17.27,513,0,0,Loyal Regulars
16469,United Kingdom,23,5,828.91,2,4,3,3.0,5,345,4.04,491,0,0,Loyal Regulars
13544,United Kingdom,39,6,829.0,2,4,3,3.0,6,358,3.21,605,0,0,Loyal Regulars
12730,Germany,521,1,829.25,5,1,3,3.0,1,234,17.64,0,1,2,Hibernating
14851,United Kingdom,23,3,829.41,2,3,3,2.6666666666666665,3,631,19.75,607,0,0,Loyal Regulars
17003,United Kingdom,402,4,830.16,4,3,3,3.3333333333333335,4,495,7.41,176,1,2,Hibernating
15759,United Kingdom,218,7,830.93,4,4,3,3.6666666666666665,7,523,48.88,519,1,0,Loyal Regulars
15766,United Kingdom,64,3,831.06,3,3,3,3.0,3,334,31.96,618,0,0,Loyal Regulars
13175,United Kingdom,582,2,831.45,5,2,3,3.3333333333333335,2,423,18.08,153,1,2,Hibernating
12903,United Kingdom,428,1,833.53,5,1,3,3.0,1,493,20.33,0,1,2,Hibernating
16644,United Kingdom,177,2,833.78,3,2,3,2.6666666666666665,2,826,13.45,35,1,0,Loyal Regulars
15190,United Kingdom,434,1,834.44,5,1,3,3.0,1,790,20.86,0,1,2,Hibernating
16737,United Kingdom,53,2,835.2,2,2,3,2.3333333333333335,2,576,417.6,524,0,0,Loyal Regulars
14556,United Kingdom,596,3,835.34,5,3,3,3.6666666666666665,3,331,4.11,92,1,2,Hibernating
13386,United Kingdom,414,2,835.46,5,2,3,3.3333333333333335,2,514,26.95,23,1,2,Hibernating
16747,United Kingdom,37,2,836.06,2,3,3,2.6666666666666665,2,583,19.91,30,0,0,Loyal Regulars
13795,United Kingdom,388,4,836.3,4,3,3,3.3333333333333335,4,1250,28.84,249,1,2,Hibernating
14929,United Kingdom,32,2,836.69,2,3,3,2.6666666666666665,2,487,24.61,389,0,0,Loyal Regulars
15832,United Kingdom,254,1,836.79,4,1,3,2.6666666666666665,1,465,15.5,0,1,2,Hibernating
14037,United Kingdom,176,6,836.95,3,4,3,3.3333333333333335,6,590,7.34,556,1,0,Loyal Regulars
16264,United Kingdom,438,2,837.53,5,2,3,3.3333333333333335,2,632,12.69,8,1,2,Hibernating
17332,United Kingdom,528,5,838.27,5,4,3,4.0,5,794,8.82,128,1,2,Hibernating
13940,United Kingdom,17,4,839.14,1,4,3,2.6666666666666665,4,516,17.13,127,0,0,Loyal Regulars
18247,United Kingdom,414,3,839.73,5,3,3,3.6666666666666665,3,335,22.7,217,1,2,Hibernating
13169,United Kingdom,63,3,840.08,3,3,3,3.0,3,296,46.67,499,0,0,Loyal Regulars
12891,United Kingdom,185,11,840.5,3,5,3,3.6666666666666665,11,2325,76.41,474,1,0,Loyal Regulars
14862,United Kingdom,25,2,841.2,2,3,3,2.6666666666666665,2,772,17.52,123,0,0,Loyal Regulars
16810,United Kingdom,192,2,842.04,4,2,3,3.0,2,372,24.77,228,1,0,Loyal Regulars
17638,United Kingdom,647,2,842.4,5,2,3,3.3333333333333335,2,432,280.8,74,1,2,Hibernating
16846,United Kingdom,50,3,842.41,2,3,3,2.6666666666666665,3,517,17.92,589,0,0,Loyal Regulars
16344,United Kingdom,158,4,842.42,3,3,3,3.0,4,706,18.31,510,1,0,Loyal Regulars
15070,United Kingdom,372,3,843.25,4,3,3,3.3333333333333335,3,375,25.55,352,1,2,Hibernating
14922,United Kingdom,393,2,843.74,4,2,3,3.0,2,376,16.87,114,1,2,Hibernating
16500,United Kingdom,4,9,843.91,1,5,3,3.0,9,386,24.82,539,0,0,Loyal Regulars
18078,United Kingdom,217,4,844.6,4,3,3,3.3333333333333335,4,431,10.97,411,1,0,Loyal Regulars
14803,United Kingdom,162,3,845.55,3,3,3,3.0,3,370,19.22,130,1,0,Loyal Regulars
14087,United Kingdom,2,3,846.22,1,3,3,2.3333333333333335,3,727,3.83,733,0,0,Loyal Regulars
13970,United Kingdom,386,2,846.55,4,2,3,3.0,2,469,65.12,51,1,2,Hibernating
16924,United Kingdom,21,3,846.75,2,3,3,2.6666666666666665,3,493,10.2,63,0,0,Loyal Regulars
13487,United Kingdom,57,5,846.87,2,4,3,3.0,5,362,17.28,677,0,0,Loyal Regulars
13221,United Kingdom,240,2,847.41,4,2,3,3.0,2,244,12.84,119,1,0,Loyal Regulars
14202,United Kingdom,381,3,847.76,4,3,3,3.3333333333333335,3,166,29.23,243,1,2,Hibernating
15784,United Kingdom,467,2,848.33,5,2,3,3.3333333333333335,2,381,19.73,205,1,2,Hibernating
15264,United Kingdom,64,2,848.4,3,2,3,2.6666666666666665,2,443,15.43,466,0,0,Loyal Regulars
12713,Germany,0,1,848.55,1,1,3,1.6666666666666667,1,508,22.33,0,0,0,Loyal Regulars
16798,United Kingdom,554,3,848.71,5,3,3,3.6666666666666665,3,209,4.91,175,1,2,Hibernating
18108,United Kingdom,254,3,848.81,4,3,3,3.3333333333333335,3,261,18.06,483,1,0,Loyal Regulars
16020,United Kingdom,16,3,851.01,1,3,3,2.3333333333333335,3,487,18.5,49,0,0,Loyal Regulars
13479,United Kingdom,200,4,851.37,4,3,3,3.3333333333333335,4,716,16.06,277,1,0,Loyal Regulars
17674,United Kingdom,74,2,851.7,3,2,3,2.6666666666666665,2,1021,22.41,294,0,0,Loyal Regulars
12696,Finland,434,2,851.91,5,2,3,3.3333333333333335,2,564,17.39,74,1,2,Hibernating
16070,United Kingdom,22,2,852.15,2,3,3,2.6666666666666665,2,457,25.82,10,0,0,Loyal Regulars
15266,United Kingdom,338,5,852.21,4,4,3,3.6666666666666665,5,236,18.94,363,1,2,Hibernating
17349,United Kingdom,179,5,852.25,3,4,3,3.3333333333333335,5,840,9.07,452,1,0,Loyal Regulars
16877,United Kingdom,12,6,853.72,1,4,3,2.6666666666666665,6,463,5.37,196,0,0,Loyal Regulars
14873,United Kingdom,210,2,854.13,4,2,3,3.0,2,311,17.43,423,1,0,Loyal Regulars
13945,United Kingdom,394,2,854.15,4,2,3,3.0,2,413,16.75,85,1,2,Hibernating
12878,United Kingdom,236,2,854.99,4,2,3,3.0,2,547,18.19,30,1,0,Loyal Regulars
13991,United Kingdom,12,6,855.97,1,4,3,2.6666666666666665,6,998,10.19,131,0,0,Loyal Regulars
17161,United Kingdom,444,1,856.01,5,1,3,3.0,1,537,16.46,0,1,2,Hibernating
15287,United Kingdom,22,5,856.03,2,4,3,3.0,5,1010,23.78,715,0,0,Loyal Regulars
12440,Austria,462,2,859.2,5,2,3,3.3333333333333335,2,331,26.85,255,1,2,Hibernating
17064,United Kingdom,58,3,859.35,2,3,3,2.6666666666666665,3,318,13.86,269,0,0,Loyal Regulars
14372,United Kingdom,443,2,860.08,5,2,3,3.3333333333333335,2,378,22.63,156,1,2,Hibernating
13339,United Kingdom,200,1,860.12,4,1,3,2.6666666666666665,1,326,15.93,0,1,0,Loyal Regulars
12794,Portugal,53,2,860.41,2,2,3,2.3333333333333335,2,592,19.12,45,0,0,Loyal Regulars
15012,United Kingdom,53,3,860.62,2,3,3,2.6666666666666665,3,479,3.37,523,0,0,Loyal Regulars
12787,Netherlands,9,4,862.18,1,4,3,2.6666666666666665,4,510,19.59,404,0,0,Loyal Regulars
15483,United Kingdom,161,10,862.2,3,5,3,3.6666666666666665,10,944,2.97,523,1,0,Loyal Regulars
16668,United Kingdom,15,13,862.42,1,5,3,3.0,13,773,16.27,616,0,0,Loyal Regulars
15870,United Kingdom,32,4,862.61,2,4,3,3.0,4,508,5.87,414,0,0,Loyal Regulars
13891,United Kingdom,378,3,863.56,4,3,3,3.3333333333333335,3,479,8.64,204,1,2,Hibernating
14600,United Kingdom,305,2,865.17,4,2,3,3.0,2,487,16.02,88,1,2,Hibernating
13922,United Kingdom,351,3,865.2,4,3,3,3.3333333333333335,3,467,28.84,116,1,2,Hibernating
16567,United Kingdom,194,2,865.6,4,2,3,3.0,2,996,24.73,142,1,0,Loyal Regulars
17358,United Kingdom,303,5,866.05,4,4,3,3.6666666666666665,5,442,5.89,350,1,2,Hibernating
17167,United Kingdom,379,3,867.11,4,3,3,3.3333333333333335,3,429,10.98,66,1,2,Hibernating
16357,United Kingdom,33,4,868.37,2,4,3,3.0,4,389,18.48,348,0,0,Loyal Regulars
16948,United Kingdom,138,7,868.77,3,4,3,3.3333333333333335,7,2091,20.2,518,1,0,Loyal Regulars
14753,United Kingdom,87,2,869.51,3,2,3,2.6666666666666665,2,412,18.11,373,0,0,Loyal Regulars
13200,United Kingdom,19,4,870.09,2,4,3,3.0,4,516,18.91,107,0,0,Loyal Regulars
15224,United Kingdom,358,5,871.36,4,4,3,3.6666666666666665,5,443,24.9,335,1,2,Hibernating
17223,United Kingdom,310,3,873.53,4,3,3,3.3333333333333335,3,222,8.65,65,1,2,Hibernating
15469,United Kingdom,50,3,874.25,2,3,3,2.6666666666666665,3,287,20.33,388,0,0,Loyal Regulars
16513,United Kingdom,4,4,874.59,1,4,3,2.6666666666666665,4,407,24.99,39,0,0,Loyal Regulars
14508,United Kingdom,22,5,874.94,2,4,3,3.0,5,359,4.65,518,0,0,Loyal Regulars
14681,United Kingdom,71,6,875.15,3,4,3,3.3333333333333335,6,172,43.76,582,0,0,Loyal Regulars
18043,United Kingdom,24,3,875.97,2,3,3,2.6666666666666665,3,454,4.68,342,0,0,Loyal Regulars
13768,United Kingdom,726,2,875.97,5,2,3,3.3333333333333335,2,373,26.54,4,1,2,Hibernating
14645,United Kingdom,156,3,876.89,3,3,3,3.0,3,587,18.27,478,1,0,Loyal Regulars
15653,United Kingdom,92,2,877.44,3,2,3,2.6666666666666665,2,1200,146.24,23,1,0,Loyal Regulars
14612,United Kingdom,415,1,877.7,5,1,3,3.0,1,134,62.69,0,1,2,Hibernating
14551,United Kingdom,18,7,880.04,1,4,3,2.6666666666666665,7,487,11.0,663,0,0,Loyal Regulars
13937,United Kingdom,169,2,880.13,3,2,3,2.6666666666666665,2,587,16.3,233,1,0,Loyal Regulars
16677,United Kingdom,411,2,880.62,5,2,3,3.3333333333333335,2,457,18.74,241,1,2,Hibernating
17361,United Kingdom,49,5,880.64,2,4,3,3.0,5,383,15.18,627,0,0,Loyal Regulars
12680,France,0,4,880.81,1,4,3,2.6666666666666665,4,444,16.62,113,0,0,Loyal Regulars
18141,United Kingdom,401,2,882.47,4,2,3,3.0,2,433,21.01,188,1,2,Hibernating
13166,United Kingdom,283,2,884.18,4,2,3,3.0,2,527,12.81,131,1,2,Hibernating
17704,United Kingdom,168,2,885.19,3,2,3,2.6666666666666665,2,343,28.55,71,1,0,Loyal Regulars
14686,United Kingdom,414,5,885.83,5,4,3,4.0,5,475,3.77,245,1,2,Hibernating
16900,United Kingdom,16,3,887.11,1,3,3,2.3333333333333335,3,833,11.23,47,0,0,Loyal Regulars
17708,United Kingdom,187,4,887.93,3,3,3,3.0,4,388,12.0,236,1,0,Loyal Regulars
17968,United Kingdom,373,4,888.04,4,3,3,3.3333333333333335,4,525,4.04,139,1,2,Hibernating
16228,United Kingdom,385,3,890.81,4,3,3,3.3333333333333335,3,561,16.2,15,1,2,Hibernating
15824,United Kingdom,453,2,890.94,5,2,3,3.3333333333333335,2,478,34.27,79,1,2,Hibernating
14065,United Kingdom,389,3,891.02,4,3,3,3.3333333333333335,3,582,18.18,42,1,2,Hibernating
15393,United Kingdom,16,5,891.34,1,4,3,2.6666666666666665,5,378,20.26,708,0,0,Loyal Regulars
12394,Denmark,63,1,891.4,3,1,3,2.3333333333333335,1,182,18.15,0,0,0,Loyal Regulars
12394,Denmark,63,1,891.4,3,1,3,2.3333333333333335,1,637,148.57,0,0,0,Loyal Regulars
17155,United Kingdom,17,7,892.46,1,4,3,2.6666666666666665,7,987,12.23,719,0,0,Loyal Regulars
12772,Portugal,59,1,892.47,3,1,3,2.3333333333333335,1,556,16.23,0,0,0,Loyal Regulars
15066,United Kingdom,53,1,893.59,2,1,3,2.0,1,317,21.28,0,0,0,Loyal Regulars
13569,United Kingdom,17,4,893.78,1,4,3,2.6666666666666665,4,402,4.18,411,0,0,Loyal Regulars
13996,United Kingdom,386,2,895.76,4,2,3,3.0,2,613,27.14,13,1,2,Hibernating
16784,United Kingdom,19,5,896.53,1,4,3,2.6666666666666665,5,496,5.6,602,0,0,Loyal Regulars
15992,United Kingdom,3,3,896.6,1,3,3,2.3333333333333335,3,514,16.6,450,0,0,Loyal Regulars
16361,United Kingdom,9,4,896.66,1,4,3,2.6666666666666665,4,421,8.46,62,0,0,Loyal Regulars
17537,United Kingdom,29,2,897.62,2,3,3,2.6666666666666665,2,700,11.97,274,0,0,Loyal Regulars
15710,United Kingdom,417,1,898.87,5,1,3,3.0,1,641,8.17,0,1,2,Hibernating
16834,United Kingdom,227,2,898.96,4,2,3,3.0,2,760,18.73,447,1,0,Loyal Regulars
16442,United Kingdom,1,5,899.47,1,4,3,2.6666666666666665,5,583,3.6,725,0,0,Loyal Regulars
12945,United Kingdom,288,2,900.11,4,2,3,3.0,2,446,17.65,368,1,2,Hibernating
17226,United Kingdom,308,3,900.12,4,3,3,3.3333333333333335,3,855,14.76,357,1,2,Hibernating
15900,United Kingdom,23,4,900.4,2,4,3,3.0,4,661,6.93,539,0,0,Loyal Regulars
17566,United Kingdom,8,2,901.21,1,3,3,2.3333333333333335,2,518,5.93,17,0,0,Loyal Regulars
17480,United Kingdom,77,2,902.03,3,2,3,2.6666666666666665,2,593,16.7,367,0,0,Loyal Regulars
17382,United Kingdom,65,8,902.28,3,4,3,3.3333333333333335,8,457,50.13,504,0,0,Loyal Regulars
17176,United Kingdom,201,3,902.32,4,3,3,3.3333333333333335,3,576,21.48,476,1,0,Loyal Regulars
17746,United Kingdom,240,4,904.18,4,3,3,3.3333333333333335,4,688,25.12,370,1,0,Loyal Regulars
15180,United Kingdom,367,3,904.43,4,3,3,3.3333333333333335,3,690,15.59,222,1,2,Hibernating
13255,United Kingdom,9,3,904.46,1,3,3,2.3333333333333335,3,517,28.26,503,0,0,Loyal Regulars
12808,Portugal,36,5,906.1,2,4,3,3.0,5,375,16.78,426,0,0,Loyal Regulars
14969,United Kingdom,703,1,906.23,5,2,3,3.3333333333333335,1,665,69.71,0,1,2,Hibernating
14714,United Kingdom,24,4,906.24,2,4,3,3.0,4,642,9.74,663,0,0,Loyal Regulars
14729,United Kingdom,373,3,907.38,4,3,3,3.3333333333333335,3,574,4.36,252,1,2,Hibernating
15097,United Kingdom,4,3,908.35,1,3,3,2.3333333333333335,3,424,13.76,579,0,0,Loyal Regulars
13038,United Kingdom,80,3,908.46,3,3,3,3.0,3,360,32.45,210,0,0,Loyal Regulars
13548,United Kingdom,96,3,908.99,3,3,3,3.0,3,565,4.86,375,1,0,Loyal Regulars
15511,United Kingdom,11,5,909.23,1,4,3,2.6666666666666665,5,271,5.68,74,0,0,Loyal Regulars
16411,United Kingdom,19,4,910.19,1,4,3,2.6666666666666665,4,543,4.4,409,0,0,Loyal Regulars
16138,United Kingdom,378,3,910.35,4,3,3,3.3333333333333335,3,774,24.6,212,1,2,Hibernating
15919,United Kingdom,19,2,910.61,1,3,3,2.3333333333333335,2,787,4.74,349,0,0,Loyal Regulars
14133,United Kingdom,129,4,911.14,3,3,3,3.0,4,398,25.31,604,1,0,Loyal Regulars
14289,United Kingdom,8,6,911.26,1,4,3,2.6666666666666665,6,292,19.39,281,0,0,Loyal Regulars
15244,United Kingdom,65,3,912.08,3,3,3,3.0,3,472,19.0,601,0,0,Loyal Regulars
14359,United Kingdom,19,3,912.18,2,3,3,2.6666666666666665,3,371,16.59,68,0,0,Loyal Regulars
15364,United Kingdom,95,2,913.19,3,2,3,2.6666666666666665,2,493,31.49,159,1,0,Loyal Regulars
12940,United Kingdom,54,2,913.54,2,2,3,2.3333333333333335,2,411,9.23,33,0,0,Loyal Regulars
16216,United Kingdom,267,1,914.93,4,1,3,2.6666666666666665,1,254,24.73,0,1,2,Hibernating
14141,United Kingdom,2,4,915.13,1,4,3,2.6666666666666665,4,355,22.88,103,0,0,Loyal Regulars
14839,United Kingdom,418,3,915.28,5,3,3,3.6666666666666665,3,927,12.37,286,1,2,Hibernating
14176,United Kingdom,297,5,916.01,4,4,3,3.6666666666666665,5,326,19.91,84,1,2,Hibernating
13573,United Kingdom,50,6,916.47,2,4,3,3.0,6,660,10.3,587,0,0,Loyal Regulars
14549,United Kingdom,311,4,916.55,4,3,3,3.3333333333333335,4,395,6.36,426,1,2,Hibernating
14423,United Kingdom,218,3,916.61,4,3,3,3.3333333333333335,3,419,61.11,476,1,0,Loyal Regulars
14015,United Kingdom,52,1,917.34,2,1,3,2.0,1,378,45.87,0,0,0,Loyal Regulars
14061,United Kingdom,507,3,917.43,5,3,3,3.6666666666666665,3,133,48.29,231,1,2,Hibernating
12368,Cyprus,628,1,917.7,5,2,3,3.3333333333333335,1,330,50.98,0,1,2,Hibernating
14342,United Kingdom,21,6,918.44,2,4,3,3.0,6,521,27.83,451,0,0,Loyal Regulars
15542,United Kingdom,512,3,918.45,5,3,3,3.6666666666666665,3,469,3.64,225,1,2,Hibernating
16387,United Kingdom,322,5,918.55,4,4,3,3.6666666666666665,5,457,9.57,316,1,2,Hibernating
17760,United Kingdom,21,6,918.93,2,4,3,3.0,6,696,12.09,628,0,0,Loyal Regulars
15304,United Kingdom,60,9,919.55,3,5,3,3.6666666666666665,9,133,31.71,361,0,0,Loyal Regulars
13872,United Kingdom,527,3,919.57,5,3,3,3.6666666666666665,3,339,16.13,198,1,2,Hibernating
13075,United Kingdom,129,1,919.61,3,1,3,2.3333333333333335,1,485,41.8,0,1,0,Loyal Regulars
14568,Channel Islands,435,1,919.7,5,1,3,3.0,1,645,19.57,0,1,2,Hibernating
12652,France,331,1,919.98,4,1,3,2.6666666666666665,1,505,19.17,0,1,2,Hibernating
12652,France,331,1,919.98,4,1,3,2.6666666666666665,1,31,32.35,0,1,2,Hibernating
12998,United Kingdom,492,3,920.08,5,3,3,3.6666666666666665,3,1124,15.86,161,1,2,Hibernating
14272,United Kingdom,73,4,920.81,3,3,3,3.0,4,1097,14.39,509,0,0,Loyal Regulars
12638,Sweden,33,2,921.49,2,3,3,2.6666666666666665,2,663,19.2,606,0,0,Loyal Regulars
13934,United Kingdom,263,1,922.1,4,1,3,2.6666666666666665,1,390,29.75,0,1,2,Hibernating
13122,United Kingdom,94,2,922.39,3,2,3,2.6666666666666665,2,585,16.77,146,1,0,Loyal Regulars
15654,United Kingdom,9,2,922.53,1,3,3,2.3333333333333335,2,475,43.93,17,0,0,Loyal Regulars
17322,United Kingdom,376,5,922.59,4,4,3,3.6666666666666665,5,631,5.21,360,1,2,Hibernating
13034,United Kingdom,54,3,922.68,2,3,3,2.6666666666666665,3,522,16.78,347,0,0,Loyal Regulars
16643,United Kingdom,245,2,923.11,4,2,3,3.0,2,553,16.78,177,1,0,Loyal Regulars
17143,United Kingdom,417,2,924.11,5,2,3,3.3333333333333335,2,330,7.64,98,1,2,Hibernating
14128,United Kingdom,60,3,924.21,3,3,3,3.0,3,814,14.22,491,0,0,Loyal Regulars
17864,United Kingdom,12,5,924.32,1,4,3,2.6666666666666665,5,1121,6.37,415,0,0,Loyal Regulars
13805,United Kingdom,52,2,924.6,2,2,3,2.3333333333333335,2,1900,71.12,77,0,0,Loyal Regulars
16975,United Kingdom,423,3,926.12,5,3,3,3.6666666666666665,3,586,20.58,82,1,2,Hibernating
17805,United Kingdom,73,2,927.03,3,2,3,2.6666666666666665,2,1126,84.28,537,0,0,Loyal Regulars
15243,United Kingdom,74,2,927.28,3,2,3,2.6666666666666665,2,543,15.2,361,0,0,Loyal Regulars
13288,United Kingdom,443,5,927.61,5,4,3,4.0,5,379,92.76,223,1,2,Hibernating
14338,United Kingdom,161,3,928.1,3,3,3,3.0,3,622,18.56,375,1,0,Loyal Regulars
16034,United Kingdom,196,6,928.72,4,4,3,3.6666666666666665,6,597,16.29,213,1,0,Loyal Regulars
15957,United Kingdom,31,3,930.1,2,3,3,2.6666666666666665,3,458,6.16,389,0,0,Loyal Regulars
14924,United Kingdom,245,3,931.01,4,3,3,3.3333333333333335,3,312,30.03,394,1,0,Loyal Regulars
13465,United Kingdom,446,2,931.12,5,2,3,3.3333333333333335,2,584,27.39,140,1,2,Hibernating
12396,RSA,674,1,931.43,5,2,3,3.3333333333333335,1,591,14.33,0,1,2,Hibernating
18133,United Kingdom,212,1,931.5,4,1,3,2.6666666666666665,1,1350,931.5,0,1,0,Loyal Regulars
18154,United Kingdom,3,5,932.6,1,4,3,2.6666666666666665,5,626,19.84,487,0,0,Loyal Regulars
16657,United Kingdom,9,4,933.62,1,4,3,2.6666666666666665,4,1229,4.49,245,0,0,Loyal Regulars
15792,United Kingdom,399,2,933.84,4,2,3,3.0,2,606,16.38,219,1,2,Hibernating
16781,United Kingdom,372,2,934.25,4,2,3,3.0,2,305,16.68,297,1,2,Hibernating
14140,United Kingdom,3,2,935.05,1,3,3,2.3333333333333335,2,811,14.17,28,0,0,Loyal Regulars
17472,United Kingdom,191,4,935.1,4,3,3,3.3333333333333335,4,558,4.07,437,1,0,Loyal Regulars
17020,United Kingdom,542,2,935.62,5,2,3,3.3333333333333335,2,860,13.56,104,1,2,Hibernating
14605,United Kingdom,374,4,937.16,4,3,3,3.3333333333333335,4,424,8.44,357,1,2,Hibernating
17527,United Kingdom,53,4,939.37,2,4,3,3.0,4,488,19.99,165,0,0,Loyal Regulars
16109,United Kingdom,218,3,939.48,4,3,3,3.3333333333333335,3,1092,30.31,480,1,0,Loyal Regulars
13936,United Kingdom,179,3,939.66,3,3,3,3.0,3,661,15.93,235,1,0,Loyal Regulars
15107,United Kingdom,311,9,940.35,4,5,3,4.0,9,356,20.01,140,1,2,Hibernating
15576,United Kingdom,37,1,940.67,2,1,3,2.0,1,404,20.9,0,0,0,Loyal Regulars
13416,United Kingdom,43,3,940.8,2,3,3,2.6666666666666665,3,208,36.18,693,0,0,Loyal Regulars
17363,United Kingdom,395,3,940.86,4,3,3,3.3333333333333335,3,523,26.13,7,1,2,Hibernating
14326,United Kingdom,242,3,940.98,4,3,3,3.3333333333333335,3,572,16.51,290,1,0,Loyal Regulars
18156,United Kingdom,12,2,941.17,1,3,3,2.3333333333333335,2,374,4.83,357,0,0,Loyal Regulars
15385,United Kingdom,40,3,942.08,2,3,3,2.6666666666666665,3,428,44.86,637,0,0,Loyal Regulars
12942,United Kingdom,131,3,942.65,3,3,3,3.0,3,272,10.36,234,1,0,Loyal Regulars
16199,United Kingdom,392,7,942.75,4,4,3,3.6666666666666665,7,321,94.28,239,1,2,Hibernating
13261,United Kingdom,268,2,944.1,4,2,3,3.0,2,210,104.9,17,1,2,Hibernating
16204,United Kingdom,23,3,944.24,2,3,3,2.6666666666666665,3,686,8.58,708,0,0,Loyal Regulars
18217,United Kingdom,29,4,945.04,2,4,3,3.0,4,740,23.63,497,0,0,Loyal Regulars
15707,United Kingdom,35,4,945.58,2,4,3,3.0,4,605,4.42,51,0,0,Loyal Regulars
17604,United Kingdom,217,6,945.93,4,4,3,3.6666666666666665,6,616,4.5,464,1,0,Loyal Regulars
16146,United Kingdom,157,4,946.38,3,3,3,3.0,4,544,23.08,291,1,0,Loyal Regulars
17356,United Kingdom,311,5,946.47,4,4,3,3.6666666666666665,5,925,11.01,377,1,2,Hibernating
16861,United Kingdom,59,5,946.59,3,4,3,3.3333333333333335,5,616,19.32,449,0,0,Loyal Regulars
16136,United Kingdom,59,4,946.8,3,4,3,3.3333333333333335,4,674,20.58,604,0,0,Loyal Regulars
16362,United Kingdom,32,6,946.94,2,4,3,3.0,6,478,10.07,405,0,0,Loyal Regulars
12355,Bahrain,214,2,947.61,4,2,3,3.0,2,543,27.07,353,1,0,Loyal Regulars
15723,United Kingdom,364,4,947.65,4,3,3,3.3333333333333335,4,444,7.35,210,1,2,Hibernating
15787,United Kingdom,26,3,948.05,2,3,3,2.6666666666666665,3,540,4.6,35,0,0,Loyal Regulars
12874,Belgium,385,2,948.42,4,2,3,3.0,2,623,19.76,169,1,2,Hibernating
12822,United Kingdom,70,2,948.88,3,2,3,2.6666666666666665,2,550,20.63,17,0,0,Loyal Regulars
15177,United Kingdom,425,1,948.93,5,1,3,3.0,1,485,36.5,0,1,2,Hibernating
13636,United Kingdom,36,5,949.12,2,4,3,3.0,5,592,15.07,249,0,0,Loyal Regulars
13046,United Kingdom,30,3,949.25,2,3,3,2.6666666666666665,3,505,16.95,426,0,0,Loyal Regulars
12767,Korea,375,1,949.82,4,1,3,2.6666666666666665,1,598,22.09,0,1,2,Hibernating
17955,United Kingdom,198,6,949.9,4,4,3,3.6666666666666665,6,681,43.18,467,1,0,Loyal Regulars
14615,United Kingdom,394,5,951.76,4,4,3,3.6666666666666665,5,495,19.83,154,1,2,Hibernating
12414,Austria,217,6,952.41,4,4,3,3.6666666666666665,6,495,34.01,246,1,0,Loyal Regulars
18001,United Kingdom,12,6,953.84,1,4,3,2.6666666666666665,6,893,6.81,725,0,0,Loyal Regulars
15835,United Kingdom,44,4,954.09,2,4,3,3.0,4,439,19.08,286,0,0,Loyal Regulars
15430,United Kingdom,467,2,954.75,5,2,3,3.3333333333333335,2,309,26.52,61,1,2,Hibernating
12505,Italy,408,1,955.2,4,1,3,2.6666666666666665,1,324,22.74,0,1,2,Hibernating
16947,United Kingdom,235,5,955.21,4,4,3,3.6666666666666665,5,655,18.02,411,1,0,Loyal Regulars
12990,United Kingdom,31,7,955.5,2,4,3,3.0,7,480,35.39,588,0,0,Loyal Regulars
16141,United Kingdom,88,2,955.94,3,2,3,2.6666666666666665,2,410,19.12,329,0,0,Loyal Regulars
17172,United Kingdom,78,3,956.57,3,3,3,3.0,3,1215,24.53,648,0,0,Loyal Regulars
17080,United Kingdom,22,7,957.53,2,4,3,3.0,7,569,29.02,504,0,0,Loyal Regulars
17516,United Kingdom,15,6,957.55,1,4,3,2.6666666666666665,6,527,4.89,363,0,0,Loyal Regulars
17298,United Kingdom,101,5,957.56,3,4,3,3.3333333333333335,5,854,13.68,540,1,0,Loyal Regulars
12697,Sweden,28,3,957.59,2,3,3,2.6666666666666665,3,508,23.36,141,0,0,Loyal Regulars
17189,United Kingdom,106,5,957.63,3,4,3,3.3333333333333335,5,604,7.79,631,1,0,Loyal Regulars
14958,United Kingdom,147,6,957.94,3,4,3,3.3333333333333335,6,249,13.3,589,1,0,Loyal Regulars
18192,United Kingdom,71,1,957.97,3,1,3,2.3333333333333335,1,339,21.29,0,0,0,Loyal Regulars
12675,Italy,553,2,958.5,5,2,3,3.3333333333333335,2,337,8.48,25,1,2,Hibernating
12588,Finland,39,4,958.78,2,4,3,3.0,4,438,20.84,558,0,0,Loyal Regulars
14437,United Kingdom,365,5,958.84,4,4,3,3.6666666666666665,5,486,19.98,218,1,2,Hibernating
14629,United Kingdom,4,2,959.01,1,3,3,2.3333333333333335,2,380,6.31,43,0,0,Loyal Regulars
16518,United Kingdom,61,4,959.37,3,4,3,3.3333333333333335,4,524,14.11,495,0,0,Loyal Regulars
14994,United Kingdom,382,5,960.63,4,4,3,3.6666666666666665,5,577,3.1,241,1,2,Hibernating
17544,United Kingdom,390,3,960.69,4,3,3,3.3333333333333335,3,439,10.44,0,1,2,Hibernating
15156,United Kingdom,1,3,961.49,1,3,3,2.3333333333333335,3,597,17.48,32,0,0,Loyal Regulars
15268,United Kingdom,478,3,961.9,5,3,3,3.6666666666666665,3,428,43.72,127,1,2,Hibernating
17081,United Kingdom,25,6,964.39,2,4,3,3.0,6,389,4.51,630,0,0,Loyal Regulars
16763,United Kingdom,198,2,964.7,4,2,3,3.0,2,492,21.92,540,1,0,Loyal Regulars
12550,Spain,79,1,964.83,3,1,3,2.3333333333333335,1,569,16.93,0,0,0,Loyal Regulars
15084,United Kingdom,379,2,965.2,4,2,3,3.0,2,600,31.14,266,1,2,Hibernating
13204,United Kingdom,731,1,966.66,5,2,3,3.3333333333333335,1,428,16.96,0,1,2,Hibernating
15907,United Kingdom,3,3,967.45,1,3,3,2.3333333333333335,3,509,3.89,207,0,0,Loyal Regulars
13223,United Kingdom,200,6,969.12,4,4,3,3.6666666666666665,6,568,74.55,465,1,0,Loyal Regulars
15208,United Kingdom,1,6,970.52,1,4,3,2.6666666666666665,6,356,20.22,422,0,0,Loyal Regulars
17100,United Kingdom,18,2,971.74,1,3,3,2.3333333333333335,2,800,14.95,0,0,0,Loyal Regulars
14350,United Kingdom,274,3,972.03,4,3,3,3.3333333333333335,3,543,16.48,156,1,2,Hibernating
12525,France,498,3,973.73,5,3,3,3.6666666666666665,3,509,16.23,149,1,2,Hibernating
17958,United Kingdom,116,2,973.88,3,2,3,2.6666666666666665,2,284,27.05,612,1,0,Loyal Regulars
12994,United Kingdom,4,3,974.42,1,3,3,2.3333333333333335,3,459,15.97,264,0,0,Loyal Regulars
15449,United Kingdom,26,3,974.52,2,3,3,2.6666666666666665,3,812,16.24,235,0,0,Loyal Regulars
15646,United Kingdom,157,5,974.61,3,4,3,3.3333333333333335,5,1051,11.47,253,1,0,Loyal Regulars
15165,United Kingdom,373,1,975.5,4,1,3,2.6666666666666665,1,320,18.06,0,1,2,Hibernating
15406,United Kingdom,31,4,975.87,2,4,3,3.0,4,547,8.0,422,0,0,Loyal Regulars
15247,United Kingdom,122,3,976.06,3,3,3,3.0,3,514,57.42,415,1,0,Loyal Regulars
17123,United Kingdom,161,3,977.17,3,3,3,3.0,3,676,22.72,411,1,0,Loyal Regulars
14454,United Kingdom,376,5,977.3,4,4,3,3.6666666666666665,5,400,8.88,357,1,2,Hibernating
15132,United Kingdom,18,5,977.93,1,4,3,2.6666666666666665,5,679,18.81,244,0,0,Loyal Regulars
17221,United Kingdom,7,5,978.52,1,4,3,2.6666666666666665,5,715,7.77,600,0,0,Loyal Regulars
13350,United Kingdom,16,2,979.12,1,3,3,2.3333333333333335,2,287,24.48,63,0,0,Loyal Regulars
17369,United Kingdom,455,1,979.2,5,1,3,3.0,1,1152,979.2,0,1,2,Hibernating
14230,United Kingdom,435,3,979.8,5,3,3,3.6666666666666665,3,246,29.69,113,1,2,Hibernating
12543,Spain,448,1,980.25,5,1,3,3.0,1,688,22.8,0,1,2,Hibernating
12541,Spain,29,3,981.18,2,3,3,2.6666666666666665,3,680,18.87,251,0,0,Loyal Regulars
14138,United Kingdom,1,2,982.38,1,3,3,2.3333333333333335,2,610,20.9,62,0,0,Loyal Regulars
15109,United Kingdom,245,3,983.1,4,3,3,3.3333333333333335,3,258,20.48,490,1,0,Loyal Regulars
14142,United Kingdom,373,2,983.15,4,2,3,3.0,2,831,14.9,273,1,2,Hibernating
17144,United Kingdom,1,2,984.57,1,3,3,2.3333333333333335,2,483,20.51,83,0,0,Loyal Regulars
16254,United Kingdom,378,3,985.14,4,3,3,3.3333333333333335,3,549,13.14,254,1,2,Hibernating
13439,United Kingdom,255,3,986.61,4,3,3,3.3333333333333335,3,952,5.91,271,1,0,Loyal Regulars
16661,United Kingdom,540,4,986.63,5,3,3,3.6666666666666665,4,385,15.18,182,1,2,Hibernating
16376,United Kingdom,8,2,987.01,1,3,3,2.3333333333333335,2,694,7.9,9,0,0,Loyal Regulars
18237,United Kingdom,2,5,987.1,1,4,3,2.6666666666666665,5,622,16.18,132,0,0,Loyal Regulars
16130,United Kingdom,422,4,987.48,5,3,3,3.6666666666666665,4,296,17.95,195,1,2,Hibernating
15176,United Kingdom,667,1,988.04,5,2,3,3.3333333333333335,1,448,19.0,0,1,2,Hibernating
15973,United Kingdom,366,3,988.44,4,3,3,3.3333333333333335,3,301,65.9,63,1,2,Hibernating
13245,United Kingdom,50,2,989.22,2,2,3,2.3333333333333335,2,371,21.98,382,0,0,Loyal Regulars
13559,United Kingdom,512,2,990.0,5,2,3,3.3333333333333335,2,360,495.0,31,1,2,Hibernating
14223,United Kingdom,92,3,991.13,3,3,3,3.0,3,585,16.52,172,1,0,Loyal Regulars
16009,United Kingdom,22,4,992.71,2,4,3,3.0,4,378,11.03,137,0,0,Loyal Regulars
13292,United Kingdom,38,5,994.51,2,4,3,3.0,5,530,16.86,488,0,0,Loyal Regulars
16699,United Kingdom,380,7,994.6,4,4,3,3.6666666666666665,7,640,16.04,355,1,2,Hibernating
17883,United Kingdom,3,7,995.85,1,4,3,2.6666666666666665,7,481,5.66,649,0,0,Loyal Regulars
13965,United Kingdom,476,3,996.61,5,3,3,3.6666666666666665,3,425,41.53,227,1,2,Hibernating
12722,France,85,4,997.63,3,3,3,3.0,4,566,18.82,65,0,0,Loyal Regulars
18006,United Kingdom,23,4,997.86,2,4,3,3.0,4,403,15.35,699,0,0,Loyal Regulars
17631,United Kingdom,1,7,998.49,1,4,3,2.6666666666666665,7,591,14.47,729,0,0,Loyal Regulars
16863,United Kingdom,31,3,998.52,2,3,3,2.6666666666666665,3,745,17.83,378,0,0,Loyal Regulars
17205,United Kingdom,53,3,999.35,2,3,3,2.6666666666666665,3,2214,28.55,511,0,0,Loyal Regulars
13005,United Kingdom,173,4,999.68,3,3,3,3.0,4,462,17.85,284,1,0,Loyal Regulars
18143,United Kingdom,116,2,1000.16,3,2,3,2.6666666666666665,2,570,16.4,25,1,0,Loyal Regulars
15508,United Kingdom,189,6,1000.27,3,4,3,3.3333333333333335,6,440,10.87,46,1,0,Loyal Regulars
12545,Spain,75,2,1000.39,3,2,3,2.6666666666666665,2,523,20.01,184,0,0,Loyal Regulars
14255,United Kingdom,546,1,1000.63,5,2,3,3.3333333333333335,1,1,1000.63,0,1,2,Hibernating
17464,United Kingdom,158,3,1000.94,3,3,3,3.0,3,652,23.83,461,1,0,Loyal Regulars
13857,United Kingdom,393,6,1001.01,4,4,3,3.6666666666666665,6,782,7.82,178,1,2,Hibernating
16122,United Kingdom,73,6,1001.34,3,4,3,3.3333333333333335,6,1398,15.65,352,0,0,Loyal Regulars
16535,United Kingdom,5,3,1001.59,1,3,3,2.3333333333333335,3,685,13.18,675,0,0,Loyal Regulars
17237,United Kingdom,11,4,1002.08,1,4,3,2.6666666666666665,4,415,12.53,370,0,0,Loyal Regulars
12446,RSA,57,1,1002.31,2,1,3,2.0,1,351,17.58,0,0,0,Loyal Regulars
14157,United Kingdom,19,5,1002.78,2,4,3,3.0,5,540,11.27,627,0,0,Loyal Regulars
17987,United Kingdom,185,5,1003.64,3,4,3,3.3333333333333335,5,1015,5.64,365,1,0,Loyal Regulars
18160,United Kingdom,57,3,1003.88,2,3,3,2.6666666666666665,3,519,15.44,329,0,0,Loyal Regulars
15363,United Kingdom,372,2,1004.11,4,2,3,3.0,2,527,19.69,120,1,2,Hibernating
14214,United Kingdom,30,5,1004.38,2,4,3,3.0,5,751,14.99,247,0,0,Loyal Regulars
17329,United Kingdom,14,5,1004.43,1,4,3,2.6666666666666665,5,432,9.57,722,0,0,Loyal Regulars
13549,United Kingdom,25,8,1005.8,2,4,3,3.0,8,554,17.05,362,0,0,Loyal Regulars
12703,Germany,71,4,1006.53,3,3,3,3.0,4,595,13.6,613,0,0,Loyal Regulars
13427,United Kingdom,19,6,1006.53,2,4,3,3.0,6,880,19.36,703,0,0,Loyal Regulars
15771,United Kingdom,604,3,1006.54,5,3,3,3.6666666666666665,3,512,35.95,89,1,2,Hibernating
13238,United Kingdom,17,6,1006.63,1,4,3,2.6666666666666665,6,442,21.42,573,0,0,Loyal Regulars
13429,United Kingdom,10,4,1006.8,1,4,3,2.6666666666666665,4,1390,15.03,65,0,0,Loyal Regulars
16287,United Kingdom,169,5,1006.98,3,4,3,3.3333333333333335,5,1426,23.98,520,1,0,Loyal Regulars
14510,United Kingdom,375,3,1007.28,4,3,3,3.3333333333333335,3,821,12.91,61,1,2,Hibernating
12862,United Kingdom,425,2,1008.32,5,2,3,3.3333333333333335,2,613,7.58,70,1,2,Hibernating
16572,United Kingdom,127,3,1009.6,3,3,3,3.0,3,532,17.71,148,1,0,Loyal Regulars
13039,United Kingdom,584,4,1010.73,5,3,3,3.6666666666666665,4,290,18.38,138,1,2,Hibernating
15713,United Kingdom,143,4,1010.79,3,3,3,3.0,4,510,16.57,580,1,0,Loyal Regulars
16435,United Kingdom,512,3,1011.57,5,3,3,3.6666666666666665,3,609,8.03,2,1,2,Hibernating
17197,United Kingdom,29,1,1013.01,2,1,3,2.0,1,191,34.93,0,0,0,Loyal Regulars
15025,United Kingdom,33,2,1013.09,2,3,3,2.6666666666666665,2,515,6.94,535,0,0,Loyal Regulars
16451,United Kingdom,87,3,1013.15,3,3,3,3.0,3,524,15.59,648,0,0,Loyal Regulars
15951,United Kingdom,8,3,1013.17,1,3,3,2.3333333333333335,3,420,17.17,373,0,0,Loyal Regulars
12642,Germany,25,3,1013.26,2,3,3,2.6666666666666665,3,552,21.56,82,0,0,Loyal Regulars
13466,United Kingdom,184,5,1013.35,3,4,3,3.3333333333333335,5,660,18.42,444,1,0,Loyal Regulars
12410,Switzerland,308,3,1013.71,4,3,3,3.3333333333333335,3,341,25.34,194,1,2,Hibernating
14953,United Kingdom,25,4,1013.77,2,4,3,3.0,4,1028,3.91,410,0,0,Loyal Regulars
14355,United Kingdom,365,3,1014.45,4,3,3,3.3333333333333335,3,709,14.29,262,1,2,Hibernating
16623,United Kingdom,245,4,1015.24,4,3,3,3.3333333333333335,4,442,19.91,347,1,0,Loyal Regulars
13867,United Kingdom,31,3,1015.29,2,3,3,2.6666666666666665,3,513,16.64,187,0,0,Loyal Regulars
17860,United Kingdom,368,4,1015.54,4,3,3,3.3333333333333335,4,817,4.38,360,1,2,Hibernating
13333,United Kingdom,411,3,1015.74,5,3,3,3.6666666666666665,3,685,18.47,247,1,2,Hibernating
17299,United Kingdom,11,6,1016.08,1,4,3,2.6666666666666665,6,934,8.47,470,0,0,Loyal Regulars
16898,United Kingdom,26,5,1016.37,2,4,3,3.0,5,805,3.47,550,0,0,Loyal Regulars
13641,United Kingdom,640,5,1016.47,5,4,3,4.0,5,1098,23.1,94,1,2,Hibernating
15970,United Kingdom,303,2,1017.32,4,2,3,3.0,2,498,42.39,295,1,2,Hibernating
12793,Portugal,334,3,1017.33,4,3,3,3.3333333333333335,3,526,19.95,67,1,2,Hibernating
12905,United Kingdom,576,2,1018.42,5,2,3,3.3333333333333335,2,532,18.86,106,1,2,Hibernating
12828,United Kingdom,2,6,1018.71,1,4,3,2.6666666666666665,6,494,18.19,128,0,0,Loyal Regulars
12403,Denmark,49,2,1019.36,2,2,3,2.3333333333333335,2,260,113.26,472,0,0,Loyal Regulars
18142,United Kingdom,157,2,1019.52,3,2,3,2.6666666666666665,2,1276,67.97,58,1,0,Loyal Regulars
13376,United Kingdom,99,3,1019.76,3,3,3,3.0,3,493,19.24,135,1,0,Loyal Regulars
12572,Germany,8,2,1020.42,1,3,3,2.3333333333333335,2,452,17.01,43,0,0,Loyal Regulars
16568,United Kingdom,427,2,1020.9,5,2,3,3.3333333333333335,2,366,204.18,214,1,2,Hibernating
17362,United Kingdom,239,7,1024.04,4,4,3,3.6666666666666665,7,549,7.11,463,1,0,Loyal Regulars
17310,United Kingdom,387,2,1025.1,4,2,3,3.0,2,402,512.55,147,1,2,Hibernating
13602,United Kingdom,64,4,1025.17,3,3,3,3.0,4,538,17.68,496,0,0,Loyal Regulars
16160,United Kingdom,65,2,1025.44,3,2,3,2.6666666666666665,2,1162,51.27,20,0,0,Loyal Regulars
17749,United Kingdom,178,3,1026.18,3,3,3,3.0,3,446,18.0,368,1,0,Loyal Regulars
13956,United Kingdom,5,5,1026.42,1,4,3,2.6666666666666665,5,491,6.75,266,0,0,Loyal Regulars
15887,United Kingdom,406,3,1027.15,4,3,3,3.3333333333333335,3,605,27.76,149,1,2,Hibernating
16227,United Kingdom,225,3,1027.22,4,3,3,3.3333333333333335,3,436,30.21,310,1,0,Loyal Regulars
15104,United Kingdom,196,2,1027.44,4,2,3,3.0,2,637,14.89,86,1,0,Loyal Regulars
16682,United Kingdom,4,5,1028.0,1,4,3,2.6666666666666665,5,1040,34.27,183,0,0,Loyal Regulars
15333,United Kingdom,208,1,1028.56,4,1,3,2.6666666666666665,1,344,64.29,0,1,0,Loyal Regulars
14932,Channel Islands,365,2,1029.66,4,2,3,3.0,2,337,21.01,20,1,2,Hibernating
16284,United Kingdom,31,3,1029.77,2,3,3,2.6666666666666665,3,683,7.41,362,0,0,Loyal Regulars
16198,United Kingdom,75,2,1030.04,3,2,3,2.6666666666666665,2,384,31.21,362,0,0,Loyal Regulars
16385,United Kingdom,60,5,1030.61,3,4,3,3.3333333333333335,5,549,7.52,571,0,0,Loyal Regulars
13235,United Kingdom,212,1,1031.07,4,1,3,2.6666666666666665,1,441,17.78,0,1,0,Loyal Regulars
17405,United Kingdom,1,3,1031.41,1,3,3,2.3333333333333335,3,726,12.58,149,0,0,Loyal Regulars
13000,United Kingdom,106,4,1032.5,3,3,3,3.0,4,548,16.65,619,1,0,Loyal Regulars
14248,United Kingdom,318,3,1032.95,4,3,3,3.3333333333333335,3,692,21.98,197,1,2,Hibernating
17724,United Kingdom,71,3,1033.0,3,3,3,3.0,3,300,25.83,67,0,0,Loyal Regulars
17980,United Kingdom,165,4,1033.42,3,3,3,3.0,4,782,15.66,228,1,0,Loyal Regulars
12811,Portugal,260,5,1033.9,4,4,3,3.6666666666666665,5,435,18.46,167,1,0,Loyal Regulars
16441,United Kingdom,67,5,1034.43,3,4,3,3.3333333333333335,5,484,12.03,560,0,0,Loyal Regulars
13258,United Kingdom,11,5,1035.18,1,4,3,2.6666666666666665,5,451,22.5,389,0,0,Loyal Regulars
16787,United Kingdom,397,4,1035.43,4,3,3,3.3333333333333335,4,474,9.08,301,1,2,Hibernating
16260,United Kingdom,50,1,1035.45,2,1,3,2.0,1,311,57.53,0,0,0,Loyal Regulars
17926,United Kingdom,133,5,1035.49,3,4,3,3.3333333333333335,5,572,23.53,446,1,0,Loyal Regulars
14902,United Kingdom,25,3,1035.62,2,3,3,2.6666666666666665,3,716,17.55,528,0,0,Loyal Regulars
17869,United Kingdom,107,7,1036.16,3,4,3,3.3333333333333335,7,560,10.57,440,1,0,Loyal Regulars
12486,Sweden,431,1,1037.28,5,1,3,3.0,1,523,21.17,0,1,2,Hibernating
13873,United Kingdom,119,8,1038.92,3,4,3,3.3333333333333335,8,472,17.32,527,1,0,Loyal Regulars
13613,United Kingdom,452,5,1039.85,5,4,3,4.0,5,445,17.62,208,1,2,Hibernating
16991,United Kingdom,421,1,1041.21,5,1,3,3.0,1,793,14.07,0,1,2,Hibernating
13359,United Kingdom,63,2,1043.31,3,2,3,2.6666666666666665,2,381,18.63,340,0,0,Loyal Regulars
17042,United Kingdom,2,5,1044.38,1,4,3,2.6666666666666665,5,994,10.66,245,0,0,Loyal Regulars
14108,United Kingdom,30,4,1044.96,2,4,3,3.0,4,660,20.1,708,0,0,Loyal Regulars
15091,United Kingdom,67,3,1046.61,3,3,3,3.0,3,582,18.36,607,0,0,Loyal Regulars
17474,United Kingdom,599,1,1047.0,5,2,3,3.3333333333333335,1,200,174.5,0,1,2,Hibernating
17578,United Kingdom,218,7,1047.33,4,4,3,3.6666666666666665,7,529,16.11,311,1,0,Loyal Regulars
15839,United Kingdom,33,3,1048.49,2,3,3,2.6666666666666665,3,675,16.91,115,0,0,Loyal Regulars
15464,United Kingdom,338,1,1048.85,4,1,3,2.6666666666666665,1,350,6.68,0,1,2,Hibernating
17934,United Kingdom,51,3,1049.15,2,3,3,2.6666666666666665,3,628,25.59,355,0,0,Loyal Regulars
13775,United Kingdom,590,1,1049.66,5,2,3,3.3333333333333335,1,455,16.66,0,1,2,Hibernating
14947,United Kingdom,72,6,1049.79,3,4,3,3.3333333333333335,6,416,19.44,552,0,0,Loyal Regulars
12370,Austria,357,4,1051.82,4,3,3,3.3333333333333335,4,303,24.46,311,1,2,Hibernating
12370,Austria,357,4,1051.82,4,3,3,3.3333333333333335,3,2302,20.56,309,1,2,Hibernating
15855,United Kingdom,136,6,1052.72,3,4,3,3.3333333333333335,6,712,11.08,340,1,0,Loyal Regulars
15886,United Kingdom,60,4,1052.87,3,4,3,3.3333333333333335,4,667,16.98,538,0,0,Loyal Regulars
12580,Germany,246,2,1052.9,4,2,3,3.0,2,569,18.15,330,1,0,Loyal Regulars
12716,France,3,2,1053.49,1,3,3,2.3333333333333335,2,708,15.27,130,0,0,Loyal Regulars
16728,United Kingdom,46,4,1054.67,2,4,3,3.0,4,677,3.92,218,0,0,Loyal Regulars
15977,United Kingdom,17,2,1054.73,1,3,3,2.3333333333333335,2,1016,16.23,22,0,0,Loyal Regulars
15645,United Kingdom,18,3,1055.17,1,3,3,2.3333333333333335,3,396,15.52,407,0,0,Loyal Regulars
12791,Netherlands,373,6,1056.11,4,4,3,3.6666666666666665,6,450,35.2,251,1,2,Hibernating
14734,United Kingdom,425,4,1056.42,5,3,3,3.6666666666666665,4,378,16.77,126,1,2,Hibernating
15407,United Kingdom,33,4,1056.44,2,4,3,3.0,4,558,6.9,272,0,0,Loyal Regulars
17555,United Kingdom,19,5,1057.74,1,4,3,2.6666666666666665,5,747,3.89,567,0,0,Loyal Regulars
15850,United Kingdom,19,6,1058.72,1,4,3,2.6666666666666665,6,1379,3.17,707,0,0,Loyal Regulars
18130,United Kingdom,15,3,1059.39,1,3,3,2.3333333333333335,3,824,15.13,42,0,0,Loyal Regulars
17421,United Kingdom,386,3,1059.41,4,3,3,3.3333333333333335,3,807,18.27,349,1,2,Hibernating
16261,United Kingdom,17,6,1059.45,1,4,3,2.6666666666666665,6,459,6.31,425,0,0,Loyal Regulars
17727,United Kingdom,15,1,1060.25,1,1,3,1.6666666666666667,1,645,16.06,0,0,0,Loyal Regulars
15706,United Kingdom,63,4,1060.56,3,4,3,3.3333333333333335,4,321,19.28,53,0,0,Loyal Regulars
15003,United Kingdom,473,6,1060.7,5,4,3,4.0,6,547,3.04,209,1,2,Hibernating
17616,United Kingdom,173,4,1060.8,3,3,3,3.0,4,416,212.16,278,1,0,Loyal Regulars
15026,United Kingdom,80,5,1061.61,3,4,3,3.3333333333333335,5,673,7.58,368,0,0,Loyal Regulars
16903,United Kingdom,29,3,1062.28,2,3,3,2.6666666666666665,3,747,5.59,386,0,0,Loyal Regulars
14204,United Kingdom,2,4,1062.96,1,4,3,2.6666666666666665,4,492,4.58,735,0,0,Loyal Regulars
14411,United Kingdom,310,1,1063.0,4,1,3,2.6666666666666665,1,196,75.93,0,1,2,Hibernating
12815,Poland,147,2,1063.46,3,2,3,2.6666666666666665,2,379,22.63,51,1,0,Loyal Regulars
17849,United Kingdom,218,8,1063.76,4,4,3,3.6666666666666665,8,224,21.28,417,1,0,Loyal Regulars
12936,United Kingdom,17,4,1063.9,1,4,3,2.6666666666666665,4,559,17.16,61,0,0,Loyal Regulars
15801,United Kingdom,46,3,1063.95,2,3,3,2.6666666666666665,3,570,16.62,63,0,0,Loyal Regulars
14488,United Kingdom,67,1,1064.28,3,1,3,2.3333333333333335,1,799,23.14,0,0,0,Loyal Regulars
15639,United Kingdom,134,3,1065.08,3,3,3,3.0,3,849,15.44,471,1,0,Loyal Regulars
17277,United Kingdom,227,2,1065.35,4,2,3,3.0,2,430,15.44,95,1,0,Loyal Regulars
14675,United Kingdom,16,2,1066.9,1,3,3,2.3333333333333335,2,726,4.45,372,0,0,Loyal Regulars
15626,United Kingdom,74,3,1067.52,3,3,3,3.0,3,1138,13.34,347,0,0,Loyal Regulars
17214,United Kingdom,60,6,1069.12,3,4,3,3.3333333333333335,6,276,10.38,299,0,0,Loyal Regulars
12728,France,71,5,1070.17,3,4,3,3.3333333333333335,5,543,17.54,312,0,0,Loyal Regulars
17522,United Kingdom,1,5,1070.71,1,4,3,2.6666666666666665,5,1034,14.67,217,0,0,Loyal Regulars
14484,United Kingdom,50,4,1070.98,2,4,3,3.0,4,744,20.21,672,0,0,Loyal Regulars
16593,United Kingdom,50,8,1071.14,2,4,3,3.0,8,377,13.73,684,0,0,Loyal Regulars
17854,United Kingdom,185,6,1071.45,3,4,3,3.3333333333333335,6,610,8.93,546,1,0,Loyal Regulars
12801,Sweden,500,1,1071.82,5,1,3,3.0,1,505,21.44,0,1,2,Hibernating
15238,United Kingdom,29,3,1071.99,2,3,3,2.6666666666666665,3,692,21.44,155,0,0,Loyal Regulars
16884,United Kingdom,37,4,1073.92,2,4,3,3.0,4,521,14.32,533,0,0,Loyal Regulars
15912,United Kingdom,178,9,1074.7,3,5,3,3.6666666666666665,9,759,11.31,551,1,0,Loyal Regulars
16048,United Kingdom,373,4,1075.23,4,3,3,3.3333333333333335,4,569,24.44,176,1,2,Hibernating
13959,United Kingdom,79,6,1076.18,3,4,3,3.3333333333333335,6,700,6.6,432,0,0,Loyal Regulars
16071,United Kingdom,44,4,1076.8,2,4,3,3.0,4,697,14.75,611,0,0,Loyal Regulars
16642,United Kingdom,4,3,1077.45,1,3,3,2.3333333333333335,3,775,19.95,411,0,0,Loyal Regulars
16183,United Kingdom,67,4,1077.81,3,3,3,3.0,4,351,26.29,340,0,0,Loyal Regulars
16231,United Kingdom,379,4,1078.22,4,3,3,3.3333333333333335,4,564,10.68,218,1,2,Hibernating
13607,United Kingdom,40,2,1078.31,2,3,3,2.6666666666666665,2,468,8.84,362,0,0,Loyal Regulars
13656,United Kingdom,164,4,1078.85,3,3,3,3.0,4,862,12.4,431,1,0,Loyal Regulars
14352,United Kingdom,157,4,1078.96,3,3,3,3.0,4,538,22.96,116,1,0,Loyal Regulars
15546,United Kingdom,606,2,1079.1,5,2,3,3.3333333333333335,2,198,89.93,0,1,2,Hibernating
12354,Spain,232,1,1079.4,4,1,3,2.6666666666666665,1,530,18.61,0,1,0,Loyal Regulars
13726,United Kingdom,38,2,1079.66,2,3,3,2.6666666666666665,2,1054,25.71,62,0,0,Loyal Regulars
13727,United Kingdom,28,8,1080.05,2,4,3,3.0,8,370,12.86,702,0,0,Loyal Regulars
14561,United Kingdom,75,3,1080.76,3,3,3,3.0,3,1014,15.66,109,0,0,Loyal Regulars
13567,United Kingdom,428,4,1083.69,5,3,3,3.6666666666666665,4,645,5.34,113,1,2,Hibernating
13467,United Kingdom,10,2,1083.71,1,3,3,2.3333333333333335,2,584,10.95,26,0,0,Loyal Regulars
17420,United Kingdom,50,6,1084.43,2,4,3,3.0,6,499,19.03,351,0,0,Loyal Regulars
14013,United Kingdom,110,5,1084.57,3,4,3,3.3333333333333335,5,775,15.95,513,1,0,Loyal Regulars
16298,United Kingdom,22,7,1085.7,2,4,3,3.0,7,308,23.1,420,0,0,Loyal Regulars
14139,United Kingdom,46,4,1086.8,2,4,3,3.0,4,1049,15.75,496,0,0,Loyal Regulars
15763,United Kingdom,31,2,1086.92,2,3,3,2.6666666666666665,2,271,17.82,46,0,0,Loyal Regulars
16188,United Kingdom,44,5,1087.66,2,4,3,3.0,5,838,14.7,364,0,0,Loyal Regulars
15535,United Kingdom,173,6,1087.82,3,4,3,3.3333333333333335,6,323,8.12,276,1,0,Loyal Regulars
15254,United Kingdom,127,3,1088.35,3,3,3,3.0,3,711,16.24,433,1,0,Loyal Regulars
14343,United Kingdom,421,4,1088.91,5,3,3,3.6666666666666665,4,631,4.58,269,1,2,Hibernating
12534,Germany,130,1,1089.18,3,1,3,2.3333333333333335,1,651,17.29,0,1,0,Loyal Regulars
13853,United Kingdom,57,1,1090.14,2,1,3,2.0,1,312,47.4,0,0,0,Loyal Regulars
16211,United Kingdom,88,3,1090.59,3,3,3,3.0,3,519,30.29,350,0,0,Loyal Regulars
14813,United Kingdom,369,4,1090.87,4,3,3,3.3333333333333335,4,474,6.16,241,1,2,Hibernating
14199,United Kingdom,218,4,1091.7,4,3,3,3.3333333333333335,4,254,60.65,312,1,0,Loyal Regulars
17726,United Kingdom,395,7,1092.06,4,4,3,3.6666666666666665,7,444,17.06,287,1,2,Hibernating
13546,United Kingdom,12,5,1092.14,1,4,3,2.6666666666666665,5,589,7.14,412,0,0,Loyal Regulars
12803,Netherlands,393,1,1092.81,4,1,3,2.6666666666666665,1,872,19.87,0,1,2,Hibernating
14460,United Kingdom,110,9,1093.5,3,5,3,3.6666666666666665,9,1879,26.04,614,1,0,Loyal Regulars
13521,United Kingdom,1,3,1093.65,1,3,3,2.3333333333333335,3,736,2.51,9,0,0,Loyal Regulars
15745,United Kingdom,19,4,1094.59,2,4,3,3.0,4,421,17.65,217,0,0,Loyal Regulars
17703,United Kingdom,35,4,1094.84,2,4,3,3.0,4,897,14.04,383,0,0,Loyal Regulars
13835,United Kingdom,25,7,1095.27,2,4,3,3.0,7,520,15.43,620,0,0,Loyal Regulars
16533,United Kingdom,19,3,1095.56,1,3,3,2.3333333333333335,3,612,6.19,49,0,0,Loyal Regulars
17366,United Kingdom,432,2,1096.24,5,2,3,3.3333333333333335,2,510,8.12,24,1,2,Hibernating
16805,United Kingdom,173,5,1097.24,3,4,3,3.3333333333333335,5,1122,4.37,558,1,0,Loyal Regulars
13108,United Kingdom,372,2,1098.52,4,2,3,3.0,2,1043,24.41,63,1,2,Hibernating
12421,Spain,15,6,1098.6,1,4,3,2.6666666666666665,6,652,16.9,490,0,0,Loyal Regulars
14009,United Kingdom,198,3,1099.91,4,3,3,3.3333333333333335,3,951,14.86,264,1,0,Loyal Regulars
12785,Portugal,364,3,1100.4,4,3,3,3.3333333333333335,3,453,19.65,367,1,2,Hibernating
16418,United Kingdom,44,5,1101.94,2,4,3,3.0,5,580,6.52,378,0,0,Loyal Regulars
14948,United Kingdom,23,6,1101.97,2,4,3,3.0,6,673,17.49,196,0,0,Loyal Regulars
13295,United Kingdom,359,4,1101.97,4,3,3,3.3333333333333335,4,733,16.45,217,1,2,Hibernating
16223,United Kingdom,374,2,1102.35,4,2,3,3.0,2,651,8.75,21,1,2,Hibernating
16386,United Kingdom,28,3,1102.59,2,3,3,2.6666666666666665,3,723,7.5,359,0,0,Loyal Regulars
12434,Australia,84,3,1103.43,3,3,3,3.0,3,532,15.76,297,0,0,Loyal Regulars
16391,United Kingdom,400,4,1103.61,4,3,3,3.3333333333333335,4,748,3.33,161,1,2,Hibernating
14805,United Kingdom,15,7,1104.64,1,4,3,2.6666666666666665,7,421,8.37,606,0,0,Loyal Regulars
14891,United Kingdom,148,4,1106.73,3,3,3,3.0,4,788,17.57,288,1,0,Loyal Regulars
15933,United Kingdom,21,3,1107.46,2,3,3,2.6666666666666665,3,885,14.97,65,0,0,Loyal Regulars
15828,United Kingdom,375,1,1108.82,4,1,3,2.6666666666666665,1,367,14.98,0,1,2,Hibernating
15559,United Kingdom,568,1,1109.4,5,2,3,3.3333333333333335,1,526,17.89,0,1,2,Hibernating
15069,United Kingdom,179,1,1109.53,3,1,3,2.3333333333333335,1,520,15.85,0,1,0,Loyal Regulars
16702,United Kingdom,415,4,1110.83,5,3,3,3.6666666666666665,4,692,12.21,317,1,2,Hibernating
16139,United Kingdom,18,5,1111.15,1,4,3,2.6666666666666665,5,602,19.49,718,0,0,Loyal Regulars
12648,Germany,154,4,1112.0,3,3,3,3.0,4,518,17.11,547,1,0,Loyal Regulars
12679,France,58,4,1113.02,2,4,3,3.0,4,554,23.19,225,0,0,Loyal Regulars
14672,United Kingdom,234,4,1113.14,4,3,3,3.3333333333333335,4,646,10.5,446,1,0,Loyal Regulars
16203,United Kingdom,58,6,1114.54,2,4,3,3.0,6,607,14.47,446,0,0,Loyal Regulars
13509,United Kingdom,8,8,1114.72,1,5,3,3.0,8,1214,22.75,499,0,0,Loyal Regulars
14080,United Kingdom,32,5,1115.68,2,4,3,3.0,5,268,13.44,705,0,0,Loyal Regulars
14966,United Kingdom,14,6,1115.84,1,4,3,2.6666666666666665,6,1098,6.97,710,0,0,Loyal Regulars
14971,United Kingdom,35,3,1116.57,2,3,3,2.6666666666666665,3,644,6.98,8,0,0,Loyal Regulars
16278,United Kingdom,100,3,1117.84,3,3,3,3.0,3,342,20.32,399,1,0,Loyal Regulars
17788,United Kingdom,73,2,1117.9,3,2,3,2.6666666666666665,2,211,223.58,56,0,0,Loyal Regulars
16430,United Kingdom,57,7,1117.94,2,4,3,3.0,7,307,39.93,624,0,0,Loyal Regulars
17423,United Kingdom,46,3,1118.95,2,3,3,2.6666666666666665,3,790,26.02,347,0,0,Loyal Regulars
17871,United Kingdom,204,5,1118.99,4,4,3,3.6666666666666665,5,713,13.16,489,1,0,Loyal Regulars
17007,United Kingdom,50,7,1120.1,2,4,3,3.0,7,717,16.72,387,0,0,Loyal Regulars
13589,United Kingdom,14,6,1120.74,1,4,3,2.6666666666666665,6,293,21.55,719,0,0,Loyal Regulars
16895,United Kingdom,64,5,1121.42,3,4,3,3.3333333333333335,5,433,6.56,601,0,0,Loyal Regulars
13368,United Kingdom,256,4,1121.5,4,3,3,3.3333333333333335,4,606,21.57,167,1,0,Loyal Regulars
17562,United Kingdom,14,7,1122.38,1,4,3,2.6666666666666665,7,817,17.82,159,0,0,Loyal Regulars
13486,United Kingdom,78,3,1122.41,3,3,3,3.0,3,669,16.27,77,0,0,Loyal Regulars
17492,United Kingdom,248,3,1122.42,4,3,3,3.3333333333333335,3,450,28.78,270,1,0,Loyal Regulars
15436,United Kingdom,12,3,1122.53,1,3,3,2.3333333333333335,3,613,3.41,222,0,0,Loyal Regulars
16916,United Kingdom,23,4,1123.4,2,4,3,3.0,4,764,4.26,392,0,0,Loyal Regulars
14917,United Kingdom,596,2,1123.75,5,2,3,3.3333333333333335,2,891,38.75,0,1,2,Hibernating
13778,United Kingdom,103,4,1124.49,3,3,3,3.0,4,511,25.56,462,1,0,Loyal Regulars
13167,United Kingdom,18,5,1125.15,1,4,3,2.6666666666666665,5,1007,13.89,372,0,0,Loyal Regulars
12503,Spain,584,1,1126.0,5,2,3,3.3333333333333335,1,561,563.0,0,1,2,Hibernating
15969,United Kingdom,2,5,1127.05,1,4,3,2.6666666666666665,5,223,32.2,520,0,0,Loyal Regulars
14671,United Kingdom,549,2,1127.45,5,2,3,3.3333333333333335,2,571,20.5,19,1,2,Hibernating
12373,Austria,311,3,1127.65,4,3,3,3.3333333333333335,3,516,22.11,362,1,2,Hibernating
14450,United Kingdom,180,7,1128.44,3,4,3,3.3333333333333335,7,522,14.85,430,1,0,Loyal Regulars
13447,United Kingdom,23,3,1129.14,2,3,3,2.6666666666666665,3,584,19.14,12,0,0,Loyal Regulars
12427,Germany,21,3,1129.3,2,3,3,2.6666666666666665,3,612,27.54,350,0,0,Loyal Regulars
16354,United Kingdom,63,5,1129.51,3,4,3,3.3333333333333335,5,599,7.95,528,0,0,Loyal Regulars
17622,United Kingdom,597,2,1130.21,5,2,3,3.3333333333333335,2,379,29.74,1,1,2,Hibernating
16014,United Kingdom,37,5,1130.27,2,4,3,3.0,5,478,3.88,640,0,0,Loyal Regulars
15695,United Kingdom,266,4,1131.04,4,3,3,3.3333333333333335,4,484,19.17,415,1,2,Hibernating
12616,France,95,3,1131.1,3,3,3,3.0,3,498,20.95,293,1,0,Loyal Regulars
13393,United Kingdom,583,4,1131.45,5,3,3,3.6666666666666665,4,662,16.4,149,1,2,Hibernating
15500,United Kingdom,8,4,1131.56,1,4,3,2.6666666666666665,4,572,16.64,73,0,0,Loyal Regulars
14375,United Kingdom,185,3,1132.99,3,3,3,3.0,3,659,5.25,356,1,0,Loyal Regulars
16989,United Kingdom,7,6,1133.25,1,4,3,2.6666666666666665,6,1233,94.44,143,0,0,Loyal Regulars
17137,United Kingdom,416,6,1133.63,5,4,3,4.0,6,697,6.44,261,1,2,Hibernating
13109,United Kingdom,59,3,1134.03,3,3,3,3.0,3,757,16.2,492,0,0,Loyal Regulars
17866,United Kingdom,142,3,1134.95,3,3,3,3.0,3,535,43.65,583,1,0,Loyal Regulars
17302,United Kingdom,14,5,1135.63,1,4,3,2.6666666666666665,5,575,14.38,291,0,0,Loyal Regulars
17500,United Kingdom,17,3,1138.0,1,3,3,2.3333333333333335,3,17,227.6,12,0,0,Loyal Regulars
15586,United Kingdom,592,3,1139.1,5,3,3,3.6666666666666665,3,1338,29.98,108,1,2,Hibernating
16270,United Kingdom,353,1,1141.24,4,1,3,2.6666666666666665,1,688,21.13,0,1,2,Hibernating
16769,United Kingdom,260,4,1141.75,4,3,3,3.3333333333333335,4,301,11.42,465,1,0,Loyal Regulars
18218,United Kingdom,211,4,1142.0,4,3,3,3.3333333333333335,4,1076,29.28,449,1,0,Loyal Regulars
13856,United Kingdom,168,11,1142.03,3,5,3,3.6666666666666665,11,1105,21.15,451,1,0,Loyal Regulars
18125,United Kingdom,29,4,1142.99,2,4,3,3.0,4,804,5.83,287,0,0,Loyal Regulars
14585,United Kingdom,50,5,1143.27,2,4,3,3.0,5,630,10.3,366,0,0,Loyal Regulars
17770,United Kingdom,198,5,1143.27,4,4,3,3.6666666666666665,5,365,30.09,84,1,0,Loyal Regulars
12769,Brazil,238,1,1143.6,4,1,3,2.6666666666666665,1,356,35.74,0,1,0,Loyal Regulars
17477,United Kingdom,612,2,1144.3,5,2,3,3.3333333333333335,2,225,26.01,35,1,2,Hibernating
16766,United Kingdom,273,2,1145.6,4,2,3,3.0,2,536,33.69,0,1,2,Hibernating
14308,United Kingdom,549,2,1147.02,5,2,3,3.3333333333333335,2,2,573.51,0,1,2,Hibernating
16521,United Kingdom,415,3,1148.01,5,3,3,3.6666666666666665,3,1016,4.8,233,1,2,Hibernating
12710,Germany,96,3,1149.02,3,3,3,3.0,3,851,14.92,105,1,0,Loyal Regulars
12475,Germany,53,2,1149.64,2,2,3,2.3333333333333335,2,771,18.85,356,0,0,Loyal Regulars
14475,United Kingdom,71,4,1151.15,3,3,3,3.0,4,541,23.98,337,0,0,Loyal Regulars
13462,United Kingdom,252,5,1153.85,4,4,3,3.6666666666666665,5,697,16.25,473,1,0,Loyal Regulars
16637,United Kingdom,32,4,1154.47,2,4,3,3.0,4,927,16.73,193,0,0,Loyal Regulars
17127,United Kingdom,428,5,1155.03,5,4,3,4.0,5,340,31.22,307,1,2,Hibernating
14788,United Kingdom,7,3,1156.32,1,3,3,2.3333333333333335,3,719,19.94,589,0,0,Loyal Regulars
13744,United Kingdom,95,2,1156.36,3,2,3,2.6666666666666665,2,1249,16.06,197,1,0,Loyal Regulars
17169,United Kingdom,57,3,1156.73,2,3,3,2.6666666666666665,3,671,15.42,521,0,0,Loyal Regulars
15879,United Kingdom,404,4,1157.3,4,3,3,3.3333333333333335,4,643,6.32,318,1,2,Hibernating
15028,United Kingdom,8,6,1157.71,1,4,3,2.6666666666666665,6,796,9.73,386,0,0,Loyal Regulars
12439,Cyprus,682,2,1158.18,5,2,3,3.3333333333333335,2,484,16.09,43,1,2,Hibernating
16184,United Kingdom,64,6,1158.79,3,4,3,3.3333333333333335,6,561,25.75,147,0,0,Loyal Regulars
17513,United Kingdom,72,3,1158.8,3,3,3,3.0,3,440,64.38,407,0,0,Loyal Regulars
13499,United Kingdom,17,5,1159.11,1,4,3,2.6666666666666665,5,1365,27.6,252,0,0,Loyal Regulars
16838,United Kingdom,197,4,1159.61,4,3,3,3.3333333333333335,4,509,19.65,466,1,0,Loyal Regulars
15088,United Kingdom,21,2,1160.07,2,3,3,2.6666666666666665,2,460,20.35,46,0,0,Loyal Regulars
13459,United Kingdom,624,2,1160.41,5,2,3,3.3333333333333335,2,986,15.9,58,1,2,Hibernating
13897,United Kingdom,50,3,1160.72,2,3,3,2.6666666666666665,3,820,19.67,627,0,0,Loyal Regulars
12972,United Kingdom,413,4,1161.2,5,3,3,3.6666666666666665,4,844,15.08,248,1,2,Hibernating
12546,Spain,46,2,1161.5,2,2,3,2.3333333333333335,2,633,16.83,31,0,0,Loyal Regulars
17525,United Kingdom,359,3,1161.9,4,3,3,3.3333333333333335,3,338,44.69,69,1,2,Hibernating
14261,United Kingdom,50,2,1163.45,2,2,3,2.3333333333333335,2,406,22.37,28,0,0,Loyal Regulars
14693,United Kingdom,264,7,1165.36,4,4,3,3.6666666666666665,7,388,15.54,261,1,0,Loyal Regulars
17812,United Kingdom,12,7,1165.89,1,4,3,2.6666666666666665,7,612,5.0,518,0,0,Loyal Regulars
17664,United Kingdom,18,4,1166.23,1,4,3,2.6666666666666665,4,1058,14.58,602,0,0,Loyal Regulars
17373,United Kingdom,40,7,1167.5,2,4,3,3.0,7,738,12.83,609,0,0,Loyal Regulars
12691,France,28,7,1170.4,2,4,3,3.0,7,445,30.01,392,0,0,Loyal Regulars
14818,United Kingdom,73,6,1170.41,3,4,3,3.3333333333333335,6,546,10.94,574,0,0,Loyal Regulars
14126,United Kingdom,7,4,1172.46,1,4,3,2.6666666666666665,4,887,27.27,437,0,0,Loyal Regulars
12640,France,23,3,1174.58,2,3,3,2.6666666666666665,3,311,22.16,58,0,0,Loyal Regulars
12915,United Kingdom,148,4,1174.75,3,3,3,3.0,4,452,16.09,441,1,0,Loyal Regulars
12885,United Kingdom,63,3,1175.22,3,3,3,3.0,3,655,16.55,60,0,0,Loyal Regulars
14370,United Kingdom,450,6,1175.78,5,4,3,4.0,6,266,26.72,226,1,2,Hibernating
15210,United Kingdom,225,3,1176.19,4,3,3,3.3333333333333335,3,841,17.56,350,1,0,Loyal Regulars
13233,United Kingdom,74,4,1176.46,3,3,3,3.0,4,1604,15.48,620,0,0,Loyal Regulars
15068,United Kingdom,46,4,1176.85,2,4,3,3.0,4,835,5.33,575,0,0,Loyal Regulars
18025,United Kingdom,379,6,1177.72,4,4,3,3.6666666666666665,6,1053,10.52,240,1,2,Hibernating
13797,United Kingdom,436,3,1179.45,5,3,3,3.6666666666666665,3,573,15.12,211,1,2,Hibernating
16614,United Kingdom,182,3,1179.79,3,3,3,3.0,3,349,24.08,396,1,0,Loyal Regulars
17058,United Kingdom,81,3,1179.89,3,3,3,3.0,3,592,19.03,158,0,0,Loyal Regulars
13270,United Kingdom,366,1,1180.0,4,1,3,2.6666666666666665,1,400,590.0,0,1,2,Hibernating
18277,United Kingdom,58,5,1180.05,2,4,3,3.0,5,449,18.44,436,0,0,Loyal Regulars
13395,United Kingdom,185,3,1180.23,3,3,3,3.0,3,1660,14.57,236,1,0,Loyal Regulars
13526,United Kingdom,738,2,1182.0,5,2,3,3.3333333333333335,2,1911,26.86,0,1,2,Hibernating
17021,United Kingdom,442,6,1182.22,5,4,3,4.0,6,992,24.63,147,1,2,Hibernating
15259,United Kingdom,512,4,1182.38,5,3,3,3.6666666666666665,4,631,20.74,170,1,2,Hibernating
14206,United Kingdom,239,3,1185.01,4,3,3,3.3333333333333335,3,930,16.69,163,1,0,Loyal Regulars
13601,United Kingdom,45,4,1185.14,2,4,3,3.0,4,972,6.08,501,0,0,Loyal Regulars
18060,United Kingdom,408,2,1185.46,4,2,3,3.0,2,902,15.81,156,1,2,Hibernating
13388,United Kingdom,131,3,1185.65,3,3,3,3.0,3,701,17.18,472,1,0,Loyal Regulars
15022,United Kingdom,11,5,1186.09,1,4,3,2.6666666666666665,5,656,7.7,666,0,0,Loyal Regulars
14275,United Kingdom,395,6,1189.38,4,4,3,3.6666666666666665,6,538,51.71,212,1,2,Hibernating
17239,United Kingdom,312,4,1189.45,4,3,3,3.3333333333333335,4,515,37.17,214,1,2,Hibernating
12462,Spain,18,2,1189.59,1,3,3,2.3333333333333335,2,536,19.19,285,0,0,Loyal Regulars
16471,United Kingdom,274,4,1189.98,4,3,3,3.3333333333333335,4,670,19.19,378,1,2,Hibernating
13882,United Kingdom,2,5,1191.13,1,4,3,2.6666666666666665,5,953,18.33,62,0,0,Loyal Regulars
17984,United Kingdom,145,5,1191.27,3,4,3,3.3333333333333335,5,973,4.75,593,1,0,Loyal Regulars
14213,United Kingdom,404,1,1192.2,4,1,3,2.6666666666666665,1,244,238.44,0,1,2,Hibernating
13976,United Kingdom,206,4,1192.36,4,3,3,3.3333333333333335,4,452,21.29,462,1,0,Loyal Regulars
16306,United Kingdom,213,7,1192.82,4,4,3,3.6666666666666665,7,742,17.29,221,1,0,Loyal Regulars
13293,United Kingdom,392,6,1192.94,4,4,3,3.6666666666666665,6,555,16.57,276,1,2,Hibernating
12611,Italy,52,1,1193.32,2,1,3,2.0,1,846,18.36,0,0,0,Loyal Regulars
14201,United Kingdom,60,10,1193.54,3,5,3,3.6666666666666665,10,806,21.7,528,0,0,Loyal Regulars
15145,United Kingdom,4,4,1194.73,1,4,3,2.6666666666666665,4,756,17.83,244,0,0,Loyal Regulars
16307,United Kingdom,429,3,1194.92,5,3,3,3.6666666666666665,3,1123,15.93,148,1,2,Hibernating
17713,United Kingdom,382,4,1198.09,4,3,3,3.3333333333333335,4,989,15.76,166,1,2,Hibernating
16345,United Kingdom,44,2,1198.74,2,2,3,2.3333333333333335,2,620,10.8,439,0,0,Loyal Regulars
17800,United Kingdom,37,9,1199.01,2,5,3,3.3333333333333335,9,736,11.53,297,0,0,Loyal Regulars
15600,United Kingdom,428,4,1199.31,5,3,3,3.6666666666666665,4,657,16.89,165,1,2,Hibernating
16693,United Kingdom,68,5,1199.46,3,4,3,3.3333333333333335,5,688,6.89,588,0,0,Loyal Regulars
15181,United Kingdom,66,5,1200.2,3,4,3,3.3333333333333335,5,688,60.01,665,0,0,Loyal Regulars
16800,United Kingdom,11,1,1201.49,1,1,3,1.6666666666666667,1,540,7.33,0,0,0,Loyal Regulars
12742,United Arab Emirates,625,1,1201.52,5,2,3,3.3333333333333335,1,1359,17.93,0,1,2,Hibernating
15994,United Kingdom,54,3,1202.18,2,3,3,2.6666666666666665,3,469,10.55,581,0,0,Loyal Regulars
18057,United Kingdom,393,3,1203.56,4,3,3,3.3333333333333335,3,978,8.6,297,1,2,Hibernating
15737,United Kingdom,14,8,1205.12,1,5,3,3.0,8,599,16.74,228,0,0,Loyal Regulars
18181,United Kingdom,24,5,1205.94,2,4,3,3.0,5,524,6.63,711,0,0,Loyal Regulars
15573,United Kingdom,31,5,1207.18,2,4,3,3.0,5,780,5.49,698,0,0,Loyal Regulars
18193,United Kingdom,165,3,1207.35,3,3,3,3.0,3,926,17.25,277,1,0,Loyal Regulars
16830,United Kingdom,38,4,1207.5,2,4,3,3.0,4,699,16.1,688,0,0,Loyal Regulars
17653,United Kingdom,36,4,1207.56,2,4,3,3.0,4,1409,27.44,84,0,0,Loyal Regulars
17062,United Kingdom,313,6,1208.22,4,4,3,3.6666666666666665,6,922,7.37,126,1,2,Hibernating
13723,United Kingdom,217,6,1209.2,4,4,3,3.6666666666666665,6,629,20.49,394,1,0,Loyal Regulars
14193,United Kingdom,67,3,1210.19,3,3,3,3.0,3,653,18.91,329,0,0,Loyal Regulars
15377,United Kingdom,382,4,1211.75,4,3,3,3.3333333333333335,4,253,57.7,33,1,2,Hibernating
12464,Belgium,10,8,1212.05,1,5,3,3.0,8,112,41.79,299,0,0,Loyal Regulars
16653,United Kingdom,16,2,1212.66,1,3,3,2.3333333333333335,2,733,17.57,55,0,0,Loyal Regulars
13918,United Kingdom,49,2,1212.84,2,2,3,2.3333333333333335,2,1140,40.43,204,0,0,Loyal Regulars
16872,United Kingdom,77,6,1213.13,3,4,3,3.3333333333333335,6,1079,67.4,386,0,0,Loyal Regulars
18263,United Kingdom,25,3,1213.16,2,3,3,2.6666666666666665,3,1468,19.89,227,0,0,Loyal Regulars
13405,United Kingdom,74,6,1213.81,3,4,3,3.3333333333333335,6,855,28.23,650,0,0,Loyal Regulars
17198,United Kingdom,23,3,1213.88,2,3,3,2.6666666666666665,3,599,7.02,348,0,0,Loyal Regulars
17410,United Kingdom,16,5,1214.72,1,4,3,2.6666666666666665,5,616,18.98,199,0,0,Loyal Regulars
13140,United Kingdom,108,5,1215.68,3,4,3,3.3333333333333335,5,648,9.96,383,1,0,Loyal Regulars
15661,United Kingdom,317,8,1215.95,4,4,3,3.6666666666666665,8,779,27.64,261,1,2,Hibernating
15390,Canada,396,2,1216.66,4,2,3,3.0,2,894,15.8,13,1,2,Hibernating
13304,United Kingdom,351,4,1217.99,4,3,3,3.3333333333333335,4,716,15.62,318,1,2,Hibernating
13299,United Kingdom,268,3,1218.7,4,3,3,3.3333333333333335,3,416,19.66,260,1,2,Hibernating
14430,United Kingdom,511,3,1220.9,5,3,3,3.6666666666666665,3,446,34.88,96,1,2,Hibernating
16946,United Kingdom,383,5,1222.04,4,4,3,3.6666666666666665,5,509,16.29,264,1,2,Hibernating
13787,United Kingdom,75,6,1222.5,3,4,3,3.3333333333333335,6,998,14.22,619,0,0,Loyal Regulars
14512,United Kingdom,187,7,1223.47,3,4,3,3.3333333333333335,7,742,15.29,545,1,0,Loyal Regulars
15303,United Kingdom,290,3,1224.18,4,3,3,3.3333333333333335,3,514,17.74,393,1,2,Hibernating
15269,United Kingdom,23,3,1225.36,2,3,3,2.6666666666666665,3,372,35.01,367,0,0,Loyal Regulars
17456,United Kingdom,365,2,1225.42,4,2,3,3.0,2,730,15.91,91,1,2,Hibernating
17539,United Kingdom,617,4,1226.57,5,3,3,3.6666666666666665,4,747,8.23,109,1,2,Hibernating
13030,United Kingdom,11,2,1227.22,1,3,3,2.3333333333333335,2,598,7.72,357,0,0,Loyal Regulars
12866,Belgium,283,3,1227.35,4,3,3,3.3333333333333335,3,553,19.48,219,1,2,Hibernating
17342,United Kingdom,379,4,1227.54,4,3,3,3.3333333333333335,4,521,35.07,290,1,2,Hibernating
13019,United Kingdom,379,6,1229.95,4,4,3,3.6666666666666665,6,397,22.36,354,1,2,Hibernating
12673,Germany,5,3,1230.02,1,3,3,2.3333333333333335,3,700,16.62,396,0,0,Loyal Regulars
17360,United Kingdom,17,6,1231.38,1,4,3,2.6666666666666665,6,636,5.13,417,0,0,Loyal Regulars
18080,United Kingdom,18,2,1231.5,1,3,3,2.3333333333333335,2,642,615.75,224,0,0,Loyal Regulars
16159,United Kingdom,281,4,1232.79,4,3,3,3.3333333333333335,4,635,23.71,455,1,2,Hibernating
12605,Germany,376,4,1232.95,4,3,3,3.3333333333333335,4,929,16.22,82,1,2,Hibernating
17397,United Kingdom,22,3,1233.18,2,3,3,2.6666666666666665,3,697,8.94,394,0,0,Loyal Regulars
15376,United Kingdom,40,3,1233.36,2,3,3,2.6666666666666665,3,619,10.54,182,0,0,Loyal Regulars
14231,United Kingdom,183,4,1235.62,3,3,3,3.0,4,610,17.91,267,1,0,Loyal Regulars
16501,United Kingdom,383,1,1237.23,4,1,3,2.6666666666666665,1,642,5.98,0,1,2,Hibernating
12985,United Kingdom,0,2,1239.38,1,3,3,2.3333333333333335,2,1533,16.31,28,0,0,Loyal Regulars
13863,United Kingdom,247,4,1239.55,4,3,3,3.3333333333333335,4,553,17.71,346,1,0,Loyal Regulars
17529,United Kingdom,610,2,1240.25,5,2,3,3.3333333333333335,2,790,15.13,87,1,2,Hibernating
13201,United Kingdom,502,4,1240.61,5,3,3,3.6666666666666665,4,1039,14.1,140,1,2,Hibernating
14446,United Kingdom,0,5,1241.31,1,4,3,2.6666666666666665,5,1116,3.66,386,0,0,Loyal Regulars
17201,United Kingdom,53,4,1242.04,2,4,3,3.0,4,1075,6.68,614,0,0,Loyal Regulars
15800,United Kingdom,107,7,1242.58,3,4,3,3.3333333333333335,7,588,5.09,511,1,0,Loyal Regulars
17076,United Kingdom,36,6,1242.75,2,4,3,3.0,6,514,24.85,699,0,0,Loyal Regulars
14428,United Kingdom,7,5,1244.83,1,4,3,2.6666666666666665,5,436,8.64,318,0,0,Loyal Regulars
13860,United Kingdom,1,5,1245.9,1,4,3,2.6666666666666665,5,591,16.39,85,0,0,Loyal Regulars
15004,United Kingdom,147,1,1246.32,3,1,3,2.3333333333333335,1,630,7.89,0,1,0,Loyal Regulars
14382,United Kingdom,26,2,1246.8,2,3,3,2.6666666666666665,2,1701,4.13,364,0,0,Loyal Regulars
14240,United Kingdom,30,3,1247.49,2,3,4,3.0,3,655,20.45,393,0,0,Loyal Regulars
12689,France,25,2,1247.61,2,3,4,3.0,2,628,17.33,102,0,0,Loyal Regulars
14383,United Kingdom,38,3,1247.69,2,3,4,3.0,3,817,21.15,125,0,0,Loyal Regulars
12666,Israel,394,1,1248.42,4,1,4,3.0,1,370,40.27,0,1,2,Hibernating
14020,United Kingdom,16,4,1249.01,1,4,4,3.0,4,648,17.35,513,0,0,Loyal Regulars
18135,United Kingdom,29,10,1249.62,2,5,4,3.6666666666666665,10,753,33.77,605,0,0,Loyal Regulars
15599,United Kingdom,26,3,1250.06,2,3,4,3.0,3,1098,15.06,419,0,0,Loyal Regulars
14698,United Kingdom,1,5,1250.76,1,4,4,3.0,5,615,5.96,50,0,0,Loyal Regulars
16292,United Kingdom,121,5,1253.76,3,4,4,3.6666666666666665,5,688,20.22,483,1,0,Loyal Regulars
15664,United Kingdom,50,4,1254.03,2,4,4,3.3333333333333335,4,530,17.91,599,0,0,Loyal Regulars
15441,United Kingdom,396,3,1254.21,4,3,4,3.6666666666666665,3,587,22.0,334,1,2,Hibernating
15064,United Kingdom,410,4,1254.41,4,3,4,3.6666666666666665,4,810,15.49,307,1,2,Hibernating
17481,United Kingdom,3,4,1255.59,1,4,4,3.0,4,1061,15.31,90,0,0,Loyal Regulars
12402,Belgium,323,6,1256.9,4,4,4,4.0,6,584,17.96,347,1,2,Hibernating
14931,Channel Islands,4,5,1257.68,1,4,4,3.0,5,417,30.68,236,0,0,Loyal Regulars
14871,United Kingdom,3,9,1258.97,1,5,4,3.3333333333333335,9,454,6.26,735,0,0,Loyal Regulars
15651,United Kingdom,36,5,1259.06,2,4,4,3.3333333333333335,5,871,20.98,560,0,0,Loyal Regulars
13689,United Kingdom,63,2,1259.5,3,2,4,3.0,2,722,139.94,381,0,0,Loyal Regulars
12993,United Kingdom,23,8,1259.63,2,4,4,3.3333333333333335,8,751,16.57,636,0,0,Loyal Regulars
17343,United Kingdom,355,6,1259.94,4,4,4,4.0,6,454,15.75,381,1,2,Hibernating
16688,United Kingdom,1,4,1260.86,1,4,4,3.0,4,804,20.34,59,0,0,Loyal Regulars
13065,United Kingdom,373,5,1260.91,4,4,4,4.0,5,455,16.59,174,1,2,Hibernating
14419,United Kingdom,10,7,1260.91,1,4,4,3.0,7,556,5.51,372,0,0,Loyal Regulars
15009,United Kingdom,12,3,1261.78,1,3,4,2.6666666666666665,3,642,6.93,13,0,0,Loyal Regulars
14427,United Kingdom,50,4,1263.52,2,4,4,3.3333333333333335,4,538,28.72,581,0,0,Loyal Regulars
16842,United Kingdom,100,3,1264.19,3,3,4,3.3333333333333335,3,693,20.07,202,1,0,Loyal Regulars
17635,United Kingdom,424,3,1265.58,5,3,4,4.0,3,770,17.1,166,1,2,Hibernating
13515,United Kingdom,72,6,1265.82,3,4,4,3.6666666666666665,6,819,16.66,572,0,0,Loyal Regulars
17531,United Kingdom,190,3,1266.82,4,3,4,3.6666666666666665,3,472,21.84,428,1,0,Loyal Regulars
17037,United Kingdom,87,1,1267.32,3,1,4,2.6666666666666665,1,656,16.9,0,0,0,Loyal Regulars
13892,United Kingdom,26,6,1267.65,2,4,4,3.3333333333333335,6,3125,35.21,549,0,0,Loyal Regulars
14379,United Kingdom,44,4,1268.91,2,4,4,3.3333333333333335,4,713,9.84,436,0,0,Loyal Regulars
15439,United Kingdom,404,4,1269.05,4,3,4,3.6666666666666665,4,572,22.26,249,1,2,Hibernating
13492,Switzerland,136,3,1269.84,3,3,4,3.3333333333333335,3,408,25.4,78,1,0,Loyal Regulars
12630,Finland,9,2,1270.88,1,3,4,2.6666666666666665,2,548,19.86,34,0,0,Loyal Regulars
14984,United Kingdom,19,6,1271.41,2,4,4,3.3333333333333335,6,350,22.7,678,0,0,Loyal Regulars
16527,United Kingdom,81,2,1272.44,3,2,4,3.0,2,726,16.53,343,0,0,Loyal Regulars
17478,United Kingdom,408,2,1272.8,4,2,4,3.3333333333333335,2,516,31.82,225,1,2,Hibernating
17132,United Kingdom,452,2,1272.8,5,2,4,3.6666666666666665,2,980,16.32,36,1,2,Hibernating
14490,United Kingdom,406,2,1273.47,4,2,4,3.3333333333333335,2,933,15.92,22,1,2,Hibernating
15809,United Kingdom,36,7,1274.44,2,4,4,3.3333333333333335,7,700,21.97,499,0,0,Loyal Regulars
14820,United Kingdom,21,9,1274.76,2,5,4,3.6666666666666665,9,724,19.92,656,0,0,Loyal Regulars
13916,United Kingdom,463,4,1275.81,5,3,4,4.0,4,673,17.24,212,1,2,Hibernating
14478,United Kingdom,382,4,1276.66,4,3,4,3.6666666666666665,4,1226,18.77,356,1,2,Hibernating
18035,United Kingdom,35,5,1276.74,2,4,4,3.3333333333333335,5,1161,20.93,350,0,0,Loyal Regulars
17759,United Kingdom,17,5,1276.91,1,4,4,3.0,5,976,9.25,566,0,0,Loyal Regulars
15211,United Kingdom,60,2,1277.48,3,2,4,3.0,2,357,17.03,305,0,0,Loyal Regulars
15584,United Kingdom,23,6,1277.5,2,4,4,3.3333333333333335,6,487,5.7,647,0,0,Loyal Regulars
16951,United Kingdom,134,3,1277.75,3,3,4,3.3333333333333335,3,1318,14.86,170,1,0,Loyal Regulars
13243,United Kingdom,203,5,1278.04,4,4,4,4.0,5,579,5.81,428,1,0,Loyal Regulars
17521,United Kingdom,29,5,1278.06,2,4,4,3.3333333333333335,5,806,16.39,405,0,0,Loyal Regulars
14474,United Kingdom,46,2,1278.08,2,2,4,2.6666666666666665,2,453,9.68,533,0,0,Loyal Regulars
13617,United Kingdom,40,8,1278.75,2,4,4,3.3333333333333335,8,593,11.95,455,0,0,Loyal Regulars
17862,United Kingdom,323,4,1279.09,4,3,4,3.6666666666666665,4,443,12.54,240,1,2,Hibernating
13443,United Kingdom,448,6,1280.16,5,4,4,4.333333333333333,6,809,6.28,229,1,2,Hibernating
17142,United Kingdom,239,4,1283.75,4,3,4,3.6666666666666665,4,323,14.26,445,1,0,Loyal Regulars
17034,United Kingdom,16,5,1283.92,1,4,4,3.0,5,700,21.76,497,0,0,Loyal Regulars
13300,United Kingdom,169,3,1285.51,3,3,4,3.3333333333333335,3,455,23.37,405,1,0,Loyal Regulars
16949,United Kingdom,3,6,1286.27,1,4,4,3.0,6,791,21.44,313,0,0,Loyal Regulars
14821,United Kingdom,366,7,1286.45,4,4,4,4.0,7,485,17.87,310,1,2,Hibernating
15136,United Kingdom,2,4,1286.7,1,4,4,3.0,4,776,18.92,94,0,0,Loyal Regulars
16608,United Kingdom,453,2,1288.72,5,2,4,3.6666666666666665,2,613,10.56,210,1,2,Hibernating
14679,United Kingdom,381,3,1289.44,4,3,4,3.6666666666666665,3,794,20.47,350,1,2,Hibernating
15171,United Kingdom,331,1,1289.5,4,1,4,3.0,1,290,257.9,0,1,2,Hibernating
14619,United Kingdom,245,2,1291.24,4,2,4,3.3333333333333335,2,594,21.52,296,1,0,Loyal Regulars
15621,United Kingdom,4,4,1293.03,1,4,4,3.0,4,501,80.81,17,0,0,Loyal Regulars
16212,United Kingdom,19,4,1293.71,1,4,4,3.0,4,571,16.59,651,0,0,Loyal Regulars
13440,United Kingdom,423,7,1295.25,5,4,4,4.333333333333333,7,573,21.95,28,1,2,Hibernating
16929,United Kingdom,3,7,1295.39,1,4,4,3.0,7,929,16.82,152,0,0,Loyal Regulars
17109,United Kingdom,29,8,1295.46,2,4,4,3.3333333333333335,8,789,9.25,468,0,0,Loyal Regulars
15525,United Kingdom,2,4,1295.7,1,4,4,3.0,4,680,5.0,380,0,0,Loyal Regulars
18286,United Kingdom,476,2,1296.43,5,2,4,3.6666666666666665,2,608,19.35,247,1,2,Hibernating
14167,United Kingdom,39,8,1296.49,2,4,4,3.3333333333333335,8,350,10.71,642,0,0,Loyal Regulars
12372,Denmark,71,3,1298.04,3,3,4,3.3333333333333335,3,794,24.96,225,0,0,Loyal Regulars
12488,France,9,3,1298.66,1,3,4,2.6666666666666665,3,529,23.61,66,0,0,Loyal Regulars
14479,United Kingdom,253,4,1299.11,4,3,4,3.6666666666666665,4,620,8.72,480,1,0,Loyal Regulars
16943,United Kingdom,211,5,1299.49,4,4,4,4.0,5,147,37.13,413,1,0,Loyal Regulars
14480,United Kingdom,11,4,1299.52,1,4,4,3.0,4,670,19.99,707,0,0,Loyal Regulars
14284,United Kingdom,30,3,1299.65,2,3,4,3.0,3,510,19.4,623,0,0,Loyal Regulars
15108,European Community,141,4,1300.25,3,3,4,3.3333333333333335,4,499,21.67,86,1,0,Loyal Regulars
16723,United Kingdom,91,4,1301.63,3,3,4,3.3333333333333335,4,1002,10.01,644,1,0,Loyal Regulars
16574,United Kingdom,71,3,1301.78,3,3,4,3.3333333333333335,3,1002,15.14,587,0,0,Loyal Regulars
15400,United Kingdom,92,8,1302.3,3,4,4,3.6666666666666665,8,662,48.23,468,1,0,Loyal Regulars
15579,United Kingdom,68,5,1302.5,3,4,4,3.6666666666666665,5,723,7.62,364,0,0,Loyal Regulars
15813,United Kingdom,207,2,1303.91,4,2,4,3.3333333333333335,2,603,32.6,32,1,0,Loyal Regulars
16744,United Kingdom,11,7,1304.76,1,4,4,3.0,7,805,5.39,162,0,0,Loyal Regulars
14297,United Kingdom,17,4,1305.33,1,4,4,3.0,4,865,21.05,257,0,0,Loyal Regulars
15677,United Kingdom,49,3,1305.63,2,3,4,3.0,3,675,18.13,414,0,0,Loyal Regulars
16282,United Kingdom,339,3,1307.58,4,3,4,3.6666666666666665,3,790,39.62,379,1,2,Hibernating
16777,United Kingdom,80,5,1307.76,3,4,4,3.6666666666666665,5,475,8.96,552,0,0,Loyal Regulars
13846,United Kingdom,24,4,1307.79,2,4,4,3.3333333333333335,4,705,16.15,375,0,0,Loyal Regulars
16377,United Kingdom,267,2,1308.48,4,2,4,3.3333333333333335,2,2928,130.85,350,1,2,Hibernating
13328,United Kingdom,316,1,1308.48,4,1,4,3.0,1,680,76.97,0,1,2,Hibernating
12717,Greece,151,3,1308.91,3,3,4,3.3333333333333335,3,600,18.44,439,1,0,Loyal Regulars
16955,United Kingdom,184,6,1309.41,3,4,4,3.6666666666666665,6,823,22.97,493,1,0,Loyal Regulars
15038,United Kingdom,58,9,1309.86,2,5,4,3.6666666666666665,9,441,4.61,367,0,0,Loyal Regulars
13855,United Kingdom,500,4,1310.34,5,3,4,4.0,4,575,17.95,231,1,2,Hibernating
14856,United Kingdom,36,3,1311.38,2,3,4,3.0,3,714,19.87,20,0,0,Loyal Regulars
12987,United Kingdom,73,5,1312.21,3,4,4,3.6666666666666665,5,585,19.88,615,0,0,Loyal Regulars
16756,United Kingdom,214,7,1312.37,4,4,4,4.0,7,707,16.61,426,1,0,Loyal Regulars
12639,Sweden,238,3,1312.37,4,3,4,3.6666666666666665,3,631,20.51,389,1,0,Loyal Regulars
12364,Belgium,7,4,1313.1,1,4,4,3.0,4,1506,15.45,105,0,0,Loyal Regulars
13282,United Kingdom,18,4,1313.19,1,4,4,3.0,4,410,25.75,388,0,0,Loyal Regulars
16296,United Kingdom,626,4,1313.67,5,3,4,4.0,4,645,17.75,95,1,2,Hibernating
14973,United Kingdom,107,3,1314.45,3,3,4,3.3333333333333335,3,369,41.08,118,1,0,Loyal Regulars
16464,United Kingdom,19,3,1314.68,1,3,4,2.6666666666666665,3,963,5.57,123,0,0,Loyal Regulars
14511,United Kingdom,11,5,1314.81,1,4,4,3.0,5,784,19.34,122,0,0,Loyal Regulars
14725,United Kingdom,24,4,1315.24,2,4,4,3.3333333333333335,4,1340,12.53,510,0,0,Loyal Regulars
14921,United Kingdom,30,2,1316.07,2,3,4,3.0,2,953,16.87,171,0,0,Loyal Regulars
15471,United Kingdom,2,3,1316.56,1,3,4,2.6666666666666665,3,683,8.13,548,0,0,Loyal Regulars
12526,Germany,0,3,1316.66,1,3,4,2.6666666666666665,3,632,18.54,94,0,0,Loyal Regulars
13497,United Kingdom,282,6,1320.33,4,4,4,4.0,6,579,19.71,387,1,2,Hibernating
16370,United Kingdom,82,4,1320.56,3,3,4,3.3333333333333335,4,647,5.79,143,0,0,Loyal Regulars
12960,United Kingdom,413,4,1322.07,5,3,4,4.0,4,1379,18.89,248,1,2,Hibernating
16894,United Kingdom,502,3,1324.06,5,3,4,4.0,3,507,6.93,33,1,2,Hibernating
14956,United Kingdom,421,1,1325.0,5,1,4,3.3333333333333335,1,2500,331.25,0,1,2,Hibernating
17027,United Kingdom,78,9,1327.11,3,5,4,4.0,9,653,7.13,651,0,0,Loyal Regulars
15146,United Kingdom,164,2,1327.16,3,2,4,3.0,2,1473,14.58,127,1,0,Loyal Regulars
14712,United Kingdom,29,4,1328.07,2,4,4,3.3333333333333335,4,411,41.5,389,0,0,Loyal Regulars
16295,United Kingdom,9,4,1328.55,1,4,4,3.0,4,841,16.82,55,0,0,Loyal Regulars
16372,United Kingdom,33,5,1328.61,2,4,4,3.3333333333333335,5,748,3.99,574,0,0,Loyal Regulars
15774,United Kingdom,68,6,1329.94,3,4,4,3.6666666666666665,6,473,11.77,588,0,0,Loyal Regulars
17932,United Kingdom,29,3,1331.57,2,3,4,3.0,3,789,14.8,182,0,0,Loyal Regulars
17033,United Kingdom,86,4,1332.79,3,3,4,3.3333333333333335,4,871,33.32,311,0,0,Loyal Regulars
12919,United Kingdom,8,6,1335.19,1,4,4,3.0,6,673,26.7,161,0,0,Loyal Regulars
13220,United Kingdom,78,5,1336.09,3,4,4,3.6666666666666665,5,396,25.21,497,0,0,Loyal Regulars
13803,United Kingdom,255,3,1338.91,4,3,4,3.6666666666666665,3,831,17.17,363,1,0,Loyal Regulars
12711,Germany,611,2,1339.05,5,2,4,3.6666666666666665,2,770,22.32,65,1,2,Hibernating
12620,France,14,3,1339.41,1,3,4,2.6666666666666665,3,1181,14.56,190,0,0,Loyal Regulars
17097,Spain,2,9,1340.45,1,5,4,3.3333333333333335,9,660,4.32,428,0,0,Loyal Regulars
17499,United Kingdom,289,2,1341.39,4,2,4,3.3333333333333335,2,1086,18.89,272,1,2,Hibernating
13743,United Kingdom,2,7,1341.6,1,4,4,3.0,7,1776,32.72,257,0,0,Loyal Regulars
14618,United Kingdom,9,7,1342.32,1,4,4,3.0,7,704,26.32,537,0,0,Loyal Regulars
12463,Belgium,53,4,1344.78,2,4,4,3.3333333333333335,4,776,16.2,188,0,0,Loyal Regulars
12426,Germany,194,2,1345.21,4,2,4,3.3333333333333335,2,584,17.47,468,1,0,Loyal Regulars
16222,United Kingdom,318,2,1345.22,4,2,4,3.3333333333333335,2,503,8.41,403,1,2,Hibernating
15398,United Kingdom,16,2,1345.53,1,3,4,2.6666666666666665,2,769,18.43,62,0,0,Loyal Regulars
13639,United Kingdom,74,2,1346.27,3,2,4,3.0,2,997,22.82,362,0,0,Loyal Regulars
14320,United Kingdom,206,5,1346.75,4,4,4,4.0,5,713,16.63,481,1,0,Loyal Regulars
12646,USA,4,2,1346.97,1,3,4,2.6666666666666665,2,897,29.93,45,0,0,Loyal Regulars
14847,United Kingdom,148,3,1348.95,3,3,4,3.3333333333333335,3,533,21.76,416,1,0,Loyal Regulars
16079,United Kingdom,16,3,1352.0,1,3,4,2.6666666666666665,3,864,64.38,24,0,0,Loyal Regulars
12591,Italy,317,3,1352.15,4,3,4,3.6666666666666665,3,677,19.6,91,1,2,Hibernating
15116,United Kingdom,17,4,1352.75,1,4,4,3.0,4,648,30.06,187,0,0,Loyal Regulars
14550,United Kingdom,10,4,1353.31,1,4,4,3.0,4,776,13.81,473,0,0,Loyal Regulars
17054,United Kingdom,28,5,1356.33,2,4,4,3.3333333333333335,5,804,16.34,217,0,0,Loyal Regulars
12875,United Kingdom,143,5,1356.99,3,4,4,3.6666666666666665,5,5187,169.62,554,1,0,Loyal Regulars
17429,United Kingdom,128,5,1357.46,3,4,4,3.6666666666666665,5,1286,14.29,301,1,0,Loyal Regulars
13232,United Kingdom,12,7,1357.6,1,4,4,3.0,7,778,6.56,231,0,0,Loyal Regulars
15411,United Kingdom,26,4,1358.88,2,4,4,3.3333333333333335,4,530,13.73,156,0,0,Loyal Regulars
16384,United Kingdom,89,4,1358.95,3,3,4,3.3333333333333335,4,861,16.78,501,0,0,Loyal Regulars
14102,United Kingdom,5,5,1360.28,1,4,4,3.0,5,961,17.22,39,0,0,Loyal Regulars
13919,Denmark,59,4,1360.68,3,4,4,3.6666666666666665,4,1133,17.67,481,0,0,Loyal Regulars
13396,United Kingdom,29,2,1360.99,2,3,4,3.0,2,600,31.65,290,0,0,Loyal Regulars
16588,United Kingdom,386,4,1361.28,4,3,4,3.6666666666666665,4,882,19.17,188,1,2,Hibernating
17796,United Kingdom,40,7,1361.99,2,4,4,3.3333333333333335,7,379,6.05,381,0,0,Loyal Regulars
16367,United Kingdom,37,3,1362.4,2,3,4,3.0,3,1117,5.95,346,0,0,Loyal Regulars
15347,United Kingdom,366,4,1363.6,4,3,4,3.6666666666666665,4,672,33.26,71,1,2,Hibernating
13760,United Kingdom,54,5,1363.64,2,4,4,3.3333333333333335,5,623,11.46,539,0,0,Loyal Regulars
14114,United Kingdom,273,7,1364.09,4,4,4,4.0,7,650,18.43,333,1,2,Hibernating
13035,United Kingdom,73,3,1364.2,3,3,4,3.3333333333333335,3,926,32.48,358,0,0,Loyal Regulars
12533,Germany,627,2,1367.89,5,2,4,3.6666666666666665,2,704,19.0,111,1,2,Hibernating
14316,United Kingdom,422,5,1370.34,5,4,4,4.333333333333333,5,4494,44.2,208,1,2,Hibernating
14538,United Kingdom,64,5,1370.84,3,4,4,3.6666666666666665,5,284,26.36,619,0,0,Loyal Regulars
14434,United Kingdom,21,6,1372.8,2,4,4,3.3333333333333335,6,368,114.4,51,0,0,Loyal Regulars
14265,Unspecified,109,4,1373.35,3,3,4,3.3333333333333335,4,715,17.38,503,1,0,Loyal Regulars
14577,United Kingdom,12,7,1374.25,1,4,4,3.0,7,573,7.43,716,0,0,Loyal Regulars
16669,United Kingdom,23,3,1374.87,2,3,4,3.0,3,888,8.59,55,0,0,Loyal Regulars
17150,United Kingdom,376,6,1375.65,4,4,4,4.0,6,403,14.79,357,1,2,Hibernating
14853,United Kingdom,24,5,1376.87,2,4,4,3.3333333333333335,5,345,44.42,581,0,0,Loyal Regulars
12886,United Kingdom,67,2,1378.4,3,2,4,3.0,2,770,16.81,152,0,0,Loyal Regulars
13074,United Kingdom,511,4,1378.74,5,3,4,4.0,4,826,47.54,212,1,2,Hibernating
15751,United Kingdom,460,11,1380.44,5,5,4,4.666666666666667,11,443,10.62,273,1,2,Hibernating
14861,United Kingdom,52,10,1380.73,2,5,4,3.6666666666666665,10,1076,16.05,679,0,0,Loyal Regulars
15580,United Kingdom,376,8,1381.19,4,4,4,4.0,8,959,6.03,294,1,2,Hibernating
16389,United Kingdom,53,4,1382.07,2,4,4,3.3333333333333335,4,1242,40.65,230,0,0,Loyal Regulars
14116,United Kingdom,19,5,1382.74,2,4,4,3.3333333333333335,5,707,19.2,102,0,0,Loyal Regulars
13572,United Kingdom,205,1,1384.25,4,1,4,3.0,1,534,41.95,0,1,0,Loyal Regulars
18167,United Kingdom,23,3,1384.86,2,3,4,3.0,3,382,37.43,82,0,0,Loyal Regulars
14899,United Kingdom,395,1,1384.88,4,1,4,3.0,1,586,10.11,0,1,2,Hibernating
16167,United Kingdom,414,5,1386.12,5,4,4,4.333333333333333,5,1494,22.0,324,1,2,Hibernating
13382,United Kingdom,280,5,1387.58,4,4,4,4.0,5,863,16.13,451,1,2,Hibernating
12952,United Kingdom,5,4,1387.79,1,4,4,3.0,4,653,17.57,73,0,0,Loyal Regulars
15453,United Kingdom,1,7,1388.37,1,4,4,3.0,7,845,4.85,186,0,0,Loyal Regulars
15154,United Kingdom,75,3,1388.41,3,3,4,3.3333333333333335,3,349,7.39,403,0,0,Loyal Regulars
15141,United Kingdom,457,7,1388.47,5,4,4,4.333333333333333,7,1197,17.36,164,1,2,Hibernating
15322,United Kingdom,85,2,1390.86,3,2,4,3.0,2,971,16.76,391,0,0,Loyal Regulars
16300,United Kingdom,430,3,1392.43,5,3,4,4.0,3,658,5.59,245,1,2,Hibernating
16129,United Kingdom,407,3,1396.05,4,3,4,3.6666666666666665,3,1261,14.54,100,1,2,Hibernating
18202,United Kingdom,199,3,1396.99,4,3,4,3.6666666666666665,3,581,20.54,112,1,0,Loyal Regulars
14687,United Kingdom,106,3,1402.06,3,3,4,3.3333333333333335,3,850,35.05,445,1,0,Loyal Regulars
15186,United Kingdom,14,5,1403.2,1,4,4,3.0,5,716,26.98,682,0,0,Loyal Regulars
18189,United Kingdom,77,3,1403.73,3,3,4,3.3333333333333335,3,836,16.32,548,0,0,Loyal Regulars
12765,Netherlands,472,6,1404.58,5,4,4,4.333333333333333,6,1009,20.66,169,1,2,Hibernating
14909,United Kingdom,437,3,1404.68,5,3,4,4.0,3,888,17.56,226,1,2,Hibernating
12695,France,7,7,1407.12,1,4,4,3.0,7,454,23.85,658,0,0,Loyal Regulars
14083,United Kingdom,4,11,1407.26,1,5,4,3.3333333333333335,11,966,5.52,717,0,0,Loyal Regulars
13049,United Kingdom,64,4,1408.24,3,3,4,3.3333333333333335,4,620,54.16,337,0,0,Loyal Regulars
16854,United Kingdom,417,2,1408.96,5,2,4,3.6666666666666665,2,997,18.79,223,1,2,Hibernating
17714,United Kingdom,320,5,1410.18,4,4,4,4.0,5,608,17.41,193,1,2,Hibernating
13821,United Kingdom,144,6,1410.73,3,4,4,3.6666666666666665,6,483,6.75,560,1,0,Loyal Regulars
17908,United Kingdom,373,5,1411.54,4,4,4,4.0,5,856,5.1,352,1,2,Hibernating
16848,United Kingdom,52,4,1411.62,2,4,4,3.3333333333333335,4,780,16.61,380,0,0,Loyal Regulars
15237,United Kingdom,1,4,1412.32,1,4,4,3.0,4,1071,14.27,226,0,0,Loyal Regulars
17878,United Kingdom,43,3,1412.33,2,3,4,3.0,3,1038,16.62,352,0,0,Loyal Regulars
17496,United Kingdom,358,4,1412.89,4,3,4,3.6666666666666665,4,675,19.62,336,1,2,Hibernating
16245,United Kingdom,23,3,1413.66,2,3,4,3.0,3,1014,15.71,233,0,0,Loyal Regulars
14662,United Kingdom,28,7,1416.33,2,4,4,3.3333333333333335,7,935,5.6,708,0,0,Loyal Regulars
15223,United Kingdom,225,5,1417.95,4,4,4,4.0,5,385,41.7,509,1,0,Loyal Regulars
17856,United Kingdom,1,4,1418.03,1,4,4,3.0,4,842,94.54,280,0,0,Loyal Regulars
15444,United Kingdom,9,2,1418.26,1,3,4,2.6666666666666665,2,764,6.48,31,0,0,Loyal Regulars
16173,United Kingdom,15,6,1418.32,1,4,4,3.0,6,575,16.88,83,0,0,Loyal Regulars
14775,United Kingdom,58,3,1418.46,2,3,4,3.0,3,1558,17.73,314,0,0,Loyal Regulars
15652,United Kingdom,91,5,1420.34,3,4,4,3.6666666666666665,5,659,13.66,394,1,0,Loyal Regulars
16926,United Kingdom,371,5,1421.35,4,4,4,4.0,5,237,12.47,155,1,2,Hibernating
14019,United Kingdom,46,3,1421.61,2,3,4,3.0,3,1037,21.54,92,0,0,Loyal Regulars
16463,United Kingdom,21,4,1422.4,2,4,4,3.3333333333333335,4,1163,17.35,183,0,0,Loyal Regulars
15106,United Kingdom,17,5,1422.52,1,4,4,3.0,5,1181,14.23,252,0,0,Loyal Regulars
17438,United Kingdom,253,5,1422.77,4,4,4,4.0,5,553,20.04,388,1,0,Loyal Regulars
13145,United Kingdom,39,7,1423.52,2,4,4,3.3333333333333335,7,266,142.35,560,0,0,Loyal Regulars
15799,United Kingdom,75,4,1424.29,3,3,4,3.3333333333333335,4,1342,9.19,343,0,0,Loyal Regulars
18221,United Kingdom,22,6,1424.94,2,4,4,3.3333333333333335,6,1000,16.96,368,0,0,Loyal Regulars
17411,United Kingdom,12,5,1425.38,1,4,4,3.0,5,608,19.01,724,0,0,Loyal Regulars
14412,United Kingdom,42,3,1426.19,2,3,4,3.0,3,1428,16.98,382,0,0,Loyal Regulars
18071,United Kingdom,257,6,1428.63,4,4,4,4.0,6,835,16.81,477,1,0,Loyal Regulars
15468,United Kingdom,51,3,1430.48,2,3,4,3.0,3,1400,17.88,341,0,0,Loyal Regulars
13475,United Kingdom,191,4,1431.78,4,3,4,3.6666666666666665,4,1012,16.65,107,1,0,Loyal Regulars
17950,United Kingdom,72,7,1432.81,3,4,4,3.6666666666666665,7,847,6.96,632,0,0,Loyal Regulars
17941,United Kingdom,130,4,1433.28,3,3,4,3.3333333333333335,4,1108,204.75,572,1,0,Loyal Regulars
12389,Australia,402,3,1433.33,4,3,4,3.6666666666666665,3,614,29.25,253,1,2,Hibernating
13259,United Kingdom,61,9,1433.38,3,5,4,4.0,9,517,4.42,637,0,0,Loyal Regulars
12805,Netherlands,381,4,1434.95,4,3,4,3.6666666666666665,4,593,24.74,293,1,2,Hibernating
13278,United Kingdom,40,4,1435.85,2,4,4,3.3333333333333335,4,1358,13.29,570,0,0,Loyal Regulars
16727,United Kingdom,364,4,1437.42,4,3,4,3.6666666666666665,4,1109,6.75,324,1,2,Hibernating
16088,United Kingdom,575,2,1437.43,5,2,4,3.6666666666666665,2,373,239.57,16,1,2,Hibernating
13159,United Kingdom,8,4,1437.85,1,4,4,3.0,4,1059,11.88,107,0,0,Loyal Regulars
14071,United Kingdom,3,8,1438.82,1,5,4,3.3333333333333335,8,995,4.44,261,0,0,Loyal Regulars
13543,United Kingdom,634,2,1439.61,5,2,4,3.6666666666666665,2,329,30.63,53,1,2,Hibernating
18066,United Kingdom,75,3,1440.4,3,3,4,3.3333333333333335,3,535,27.18,340,0,0,Loyal Regulars
17734,United Kingdom,53,6,1442.32,2,4,4,3.3333333333333335,6,741,16.77,589,0,0,Loyal Regulars
17175,United Kingdom,44,4,1443.69,2,4,4,3.3333333333333335,4,866,22.92,252,0,0,Loyal Regulars
15636,United Kingdom,89,4,1444.58,3,3,4,3.3333333333333335,4,560,25.34,480,0,0,Loyal Regulars
13583,United Kingdom,155,2,1445.03,3,2,4,3.0,2,1097,15.05,524,1,0,Loyal Regulars
17073,United Kingdom,17,4,1446.09,1,4,4,3.0,4,759,8.31,92,0,0,Loyal Regulars
14591,United Kingdom,15,4,1447.14,1,4,4,3.0,4,1297,7.35,198,0,0,Loyal Regulars
15076,United Kingdom,172,3,1447.74,3,3,4,3.3333333333333335,3,866,18.1,350,1,0,Loyal Regulars
17545,United Kingdom,43,6,1448.54,2,4,4,3.3333333333333335,6,733,5.21,534,0,0,Loyal Regulars
16906,United Kingdom,81,7,1448.8,3,4,4,3.6666666666666665,7,613,6.44,494,0,0,Loyal Regulars
13023,United Kingdom,64,3,1449.03,3,3,4,3.3333333333333335,3,585,19.07,464,0,0,Loyal Regulars
15876,United Kingdom,409,2,1449.14,4,2,4,3.3333333333333335,2,886,131.74,39,1,2,Hibernating
13361,United Kingdom,472,2,1450.5,5,2,4,3.6666666666666665,2,324,42.66,145,1,2,Hibernating
17582,United Kingdom,236,5,1450.7,4,4,4,4.0,5,606,11.7,387,1,0,Loyal Regulars
13165,United Kingdom,46,3,1451.16,2,3,4,3.0,3,1736,29.62,367,0,0,Loyal Regulars
14487,United Kingdom,26,7,1453.61,2,4,4,3.3333333333333335,7,837,7.65,353,0,0,Loyal Regulars
16569,United Kingdom,3,5,1455.23,1,4,4,3.0,5,988,41.58,720,0,0,Loyal Regulars
15071,United Kingdom,93,4,1455.56,3,3,4,3.3333333333333335,4,416,26.95,477,1,0,Loyal Regulars
14657,United Kingdom,17,6,1460.87,1,4,4,3.0,6,885,6.79,418,0,0,Loyal Regulars
18106,United Kingdom,329,6,1461.46,4,4,4,4.0,6,512,7.46,364,1,2,Hibernating
17978,United Kingdom,365,4,1461.76,4,3,4,3.6666666666666665,4,1797,18.27,366,1,2,Hibernating
16586,United Kingdom,248,3,1462.78,4,3,4,3.6666666666666665,3,348,52.24,387,1,0,Loyal Regulars
12882,United Kingdom,9,2,1463.04,1,3,4,2.6666666666666665,2,246,112.54,24,0,0,Loyal Regulars
18196,United Kingdom,95,4,1464.31,3,3,4,3.3333333333333335,4,1047,5.21,537,1,0,Loyal Regulars
13500,United Kingdom,23,4,1466.3,2,4,4,3.3333333333333335,4,838,17.25,378,0,0,Loyal Regulars
13138,United Kingdom,22,7,1467.24,2,4,4,3.3333333333333335,7,718,14.82,374,0,0,Loyal Regulars
14684,United Kingdom,25,6,1468.55,2,4,4,3.3333333333333335,6,1039,2.83,365,0,0,Loyal Regulars
16980,United Kingdom,255,3,1473.33,4,3,4,3.6666666666666665,3,1039,13.15,173,1,0,Loyal Regulars
14246,United Kingdom,110,3,1474.06,3,3,4,3.3333333333333335,3,804,19.65,135,1,0,Loyal Regulars
16121,United Kingdom,57,5,1477.09,2,4,4,3.3333333333333335,5,897,4.11,508,0,0,Loyal Regulars
15101,United Kingdom,8,6,1477.94,1,4,4,3.0,6,676,25.48,582,0,0,Loyal Regulars
17590,United Kingdom,2,3,1479.22,1,3,4,2.6666666666666665,3,828,7.36,38,0,0,Loyal Regulars
15630,United Kingdom,45,3,1481.4,2,3,4,3.0,3,987,18.52,599,0,0,Loyal Regulars
15427,United Kingdom,33,3,1483.14,2,3,4,3.0,3,1013,4.85,14,0,0,Loyal Regulars
14609,United Kingdom,72,10,1486.2,3,5,4,4.0,10,12720,114.32,596,0,0,Loyal Regulars
16419,United Kingdom,112,8,1487.42,3,4,4,3.6666666666666665,8,721,16.17,556,1,0,Loyal Regulars
18268,United Kingdom,134,6,1490.23,3,4,4,3.6666666666666665,6,711,22.24,594,1,0,Loyal Regulars
16314,United Kingdom,389,3,1491.4,4,3,4,3.6666666666666665,3,636,24.05,83,1,2,Hibernating
16239,United Kingdom,56,6,1492.2,2,4,4,3.3333333333333335,6,692,42.63,407,0,0,Loyal Regulars
14894,United Kingdom,85,3,1492.81,3,3,4,3.3333333333333335,3,603,32.45,652,0,0,Loyal Regulars
15173,United Kingdom,380,7,1494.6,4,4,4,4.0,7,840,17.38,237,1,2,Hibernating
15882,United Kingdom,198,8,1495.98,4,4,4,4.0,8,814,19.95,531,1,0,Loyal Regulars
15590,United Kingdom,382,5,1496.6,4,4,4,4.0,5,832,17.2,224,1,2,Hibernating
13810,Germany,28,3,1499.01,2,3,4,3.0,3,312,42.83,28,0,0,Loyal Regulars
16762,United Kingdom,19,3,1501.38,1,3,4,2.6666666666666665,3,618,16.87,125,0,0,Loyal Regulars
17290,United Kingdom,3,8,1501.44,1,5,4,3.3333333333333335,8,1147,7.4,723,0,0,Loyal Regulars
14802,United Kingdom,438,2,1502.98,5,2,4,3.6666666666666665,2,2,751.49,0,1,2,Hibernating
16450,United Kingdom,149,3,1505.73,3,3,4,3.3333333333333335,3,681,35.02,507,1,0,Loyal Regulars
15110,United Kingdom,23,6,1505.85,2,4,4,3.3333333333333335,6,337,28.41,462,0,0,Loyal Regulars
17179,United Kingdom,178,6,1507.26,3,4,4,3.6666666666666665,6,625,9.54,384,1,0,Loyal Regulars
15261,United Kingdom,135,4,1508.0,3,3,4,3.3333333333333335,4,806,16.39,299,1,0,Loyal Regulars
13158,United Kingdom,94,5,1508.18,3,4,4,3.6666666666666665,5,992,15.08,294,1,0,Loyal Regulars
18074,United Kingdom,373,2,1509.04,4,2,4,3.3333333333333335,2,551,26.95,132,1,2,Hibernating
15948,United Kingdom,8,3,1509.09,1,3,4,2.6666666666666665,3,852,15.89,416,0,0,Loyal Regulars
16037,United Kingdom,269,5,1509.34,4,4,4,4.0,5,766,21.26,379,1,2,Hibernating
13370,United Kingdom,371,1,1509.74,4,1,4,3.0,1,686,19.36,0,1,2,Hibernating
16910,United Kingdom,4,8,1510.06,1,5,4,3.3333333333333335,8,886,2.76,87,0,0,Loyal Regulars
17025,United Kingdom,60,5,1510.64,3,4,4,3.6666666666666665,5,1024,35.97,581,0,0,Loyal Regulars
14682,United Kingdom,187,6,1514.81,3,4,4,3.6666666666666665,6,949,17.61,485,1,0,Loyal Regulars
14220,United Kingdom,247,4,1515.0,4,3,4,3.6666666666666665,4,468,39.87,322,1,0,Loyal Regulars
13791,United Kingdom,127,2,1516.0,3,2,4,3.0,2,1200,137.82,41,1,0,Loyal Regulars
14267,United Kingdom,162,3,1516.24,3,3,4,3.3333333333333335,3,530,27.57,98,1,0,Loyal Regulars
14264,United Kingdom,154,6,1517.36,3,4,4,3.6666666666666665,6,553,19.21,457,1,0,Loyal Regulars
15574,United Kingdom,177,6,1518.7,3,4,4,3.6666666666666665,6,949,4.07,287,1,0,Loyal Regulars
14055,United Kingdom,106,3,1520.96,3,3,4,3.3333333333333335,3,720,46.09,617,1,0,Loyal Regulars
16066,United Kingdom,16,5,1521.87,1,4,4,3.0,5,936,14.92,108,0,0,Loyal Regulars
15587,United Kingdom,50,7,1522.08,2,4,4,3.3333333333333335,7,528,108.72,441,0,0,Loyal Regulars
12970,United Kingdom,7,10,1524.97,1,5,4,3.3333333333333335,10,1014,3.98,728,0,0,Loyal Regulars
16340,United Kingdom,107,3,1526.06,3,3,4,3.3333333333333335,3,1345,4.05,444,1,0,Loyal Regulars
17990,United Kingdom,236,6,1527.61,4,4,4,4.0,6,777,26.8,496,1,0,Loyal Regulars
14068,United Kingdom,320,4,1528.37,4,3,4,3.6666666666666665,4,513,13.77,357,1,2,Hibernating
17610,United Kingdom,540,5,1529.49,5,4,4,4.333333333333333,5,902,9.74,193,1,2,Hibernating
16714,United Kingdom,218,4,1529.8,4,3,4,3.6666666666666665,4,849,13.19,452,1,0,Loyal Regulars
14567,United Kingdom,56,2,1530.36,2,2,4,2.6666666666666665,2,412,46.37,74,0,0,Loyal Regulars
16491,United Kingdom,46,2,1533.16,2,2,4,2.6666666666666665,2,1060,17.62,367,0,0,Loyal Regulars
13402,United Kingdom,127,4,1535.13,3,3,4,3.3333333333333335,4,1107,15.99,437,1,0,Loyal Regulars
15798,United Kingdom,492,3,1535.37,5,3,4,4.0,3,915,18.5,189,1,2,Hibernating
16835,United Kingdom,128,6,1538.41,3,4,4,3.6666666666666665,6,515,17.68,441,1,0,Loyal Regulars
13579,United Kingdom,14,5,1539.04,1,4,4,3.0,5,764,17.1,645,0,0,Loyal Regulars
13310,United Kingdom,28,5,1541.2,2,4,4,3.3333333333333335,5,816,16.22,374,0,0,Loyal Regulars
12818,Austria,261,1,1542.08,4,1,4,3.0,1,929,110.15,0,1,2,Hibernating
18252,United Kingdom,50,7,1542.09,2,4,4,3.3333333333333335,7,937,11.17,671,0,0,Loyal Regulars
13783,United Kingdom,487,4,1542.09,5,3,4,4.0,4,3437,154.21,186,1,2,Hibernating
15701,United Kingdom,2,4,1542.14,1,4,4,3.0,4,923,6.51,108,0,0,Loyal Regulars
16915,United Kingdom,9,11,1543.18,1,5,4,3.3333333333333335,11,190,20.85,560,0,0,Loyal Regulars
16790,United Kingdom,3,6,1545.62,1,4,4,3.0,6,898,16.62,34,0,0,Loyal Regulars
17454,United Kingdom,192,10,1547.94,4,5,4,4.333333333333333,10,727,12.29,501,1,0,Loyal Regulars
16366,United Kingdom,18,4,1548.13,1,4,4,3.0,4,882,19.85,705,0,0,Loyal Regulars
12926,United Kingdom,411,4,1548.46,5,3,4,4.0,4,766,5.65,314,1,2,Hibernating
14754,United Kingdom,44,6,1550.48,2,4,4,3.3333333333333335,6,1011,11.32,646,0,0,Loyal Regulars
14186,United Kingdom,427,5,1550.63,5,4,4,4.333333333333333,5,1550,14.91,217,1,2,Hibernating
13377,United Kingdom,396,2,1552.88,4,2,4,3.3333333333333335,2,748,19.91,249,1,2,Hibernating
13360,United Kingdom,431,4,1553.65,5,3,4,4.0,4,942,23.54,269,1,2,Hibernating
16017,United Kingdom,47,5,1553.83,2,4,4,3.3333333333333335,5,640,11.86,656,0,0,Loyal Regulars
15149,United Kingdom,133,5,1554.61,3,4,4,3.6666666666666665,5,380,22.53,516,1,0,Loyal Regulars
16394,United Kingdom,56,5,1555.34,2,4,4,3.3333333333333335,5,2604,18.74,233,0,0,Loyal Regulars
13042,United Kingdom,598,3,1556.54,5,3,4,4.0,3,830,7.82,134,1,2,Hibernating
16140,United Kingdom,65,3,1557.6,3,3,4,3.3333333333333335,3,1376,21.94,376,0,0,Loyal Regulars
12629,Sweden,385,2,1558.22,4,2,4,3.3333333333333335,2,722,34.63,38,1,2,Hibernating
13939,United Kingdom,23,7,1560.96,2,4,4,3.3333333333333335,7,1608,14.19,589,0,0,Loyal Regulars
17851,United Kingdom,422,6,1563.34,5,4,4,4.333333333333333,6,938,6.6,314,1,2,Hibernating
18036,United Kingdom,32,11,1563.64,2,5,4,3.6666666666666665,11,748,4.71,689,0,0,Loyal Regulars
17323,United Kingdom,15,12,1565.59,1,5,4,3.3333333333333335,12,1442,4.66,683,0,0,Loyal Regulars
17977,United Kingdom,29,2,1565.63,2,3,4,3.0,2,2062,14.5,371,0,0,Loyal Regulars
15074,United Kingdom,105,3,1566.33,3,3,4,3.3333333333333335,3,1063,21.46,362,1,0,Loyal Regulars
17624,United Kingdom,14,4,1568.63,1,4,4,3.0,4,958,16.17,705,0,0,Loyal Regulars
13539,United Kingdom,85,7,1569.36,3,4,4,3.6666666666666665,7,710,18.25,505,0,0,Loyal Regulars
14198,United Kingdom,18,9,1569.73,1,5,4,3.3333333333333335,9,623,17.25,685,0,0,Loyal Regulars
14136,United Kingdom,400,5,1570.81,4,4,4,4.0,5,1148,14.82,331,1,2,Hibernating
15466,United Kingdom,85,4,1571.01,3,3,4,3.3333333333333335,4,944,5.93,651,0,0,Loyal Regulars
16099,United Kingdom,50,7,1573.2,2,4,4,3.3333333333333335,7,960,22.8,596,0,0,Loyal Regulars
14489,United Kingdom,207,4,1574.93,4,3,4,3.6666666666666665,4,1011,15.75,405,1,0,Loyal Regulars
13337,United Kingdom,546,1,1575.26,5,2,4,3.6666666666666665,1,980,18.11,0,1,2,Hibernating
12549,USA,575,6,1575.68,5,4,4,4.333333333333333,6,1366,32.16,122,1,2,Hibernating
13186,United Kingdom,39,3,1575.89,2,3,4,3.0,3,820,19.95,89,0,0,Loyal Regulars
17649,United Kingdom,138,3,1578.89,3,3,4,3.3333333333333335,3,723,16.11,334,1,0,Loyal Regulars
12607,USA,60,1,1579.51,3,1,4,2.6666666666666665,1,1228,15.64,0,0,0,Loyal Regulars
13202,United Kingdom,394,7,1580.3,4,4,4,4.0,7,572,22.9,336,1,2,Hibernating
15279,United Kingdom,354,5,1580.54,4,4,4,4.0,5,802,16.81,321,1,2,Hibernating
16096,United Kingdom,264,4,1584.97,4,3,4,3.6666666666666665,4,700,24.01,381,1,2,Hibernating
13156,United Kingdom,385,3,1586.54,4,3,4,3.6666666666666665,3,914,15.26,291,1,2,Hibernating
16092,United Kingdom,114,6,1587.94,3,4,4,3.6666666666666665,6,1188,17.64,465,1,0,Loyal Regulars
17540,United Kingdom,24,6,1590.6,2,4,4,3.3333333333333335,6,588,24.85,575,0,0,Loyal Regulars
13752,United Kingdom,124,7,1590.73,3,4,4,3.6666666666666665,7,1007,16.74,403,1,0,Loyal Regulars
15289,United Kingdom,29,5,1593.09,2,4,4,3.3333333333333335,5,1627,16.42,592,0,0,Loyal Regulars
17837,United Kingdom,42,8,1593.38,2,4,4,3.3333333333333335,8,518,9.43,121,0,0,Loyal Regulars
17028,United Kingdom,581,3,1593.83,5,3,4,4.0,3,856,16.78,140,1,2,Hibernating
16774,United Kingdom,67,8,1594.45,3,4,4,3.6666666666666665,8,785,11.81,594,0,0,Loyal Regulars
13239,United Kingdom,261,5,1594.69,4,4,4,4.0,5,1151,17.15,241,1,0,Loyal Regulars
13850,United Kingdom,129,1,1595.48,3,1,4,2.6666666666666665,1,944,17.16,0,1,0,Loyal Regulars
15134,United Kingdom,14,10,1596.29,1,5,4,3.3333333333333335,10,1057,18.78,408,0,0,Loyal Regulars
12514,Italy,267,2,1597.76,4,2,4,3.3333333333333335,2,840,19.02,374,1,2,Hibernating
13740,United Kingdom,240,5,1597.77,4,4,4,4.0,5,991,16.82,497,1,0,Loyal Regulars
14885,United Kingdom,131,3,1598.12,3,3,4,3.3333333333333335,3,1308,51.55,334,1,0,Loyal Regulars
14587,United Kingdom,18,9,1601.14,1,5,4,3.3333333333333335,9,761,4.18,313,0,0,Loyal Regulars
15325,United Kingdom,103,8,1602.01,3,4,4,3.6666666666666665,8,1383,7.12,558,1,0,Loyal Regulars
14719,United Kingdom,1,5,1602.13,1,4,4,3.0,5,1032,6.76,248,0,0,Loyal Regulars
17345,United Kingdom,15,10,1604.68,1,5,4,3.3333333333333335,10,2013,7.53,723,0,0,Loyal Regulars
17222,United Kingdom,65,6,1605.01,3,4,4,3.6666666666666665,6,863,14.2,633,0,0,Loyal Regulars
14920,United Kingdom,212,3,1607.17,4,3,4,3.6666666666666665,3,886,16.57,353,1,0,Loyal Regulars
17853,United Kingdom,407,3,1608.19,4,3,4,3.6666666666666665,3,627,15.17,329,1,2,Hibernating
17886,United Kingdom,31,6,1608.38,2,4,4,3.3333333333333335,6,725,9.19,558,0,0,Loyal Regulars
13249,United Kingdom,92,9,1608.93,3,5,4,4.0,9,1246,45.97,592,1,0,Loyal Regulars
13900,United Kingdom,183,6,1610.59,3,4,4,3.6666666666666665,6,938,16.95,441,1,0,Loyal Regulars
16860,United Kingdom,452,3,1610.62,5,3,4,4.0,3,625,37.46,210,1,2,Hibernating
14336,United Kingdom,16,4,1614.91,1,4,4,3.0,4,1759,17.94,260,0,0,Loyal Regulars
16461,United Kingdom,177,3,1615.22,3,3,4,3.3333333333333335,3,1039,6.0,469,1,0,Loyal Regulars
16224,United Kingdom,57,5,1616.54,2,4,4,3.3333333333333335,5,1555,13.94,330,0,0,Loyal Regulars
17814,United Kingdom,375,2,1617.32,4,2,4,3.3333333333333335,2,1440,11.08,47,1,2,Hibernating
17515,United Kingdom,31,9,1617.46,2,5,4,3.6666666666666665,9,528,8.99,519,0,0,Loyal Regulars
16801,United Kingdom,163,4,1619.73,3,3,4,3.3333333333333335,4,499,21.31,110,1,0,Loyal Regulars
15422,United Kingdom,323,7,1619.97,4,4,4,4.0,7,710,13.5,347,1,2,Hibernating
14695,United Kingdom,519,3,1620.07,5,3,4,4.0,3,678,18.84,213,1,2,Hibernating
12379,Belgium,81,4,1620.22,3,3,4,3.3333333333333335,4,815,20.0,453,0,0,Loyal Regulars
14178,United Kingdom,8,7,1620.93,1,4,4,3.0,7,1505,4.96,174,0,0,Loyal Regulars
17867,United Kingdom,30,15,1621.28,2,5,4,3.6666666666666665,15,672,11.5,707,0,0,Loyal Regulars
14937,Channel Islands,56,3,1621.88,2,3,4,3.0,3,484,47.7,74,0,0,Loyal Regulars
17764,United Kingdom,50,5,1623.64,2,4,4,3.3333333333333335,5,729,10.21,686,0,0,Loyal Regulars
15172,United Kingdom,8,5,1624.05,1,4,4,3.0,5,1611,14.76,228,0,0,Loyal Regulars
18149,United Kingdom,50,7,1624.71,2,4,4,3.3333333333333335,7,918,16.92,585,0,0,Loyal Regulars
13154,United Kingdom,399,3,1624.84,4,3,4,3.6666666666666665,3,976,17.47,336,1,2,Hibernating
14759,United Kingdom,4,3,1625.97,1,3,4,2.6666666666666665,3,569,15.94,228,0,0,Loyal Regulars
16256,United Kingdom,266,3,1629.37,4,3,4,3.6666666666666665,3,1590,56.19,331,1,2,Hibernating
18136,United Kingdom,63,5,1631.36,3,4,4,3.6666666666666665,5,860,18.54,388,0,0,Loyal Regulars
14164,United Kingdom,70,2,1631.77,3,2,4,3.0,2,1033,56.27,10,0,0,Loyal Regulars
18062,United Kingdom,173,6,1632.67,3,4,4,3.6666666666666665,6,831,30.23,424,1,0,Loyal Regulars
15310,United Kingdom,478,1,1634.64,5,1,4,3.3333333333333335,1,1476,36.33,0,1,2,Hibernating
12398,Switzerland,45,1,1635.66,2,1,4,2.3333333333333335,1,1394,19.24,0,0,0,Loyal Regulars
17951,United Kingdom,39,4,1636.08,2,4,4,3.3333333333333335,4,898,49.58,365,0,0,Loyal Regulars
17006,United Kingdom,4,8,1636.32,1,5,4,3.3333333333333335,8,573,12.59,640,0,0,Loyal Regulars
12847,United Kingdom,22,2,1636.9,2,3,4,3.0,2,1533,12.99,365,0,0,Loyal Regulars
13554,United Kingdom,380,7,1638.28,4,4,4,4.0,7,581,8.23,66,1,2,Hibernating
14420,United Kingdom,99,4,1639.17,3,3,4,3.3333333333333335,4,1120,17.63,592,1,0,Loyal Regulars
13506,United Kingdom,316,5,1639.2,4,4,4,4.0,5,1174,16.73,144,1,2,Hibernating
14904,United Kingdom,2,4,1640.64,1,4,4,3.0,4,2549,11.39,425,0,0,Loyal Regulars
15013,United Kingdom,487,10,1641.3,5,5,4,4.666666666666667,10,1747,4.62,190,1,2,Hibernating
12657,France,11,4,1643.18,1,4,4,3.0,4,1044,34.96,67,0,0,Loyal Regulars
18085,United Kingdom,330,4,1645.75,4,3,4,3.6666666666666665,4,585,23.18,298,1,2,Hibernating
18022,United Kingdom,35,5,1651.79,2,4,4,3.3333333333333335,5,1390,3.33,511,0,0,Loyal Regulars
12577,France,35,8,1653.75,2,4,4,3.3333333333333335,8,1197,5.48,701,0,0,Loyal Regulars
16625,United Kingdom,274,5,1654.03,4,4,4,4.0,5,1057,16.71,269,1,2,Hibernating
18276,United Kingdom,43,6,1656.52,2,4,4,3.3333333333333335,6,1246,17.62,686,0,0,Loyal Regulars
15167,United Kingdom,320,5,1659.67,4,4,4,4.0,5,872,5.3,353,1,2,Hibernating
15214,United Kingdom,1,8,1661.44,1,5,4,3.3333333333333335,8,1254,15.1,241,0,0,Loyal Regulars
12912,United Kingdom,2,5,1662.3,1,4,4,3.0,5,670,69.26,38,0,0,Loyal Regulars
13434,United Kingdom,74,5,1666.86,3,4,4,3.6666666666666665,5,864,47.62,581,0,0,Loyal Regulars
17534,United Kingdom,53,5,1668.83,2,4,4,3.3333333333333335,5,860,18.14,599,0,0,Loyal Regulars
13417,United Kingdom,4,6,1669.49,1,4,4,3.0,6,532,21.68,665,0,0,Loyal Regulars
13308,United Kingdom,22,4,1670.37,2,4,4,3.3333333333333335,4,1073,23.53,574,0,0,Loyal Regulars
13587,United Kingdom,63,4,1673.5,3,4,4,3.6666666666666665,4,664,55.78,600,0,0,Loyal Regulars
17656,United Kingdom,73,5,1674.69,3,4,4,3.6666666666666665,5,1399,20.42,55,0,0,Loyal Regulars
13149,United Kingdom,14,4,1676.06,1,4,4,3.0,4,1280,19.49,275,0,0,Loyal Regulars
14831,United Kingdom,680,3,1676.57,5,3,4,4.0,3,885,20.45,57,1,2,Hibernating
12870,United Kingdom,375,3,1676.95,4,3,4,3.6666666666666665,3,906,18.03,249,1,2,Hibernating
13649,United Kingdom,256,6,1678.88,4,4,4,4.0,6,863,13.32,271,1,0,Loyal Regulars
13800,United Kingdom,309,3,1679.56,4,3,4,3.6666666666666665,3,891,23.01,427,1,2,Hibernating
14643,United Kingdom,170,5,1679.89,3,4,4,3.6666666666666665,5,1377,27.09,558,1,0,Loyal Regulars
12911,United Kingdom,551,1,1680.47,5,2,4,3.6666666666666665,1,820,6.78,0,1,2,Hibernating
13064,United Kingdom,12,6,1680.74,1,4,4,3.0,6,670,17.88,579,0,0,Loyal Regulars
15732,United Kingdom,212,10,1682.07,4,5,4,4.333333333333333,10,1361,16.17,461,1,0,Loyal Regulars
15987,United Kingdom,12,8,1682.13,1,5,4,3.3333333333333335,8,1715,8.58,367,0,0,Loyal Regulars
13516,United Kingdom,21,4,1685.26,2,4,4,3.3333333333333335,4,1114,27.63,396,0,0,Loyal Regulars
12775,Netherlands,17,7,1686.12,1,4,4,3.0,7,1083,20.82,392,0,0,Loyal Regulars
17041,United Kingdom,26,6,1686.28,2,4,4,3.3333333333333335,6,1337,13.07,574,0,0,Loyal Regulars
15996,United Kingdom,88,7,1686.9,3,4,4,3.6666666666666665,7,747,7.96,309,0,0,Loyal Regulars
12933,United Kingdom,24,8,1687.03,2,4,4,3.3333333333333335,8,959,5.7,705,0,0,Loyal Regulars
12813,Netherlands,501,3,1687.8,5,3,4,4.0,3,1141,37.51,192,1,2,Hibernating
13294,United Kingdom,189,3,1689.53,4,3,4,3.6666666666666665,3,996,16.56,457,1,0,Loyal Regulars
16671,United Kingdom,28,3,1692.27,2,3,4,3.0,3,875,282.05,136,0,0,Loyal Regulars
14078,United Kingdom,101,9,1692.63,3,5,4,4.0,9,618,10.38,520,1,0,Loyal Regulars
14829,United Kingdom,29,7,1692.84,2,4,4,3.3333333333333335,7,1147,15.39,407,0,0,Loyal Regulars
16813,United Kingdom,8,10,1692.98,1,5,4,3.3333333333333335,10,1525,3.77,196,0,0,Loyal Regulars
14245,United Kingdom,219,2,1693.45,4,2,4,3.3333333333333335,2,976,15.68,44,1,0,Loyal Regulars
12764,Lebanon,316,1,1693.88,4,1,4,3.0,1,386,37.64,0,1,2,Hibernating
17694,United Kingdom,141,3,1695.97,3,3,4,3.3333333333333335,3,1493,20.94,421,1,0,Loyal Regulars
12932,United Kingdom,539,8,1698.56,5,4,4,4.333333333333333,8,1609,17.88,128,1,2,Hibernating
15326,United Kingdom,333,5,1700.52,4,4,4,4.0,5,1351,13.18,405,1,2,Hibernating
13184,United Kingdom,14,10,1701.29,1,5,4,3.3333333333333335,10,1692,9.4,276,0,0,Loyal Regulars
15911,United Kingdom,623,8,1702.34,5,4,4,4.333333333333333,8,811,6.57,107,1,2,Hibernating
12693,Germany,127,7,1703.02,3,4,4,3.6666666666666665,7,536,21.56,395,1,0,Loyal Regulars
16329,United Kingdom,427,4,1703.07,5,3,4,4.0,4,826,14.81,311,1,2,Hibernating
17571,United Kingdom,50,5,1703.75,2,4,4,3.3333333333333335,5,1020,4.83,492,0,0,Loyal Regulars
14859,United Kingdom,12,5,1705.64,1,4,4,3.0,5,888,25.84,542,0,0,Loyal Regulars
16398,United Kingdom,154,2,1705.8,3,2,4,3.0,2,758,20.8,99,1,0,Loyal Regulars
13309,United Kingdom,7,6,1706.37,1,4,4,3.0,6,1914,13.13,385,0,0,Loyal Regulars
16902,United Kingdom,116,1,1706.88,3,1,4,2.6666666666666665,1,629,38.79,0,1,0,Loyal Regulars
16907,United Kingdom,29,9,1707.9,2,5,4,3.6666666666666665,9,532,6.7,497,0,0,Loyal Regulars
16768,United Kingdom,47,9,1708.12,2,5,4,3.6666666666666665,9,777,10.42,685,0,0,Loyal Regulars
13566,United Kingdom,40,5,1708.12,2,4,4,3.3333333333333335,5,1266,4.57,599,0,0,Loyal Regulars
12407,Belgium,49,5,1708.12,2,4,4,3.3333333333333335,5,1416,22.18,215,0,0,Loyal Regulars
15947,United Kingdom,82,1,1708.24,3,1,4,2.6666666666666665,1,898,58.9,0,0,0,Loyal Regulars
15607,United Kingdom,336,9,1708.97,4,5,4,4.333333333333333,9,1470,15.68,364,1,2,Hibernating
17731,United Kingdom,79,6,1708.99,3,4,4,3.6666666666666665,6,707,17.26,589,0,0,Loyal Regulars
13104,United Kingdom,3,9,1709.1,1,5,4,3.3333333333333335,9,834,56.97,650,0,0,Loyal Regulars
15551,United Kingdom,36,7,1710.08,2,4,4,3.3333333333333335,7,814,11.33,514,0,0,Loyal Regulars
12405,Finland,148,1,1710.39,3,1,4,2.6666666666666665,1,857,31.67,0,1,0,Loyal Regulars
16654,United Kingdom,141,8,1711.47,3,4,4,3.6666666666666665,8,703,20.62,471,1,0,Loyal Regulars
13665,United Kingdom,386,3,1711.66,4,3,4,3.6666666666666665,3,1652,16.15,118,1,2,Hibernating
14447,United Kingdom,18,6,1711.73,1,4,4,3.0,6,913,16.15,382,0,0,Loyal Regulars
14987,United Kingdom,15,8,1713.85,1,5,4,3.3333333333333335,8,671,100.81,722,0,0,Loyal Regulars
17162,United Kingdom,28,10,1715.46,2,5,4,3.6666666666666665,10,1001,16.49,277,0,0,Loyal Regulars
14021,United Kingdom,155,7,1716.58,3,4,4,3.6666666666666665,7,878,19.07,437,1,0,Loyal Regulars
15267,United Kingdom,22,5,1717.36,2,4,4,3.3333333333333335,5,944,156.12,160,0,0,Loyal Regulars
16119,United Kingdom,8,8,1720.81,1,5,4,3.3333333333333335,8,811,31.87,715,0,0,Loyal Regulars
16899,United Kingdom,7,8,1721.02,1,5,4,3.3333333333333335,8,818,9.61,390,0,0,Loyal Regulars
17451,United Kingdom,1,7,1721.4,1,4,4,3.0,7,1203,17.21,104,0,0,Loyal Regulars
13363,United Kingdom,17,3,1723.86,1,3,4,2.6666666666666665,3,1146,16.9,392,0,0,Loyal Regulars
16010,United Kingdom,245,11,1724.06,4,5,4,4.333333333333333,11,931,5.77,166,1,0,Loyal Regulars
14304,United Kingdom,222,3,1725.01,4,3,4,3.6666666666666665,3,775,19.6,348,1,0,Loyal Regulars
15730,United Kingdom,65,5,1726.58,3,4,4,3.6666666666666665,5,1061,15.55,366,0,0,Loyal Regulars
16809,United Kingdom,23,9,1727.43,2,5,4,3.6666666666666665,9,1093,6.67,582,0,0,Loyal Regulars
14400,United Kingdom,149,3,1732.47,3,3,4,3.3333333333333335,3,1706,23.73,482,1,0,Loyal Regulars
13026,United Kingdom,1,9,1733.08,1,5,4,3.3333333333333335,9,2466,21.14,725,0,0,Loyal Regulars
17268,United Kingdom,107,11,1733.89,3,5,4,4.0,11,1395,57.8,624,1,0,Loyal Regulars
14075,United Kingdom,4,6,1734.87,1,4,4,3.0,6,1494,21.42,537,0,0,Loyal Regulars
13531,United Kingdom,205,6,1738.52,4,4,4,4.0,6,600,19.32,531,1,0,Loyal Regulars
13240,United Kingdom,96,8,1738.52,3,4,4,3.6666666666666665,8,859,7.53,556,1,0,Loyal Regulars
16087,United Kingdom,389,5,1739.92,4,4,4,4.0,5,664,173.99,300,1,2,Hibernating
17321,United Kingdom,8,6,1741.18,1,4,4,3.0,6,817,5.9,569,0,0,Loyal Regulars
12425,Portugal,78,2,1741.41,3,2,4,3.0,2,1147,19.14,370,0,0,Loyal Regulars
17190,United Kingdom,58,7,1743.04,2,4,4,3.3333333333333335,7,2225,8.94,586,0,0,Loyal Regulars
14236,United Kingdom,80,5,1744.64,3,4,4,3.6666666666666665,5,812,34.89,425,0,0,Loyal Regulars
14692,United Kingdom,137,12,1745.09,3,5,4,4.0,12,905,10.71,480,1,0,Loyal Regulars
17695,United Kingdom,131,5,1746.04,3,4,4,3.6666666666666665,5,1809,28.62,549,1,0,Loyal Regulars
15976,United Kingdom,165,6,1746.64,3,4,4,3.6666666666666665,6,1078,4.39,386,1,0,Loyal Regulars
13808,United Kingdom,5,5,1747.66,1,4,4,3.0,5,782,23.0,91,0,0,Loyal Regulars
14584,United Kingdom,169,8,1747.91,3,4,4,3.6666666666666665,8,963,7.91,491,1,0,Loyal Regulars
16639,United Kingdom,31,4,1747.98,2,4,4,3.3333333333333335,4,751,21.58,378,0,0,Loyal Regulars
13155,United Kingdom,33,6,1750.18,2,4,4,3.3333333333333335,6,909,10.67,458,0,0,Loyal Regulars
17432,United Kingdom,18,9,1751.39,1,5,4,3.3333333333333335,9,1016,6.32,718,0,0,Loyal Regulars
12809,Portugal,177,3,1755.94,3,3,4,3.3333333333333335,3,518,21.68,470,1,0,Loyal Regulars
16266,United Kingdom,73,14,1757.95,3,5,4,4.0,14,791,16.13,600,0,0,Loyal Regulars
14522,United Kingdom,24,8,1758.62,2,4,4,3.3333333333333335,8,968,38.23,660,0,0,Loyal Regulars
16620,United Kingdom,3,6,1758.93,1,4,4,3.0,6,1146,18.71,735,0,0,Loyal Regulars
15777,United Kingdom,241,7,1762.61,4,4,4,4.0,7,599,45.2,327,1,0,Loyal Regulars
13717,United Kingdom,32,8,1763.3,2,4,4,3.3333333333333335,8,2144,14.22,453,0,0,Loyal Regulars
13648,United Kingdom,400,8,1764.02,4,4,4,4.0,8,960,16.64,338,1,2,Hibernating
16751,United Kingdom,30,1,1764.72,2,1,4,2.3333333333333335,1,1031,70.59,0,0,0,Loyal Regulars
13456,United Kingdom,17,6,1766.72,1,4,4,3.0,6,765,28.04,190,0,0,Loyal Regulars
14933,Channel Islands,443,4,1770.0,5,3,4,4.0,4,600,442.5,1,1,2,Hibernating
14387,United Kingdom,32,3,1770.56,2,3,4,3.0,3,819,12.65,77,0,0,Loyal Regulars
17813,United Kingdom,14,5,1770.88,1,4,4,3.0,5,790,4.77,57,0,0,Loyal Regulars
16374,United Kingdom,66,5,1771.45,3,4,4,3.6666666666666665,5,800,4.95,522,0,0,Loyal Regulars
15594,United Kingdom,15,5,1771.78,1,4,4,3.0,5,983,17.2,219,0,0,Loyal Regulars
16124,United Kingdom,317,4,1772.49,4,3,4,3.6666666666666665,4,797,21.62,415,1,2,Hibernating
13920,United Kingdom,431,4,1774.68,5,3,4,4.0,4,1772,20.64,131,1,2,Hibernating
12778,Netherlands,19,9,1775.68,2,5,4,3.6666666666666665,9,1735,15.58,583,0,0,Loyal Regulars
12908,United Kingdom,176,5,1776.0,3,4,4,3.6666666666666665,5,3000,355.2,454,1,0,Loyal Regulars
12458,Switzerland,71,4,1777.49,3,3,4,3.3333333333333335,4,986,21.16,416,0,0,Loyal Regulars
15220,United Kingdom,51,6,1778.96,2,4,4,3.3333333333333335,6,1393,15.2,229,0,0,Loyal Regulars
18214,United Kingdom,530,4,1780.34,5,3,4,4.0,4,989,30.7,24,1,2,Hibernating
16380,United Kingdom,61,1,1780.59,3,1,4,2.6666666666666665,1,1524,55.64,0,0,0,Loyal Regulars
14583,United Kingdom,5,8,1781.03,1,5,4,3.3333333333333335,8,1155,3.52,616,0,0,Loyal Regulars
15128,United Kingdom,60,5,1783.68,3,4,4,3.6666666666666665,5,1583,14.5,370,0,0,Loyal Regulars
16611,United Kingdom,186,6,1785.13,3,4,4,3.6666666666666665,6,874,16.23,453,1,0,Loyal Regulars
15608,United Kingdom,28,5,1785.98,2,4,4,3.3333333333333335,5,1262,17.01,387,0,0,Loyal Regulars
12369,Austria,413,3,1791.15,5,3,4,4.0,3,1241,19.26,228,1,2,Hibernating
13375,United Kingdom,88,2,1792.23,3,2,4,3.0,2,1124,25.24,356,0,0,Loyal Regulars
13711,United Kingdom,218,9,1792.26,4,5,4,4.333333333333333,9,819,19.48,506,1,0,Loyal Regulars
17603,United Kingdom,78,4,1793.48,3,3,4,3.3333333333333335,4,640,16.76,651,0,0,Loyal Regulars
13782,United Kingdom,12,13,1793.72,1,5,4,3.3333333333333335,13,649,7.35,721,0,0,Loyal Regulars
14850,United Kingdom,311,7,1794.01,4,4,4,4.0,7,1408,8.93,257,1,2,Hibernating
17165,United Kingdom,284,6,1794.32,4,4,4,4.0,6,788,17.94,444,1,2,Hibernating
18236,United Kingdom,29,12,1795.35,2,5,4,3.6666666666666665,12,696,18.32,574,0,0,Loyal Regulars
18235,United Kingdom,71,3,1796.48,3,3,4,3.3333333333333335,3,1578,17.27,146,0,0,Loyal Regulars
17750,United Kingdom,5,9,1797.57,1,5,4,3.3333333333333335,9,3957,9.31,159,0,0,Loyal Regulars
16348,United Kingdom,32,8,1798.22,2,4,4,3.3333333333333335,8,1178,6.76,398,0,0,Loyal Regulars
15452,United Kingdom,29,6,1799.11,2,4,4,3.3333333333333335,6,1091,8.91,482,0,0,Loyal Regulars
16249,United Kingdom,52,5,1800.07,2,4,4,3.3333333333333335,5,950,26.09,187,0,0,Loyal Regulars
18161,United Kingdom,15,6,1803.1,1,4,4,3.0,6,965,19.39,364,0,0,Loyal Regulars
12784,Portugal,9,3,1804.75,1,3,4,2.6666666666666665,3,882,13.78,520,0,0,Loyal Regulars
18096,United Kingdom,11,6,1805.28,1,4,4,3.0,6,1483,4.12,502,0,0,Loyal Regulars
15889,United Kingdom,156,8,1806.28,3,4,4,3.6666666666666665,8,989,4.53,573,1,0,Loyal Regulars
15133,United Kingdom,127,5,1806.9,3,4,4,3.6666666666666665,5,960,36.88,393,1,0,Loyal Regulars
14893,United Kingdom,9,3,1809.61,1,3,4,2.6666666666666665,3,1047,17.07,608,0,0,Loyal Regulars
16595,United Kingdom,61,5,1810.18,3,4,4,3.6666666666666665,5,1378,3.82,630,0,0,Loyal Regulars
15972,United Kingdom,456,5,1810.27,5,4,4,4.333333333333333,5,480,12.48,144,1,2,Hibernating
14915,United Kingdom,91,11,1811.25,3,5,4,4.0,11,707,20.13,645,1,0,Loyal Regulars
14704,United Kingdom,11,11,1813.57,1,5,4,3.3333333333333335,11,1209,3.75,613,0,0,Loyal Regulars
15530,United Kingdom,21,5,1813.72,2,4,4,3.3333333333333335,5,1340,12.68,491,0,0,Loyal Regulars
16634,United Kingdom,222,6,1814.61,4,4,4,4.0,6,1321,19.94,465,1,0,Loyal Regulars
15736,United Kingdom,435,2,1815.72,5,2,4,3.6666666666666665,2,1268,17.63,0,1,2,Hibernating
15807,United Kingdom,50,5,1817.52,2,4,4,3.3333333333333335,5,1532,20.65,616,0,0,Loyal Regulars
16511,United Kingdom,21,6,1819.02,2,4,4,3.3333333333333335,6,787,5.68,627,0,0,Loyal Regulars
16110,United Kingdom,45,4,1819.27,2,4,4,3.3333333333333335,4,902,4.05,477,0,0,Loyal Regulars
17828,Malta,22,4,1820.09,2,4,4,3.3333333333333335,4,667,27.17,162,0,0,Loyal Regulars
17888,United Kingdom,21,25,1820.44,2,5,4,3.6666666666666665,25,1544,11.17,697,0,0,Loyal Regulars
13561,United Kingdom,215,11,1820.72,4,5,4,4.333333333333333,11,1136,7.81,434,1,0,Loyal Regulars
14738,United Kingdom,42,9,1821.9,2,5,4,3.6666666666666665,9,757,22.77,690,0,0,Loyal Regulars
16169,United Kingdom,8,4,1822.97,1,4,4,3.0,4,1325,21.45,67,0,0,Loyal Regulars
17642,United Kingdom,119,5,1824.49,3,4,4,3.6666666666666665,5,1475,16.89,615,1,0,Loyal Regulars
17244,United Kingdom,53,5,1826.04,2,4,4,3.3333333333333335,5,1419,15.22,680,0,0,Loyal Regulars
18122,United Kingdom,8,6,1826.21,1,4,4,3.0,6,1234,5.02,142,0,0,Loyal Regulars
16825,United Kingdom,38,5,1826.89,2,4,4,3.3333333333333335,5,1297,28.55,496,0,0,Loyal Regulars
16797,United Kingdom,393,5,1827.77,4,4,4,4.0,5,909,4.49,344,1,2,Hibernating
15339,United Kingdom,66,7,1827.84,3,4,4,3.6666666666666665,7,1143,8.16,603,0,0,Loyal Regulars
16152,United Kingdom,268,1,1829.04,4,1,4,3.0,1,642,63.07,0,1,2,Hibernating
15402,United Kingdom,148,6,1830.54,3,4,4,3.6666666666666665,6,2034,13.97,443,1,0,Loyal Regulars
16205,United Kingdom,30,7,1830.61,2,4,4,3.3333333333333335,7,1455,9.15,512,0,0,Loyal Regulars
16175,United Kingdom,94,7,1836.44,3,4,4,3.6666666666666665,7,932,18.74,469,1,0,Loyal Regulars
13924,United Kingdom,1,6,1838.85,1,4,4,3.0,6,1575,15.72,71,0,0,Loyal Regulars
14870,United Kingdom,261,6,1838.95,4,4,4,4.0,6,483,28.29,422,1,0,Loyal Regulars
15822,United Kingdom,3,6,1840.06,1,4,4,3.0,6,950,28.31,730,0,0,Loyal Regulars
17919,United Kingdom,88,2,1840.32,3,2,4,3.0,2,1452,46.01,350,0,0,Loyal Regulars
14715,United Kingdom,24,8,1840.45,2,4,4,3.3333333333333335,8,1034,13.34,665,0,0,Loyal Regulars
16880,United Kingdom,30,8,1840.86,2,4,4,3.3333333333333335,8,911,9.84,463,0,0,Loyal Regulars
14553,United Kingdom,19,9,1841.54,2,5,4,3.6666666666666665,9,1140,6.14,490,0,0,Loyal Regulars
16102,United Kingdom,42,3,1842.14,2,3,4,3.0,3,942,32.32,86,0,0,Loyal Regulars
17015,United Kingdom,28,3,1842.56,2,3,4,3.0,3,1981,8.49,157,0,0,Loyal Regulars
15201,United Kingdom,87,7,1842.95,3,4,4,3.6666666666666665,7,1660,18.43,524,0,0,Loyal Regulars
12950,United Kingdom,2,3,1843.0,1,3,4,2.6666666666666665,3,1380,80.13,22,0,0,Loyal Regulars
12694,France,70,3,1843.35,3,3,4,3.3333333333333335,3,1355,22.21,351,0,0,Loyal Regulars
18180,United Kingdom,4,6,1843.75,1,4,4,3.0,6,1721,15.49,138,0,0,Loyal Regulars
12507,Spain,134,4,1844.06,3,3,4,3.3333333333333335,4,1256,37.63,450,1,0,Loyal Regulars
12381,Norway,4,5,1845.31,1,4,4,3.0,5,808,21.21,115,0,0,Loyal Regulars
12383,Belgium,184,5,1850.56,3,4,4,3.6666666666666665,5,1532,18.69,168,1,0,Loyal Regulars
16043,United Kingdom,37,8,1856.59,2,4,4,3.3333333333333335,8,1011,25.43,444,0,0,Loyal Regulars
16917,United Kingdom,276,2,1857.83,4,2,4,3.3333333333333335,2,793,36.43,356,1,2,Hibernating
17974,United Kingdom,24,6,1858.06,2,4,4,3.3333333333333335,6,1243,4.61,383,0,0,Loyal Regulars
14305,United Kingdom,71,3,1858.96,3,3,4,3.3333333333333335,3,1089,17.7,64,0,0,Loyal Regulars
14887,United Kingdom,79,1,1862.0,3,1,4,2.6666666666666665,1,1100,310.33,0,0,0,Loyal Regulars
16474,United Kingdom,7,7,1871.5,1,4,4,3.0,7,943,5.2,138,0,0,Loyal Regulars
12494,France,15,9,1872.87,1,5,4,3.3333333333333335,9,988,16.87,561,0,0,Loyal Regulars
13168,United Kingdom,36,5,1875.31,2,4,4,3.3333333333333335,5,912,10.42,506,0,0,Loyal Regulars
13946,United Kingdom,79,6,1876.23,3,4,4,3.6666666666666665,6,2847,33.5,656,0,0,Loyal Regulars
15197,United Kingdom,10,6,1877.51,1,4,4,3.0,6,1058,31.82,718,0,0,Loyal Regulars
18151,United Kingdom,134,6,1879.44,3,4,4,3.6666666666666665,6,986,17.73,511,1,0,Loyal Regulars
16660,United Kingdom,16,7,1879.55,1,4,4,3.0,7,991,78.31,678,0,0,Loyal Regulars
14403,United Kingdom,130,6,1880.51,3,4,4,3.6666666666666665,6,737,75.22,509,1,0,Loyal Regulars
16725,United Kingdom,302,14,1882.11,4,5,4,4.333333333333333,14,784,4.8,424,1,2,Hibernating
14130,United Kingdom,319,4,1882.67,4,3,4,3.6666666666666665,4,1239,8.4,409,1,2,Hibernating
16172,United Kingdom,95,8,1884.55,3,4,4,3.6666666666666665,8,1419,16.68,418,1,0,Loyal Regulars
13884,United Kingdom,7,10,1888.48,1,5,4,3.3333333333333335,10,797,9.94,463,0,0,Loyal Regulars
14912,Italy,16,6,1889.25,1,4,4,3.0,6,1819,29.99,666,0,0,Loyal Regulars
17259,United Kingdom,148,6,1889.34,3,4,4,3.6666666666666665,6,1158,5.73,507,1,0,Loyal Regulars
17341,United Kingdom,156,5,1889.83,3,4,4,3.6666666666666665,5,1169,4.64,384,1,0,Loyal Regulars
15381,United Kingdom,213,5,1890.57,4,4,4,4.0,5,802,78.77,370,1,0,Loyal Regulars
16631,United Kingdom,481,7,1892.52,5,4,4,4.333333333333333,7,775,23.66,170,1,2,Hibernating
15678,United Kingdom,52,3,1893.89,2,3,4,3.0,3,1067,19.52,470,0,0,Loyal Regulars
15248,United Kingdom,411,3,1893.93,5,3,4,4.0,3,1065,17.87,123,1,2,Hibernating
17609,United Kingdom,40,11,1894.34,2,5,4,3.6666666666666665,11,1325,4.87,569,0,0,Loyal Regulars
14327,United Kingdom,163,6,1894.93,3,4,4,3.6666666666666665,6,1296,17.88,537,1,0,Loyal Regulars
17560,United Kingdom,94,8,1895.8,3,4,4,3.6666666666666665,8,1588,34.47,566,1,0,Loyal Regulars
14741,United Kingdom,11,7,1897.59,1,4,4,3.0,7,1120,22.32,406,0,0,Loyal Regulars
14224,United Kingdom,110,9,1897.9,3,5,4,4.0,9,863,7.97,434,1,0,Loyal Regulars
14389,United Kingdom,65,5,1898.01,3,4,4,3.6666666666666665,5,1388,21.82,525,0,0,Loyal Regulars
12762,Portugal,7,2,1898.52,1,3,4,2.6666666666666665,2,1227,27.51,18,0,0,Loyal Regulars
16049,United Kingdom,40,6,1899.68,2,4,4,3.3333333333333335,6,1165,3.79,476,0,0,Loyal Regulars
14127,United Kingdom,122,6,1900.08,3,4,4,3.6666666666666665,6,828,16.24,303,1,0,Loyal Regulars
14250,United Kingdom,7,3,1904.05,1,3,4,2.6666666666666665,3,1200,17.15,82,0,0,Loyal Regulars
17235,United Kingdom,25,8,1904.88,2,4,4,3.3333333333333335,8,971,19.24,528,0,0,Loyal Regulars
13503,United Kingdom,71,6,1905.39,3,4,4,3.6666666666666665,6,1118,9.62,590,0,0,Loyal Regulars
17350,United Kingdom,8,7,1906.04,1,4,4,3.0,7,1216,13.06,668,0,0,Loyal Regulars
17046,United Kingdom,157,5,1906.07,3,4,4,3.6666666666666665,5,1636,22.42,463,1,0,Loyal Regulars
12947,United Kingdom,143,6,1908.03,3,4,4,3.6666666666666665,6,1349,16.74,230,1,0,Loyal Regulars
16426,United Kingdom,2,10,1908.25,1,5,4,3.3333333333333335,10,1243,5.13,274,0,0,Loyal Regulars
16692,United Kingdom,256,4,1914.7,4,3,4,3.6666666666666665,4,878,382.94,185,1,0,Loyal Regulars
16555,United Kingdom,35,6,1915.68,2,4,4,3.3333333333333335,6,1816,29.03,470,0,0,Loyal Regulars
16650,United Kingdom,71,7,1916.11,3,4,4,3.6666666666666665,7,1511,19.55,448,0,0,Loyal Regulars
12842,United Kingdom,70,4,1917.99,3,3,4,3.3333333333333335,4,887,39.96,667,0,0,Loyal Regulars
12644,Germany,129,4,1918.49,3,3,4,3.3333333333333335,4,1032,17.28,565,1,0,Loyal Regulars
16942,United Kingdom,12,9,1920.59,1,5,4,3.3333333333333335,9,811,6.83,215,0,0,Loyal Regulars
18220,United Kingdom,226,6,1921.76,4,4,4,4.0,6,1352,76.87,498,1,0,Loyal Regulars
16681,United Kingdom,72,7,1921.84,3,4,4,3.6666666666666665,7,1492,39.22,569,0,0,Loyal Regulars
14492,United Kingdom,430,7,1921.91,5,4,4,4.333333333333333,7,751,20.89,189,1,2,Hibernating
14710,United Kingdom,14,13,1922.59,1,5,4,3.3333333333333335,13,1151,4.35,722,0,0,Loyal Regulars
13029,United Kingdom,30,5,1927.3,2,4,4,3.3333333333333335,5,194,113.37,493,0,0,Loyal Regulars
17236,United Kingdom,12,12,1929.26,1,5,4,3.3333333333333335,12,804,12.21,630,0,0,Loyal Regulars
15803,United Kingdom,51,4,1929.66,2,4,4,3.3333333333333335,4,1030,37.84,625,0,0,Loyal Regulars
16770,United Kingdom,57,9,1932.13,2,5,4,3.6666666666666665,9,1120,5.46,417,0,0,Loyal Regulars
16859,United Kingdom,144,7,1932.41,3,4,4,3.6666666666666665,7,1899,17.57,501,1,0,Loyal Regulars
12531,Germany,14,2,1933.2,1,3,4,2.6666666666666665,2,1119,15.22,672,0,0,Loyal Regulars
12528,Germany,9,6,1933.48,1,4,4,3.0,6,756,21.02,303,0,0,Loyal Regulars
15561,United Kingdom,11,8,1934.39,1,5,4,3.3333333333333335,8,1334,21.03,652,0,0,Loyal Regulars
15605,United Kingdom,36,9,1936.8,2,5,4,3.6666666666666665,9,712,17.45,658,0,0,Loyal Regulars
14418,United Kingdom,3,3,1937.25,1,3,4,2.6666666666666665,3,1711,15.62,105,0,0,Loyal Regulars
16619,United Kingdom,263,4,1938.33,4,3,4,3.6666666666666665,4,1055,16.71,392,1,2,Hibernating
12385,Belgium,379,1,1938.4,4,1,4,3.0,1,612,29.82,0,1,2,Hibernating
13276,United Kingdom,63,5,1939.26,3,4,4,3.6666666666666665,5,855,7.79,579,0,0,Loyal Regulars
15620,United Kingdom,56,4,1942.36,2,4,4,3.3333333333333335,4,1249,15.06,353,0,0,Loyal Regulars
14332,United Kingdom,22,5,1943.51,2,4,4,3.3333333333333335,5,893,30.85,394,0,0,Loyal Regulars
15425,United Kingdom,400,4,1944.57,4,3,4,3.6666666666666665,4,1042,13.5,263,1,2,Hibernating
14014,United Kingdom,77,3,1948.21,3,3,4,3.3333333333333335,3,2004,25.63,499,0,0,Loyal Regulars
16788,United Kingdom,123,5,1950.3,3,4,4,3.6666666666666665,5,985,3.94,547,1,0,Loyal Regulars
16993,United Kingdom,463,2,1950.95,5,2,4,3.6666666666666665,2,285,69.68,113,1,2,Hibernating
15885,United Kingdom,92,15,1951.82,3,5,4,4.0,15,622,16.97,595,1,0,Loyal Regulars
13761,United Kingdom,50,6,1952.17,2,4,4,3.3333333333333335,6,1079,16.0,606,0,0,Loyal Regulars
17554,United Kingdom,1,5,1952.45,1,4,4,3.0,5,1763,22.19,147,0,0,Loyal Regulars
14794,United Kingdom,2,10,1953.9,1,5,4,3.3333333333333335,10,783,18.79,485,0,0,Loyal Regulars
17135,United Kingdom,16,10,1954.16,1,5,4,3.3333333333333335,10,1922,12.21,563,0,0,Loyal Regulars
17039,United Kingdom,604,1,1954.99,5,2,4,3.6666666666666665,1,689,44.43,0,1,2,Hibernating
18016,United Kingdom,32,7,1960.46,2,4,4,3.3333333333333335,7,1209,11.53,649,0,0,Loyal Regulars
15789,United Kingdom,358,6,1962.01,4,4,4,4.0,6,2499,14.22,265,1,2,Hibernating
12399,Belgium,119,7,1962.3,3,4,4,3.6666666666666665,7,2198,17.84,525,1,0,Loyal Regulars
16233,United Kingdom,71,9,1965.71,3,5,4,4.0,9,689,26.21,666,0,0,Loyal Regulars
15081,United Kingdom,22,12,1965.72,2,5,4,3.6666666666666665,12,806,18.03,513,0,0,Loyal Regulars
13838,United Kingdom,5,10,1966.09,1,5,4,3.3333333333333335,10,794,4.17,574,0,0,Loyal Regulars
14477,United Kingdom,19,7,1969.6,2,4,4,3.3333333333333335,7,1120,140.69,685,0,0,Loyal Regulars
16032,United Kingdom,456,6,1970.45,5,4,4,4.333333333333333,6,1480,9.29,67,1,2,Hibernating
12674,France,38,4,1970.6,2,4,4,3.3333333333333335,4,1133,23.74,169,0,0,Loyal Regulars
17997,United Kingdom,74,8,1970.67,3,4,4,3.6666666666666665,8,2298,11.87,90,0,0,Loyal Regulars
14905,United Kingdom,157,8,1971.39,3,4,4,3.6666666666666665,8,1009,25.27,579,1,0,Loyal Regulars
17966,United Kingdom,37,10,1974.42,2,5,4,3.6666666666666665,10,3943,17.32,653,0,0,Loyal Regulars
15795,United Kingdom,149,8,1979.87,3,4,4,3.6666666666666665,8,1411,15.11,541,1,0,Loyal Regulars
15030,United Kingdom,71,8,1979.91,3,4,4,3.6666666666666665,8,1225,60.0,574,0,0,Loyal Regulars
17158,United Kingdom,32,5,1980.0,2,4,4,3.3333333333333335,5,1147,17.52,610,0,0,Loyal Regulars
12582,Finland,238,4,1980.4,4,3,4,3.6666666666666665,4,985,19.23,339,1,0,Loyal Regulars
13725,United Kingdom,49,8,1980.56,2,4,4,3.3333333333333335,8,806,19.04,259,0,0,Loyal Regulars
15192,United Kingdom,119,5,1981.39,3,4,4,3.6666666666666665,5,1644,18.69,560,1,0,Loyal Regulars
14967,United Kingdom,49,6,1982.61,2,4,4,3.3333333333333335,6,652,68.37,687,0,0,Loyal Regulars
17797,United Kingdom,22,8,1985.87,2,5,4,3.6666666666666665,8,1090,7.22,702,0,0,Loyal Regulars
17351,United Kingdom,36,12,1988.23,2,5,4,3.6666666666666665,12,383,28.81,693,0,0,Loyal Regulars
13208,United Kingdom,58,9,1988.5,2,5,4,3.6666666666666665,9,1345,7.83,678,0,0,Loyal Regulars
17088,United Kingdom,28,4,1991.01,2,4,4,3.3333333333333335,4,868,17.31,225,0,0,Loyal Regulars
13889,United Kingdom,92,6,1991.23,3,4,4,3.6666666666666665,6,979,23.99,594,1,0,Loyal Regulars
14301,United Kingdom,117,4,1992.18,3,3,4,3.3333333333333335,4,1686,37.59,549,1,0,Loyal Regulars
15481,Norway,401,1,1993.34,4,1,4,3.0,1,1450,52.46,0,1,2,Hibernating
18204,United Kingdom,71,3,1993.7,3,3,4,3.3333333333333335,3,1200,9.97,121,0,0,Loyal Regulars
14152,United Kingdom,75,7,1997.34,3,4,4,3.6666666666666665,7,1844,15.02,584,0,0,Loyal Regulars
14628,United Kingdom,91,5,1998.0,3,4,4,3.6666666666666665,5,1147,23.23,592,1,0,Loyal Regulars
16698,United Kingdom,226,2,1998.0,4,2,4,3.3333333333333335,2,840,399.6,27,1,0,Loyal Regulars
14730,United Kingdom,1,8,2005.06,1,5,4,3.3333333333333335,8,1132,4.0,275,0,0,Loyal Regulars
15531,United Kingdom,8,2,2007.44,1,3,4,2.6666666666666665,2,1105,8.8,22,0,0,Loyal Regulars
15990,United Kingdom,44,7,2010.05,2,4,4,3.3333333333333335,7,1090,11.17,605,0,0,Loyal Regulars
16332,United Kingdom,28,11,2010.41,2,5,4,3.6666666666666665,11,1132,10.1,561,0,0,Loyal Regulars
13693,United Kingdom,374,9,2011.82,4,5,4,4.333333333333333,9,880,18.98,358,1,2,Hibernating
16529,United Kingdom,190,4,2012.0,4,3,4,3.6666666666666665,4,751,15.6,340,1,0,Loyal Regulars
17152,United Kingdom,194,4,2016.5,4,3,4,3.6666666666666665,4,577,126.03,231,1,0,Loyal Regulars
16197,United Kingdom,469,9,2016.71,5,5,4,4.666666666666667,9,1420,21.69,254,1,2,Hibernating
12348,Finland,75,5,2019.4,3,4,4,3.6666666666666665,5,2714,39.6,363,0,0,Loyal Regulars
13696,United Kingdom,421,3,2020.4,5,3,4,4.0,3,552,84.18,245,1,2,Hibernating
12418,Switzerland,112,4,2021.2,3,3,4,3.3333333333333335,4,1088,19.82,518,1,0,Loyal Regulars
17227,United Kingdom,18,12,2022.03,1,5,4,3.3333333333333335,12,1774,16.18,675,0,0,Loyal Regulars
15478,United Kingdom,40,3,2024.98,2,3,4,3.0,3,904,28.52,535,0,0,Loyal Regulars
14631,United Kingdom,50,6,2025.69,2,4,4,3.3333333333333335,6,1407,22.26,437,0,0,Loyal Regulars
13989,United Kingdom,65,5,2026.06,3,4,4,3.6666666666666665,5,2207,23.56,498,0,0,Loyal Regulars
12873,United Kingdom,282,3,2027.3,4,3,4,3.6666666666666665,3,786,57.92,399,1,2,Hibernating
15384,United Kingdom,169,4,2027.79,3,3,4,3.3333333333333335,4,1767,17.18,423,1,0,Loyal Regulars
17337,United Kingdom,151,4,2027.87,3,3,4,3.3333333333333335,4,1269,3.73,159,1,0,Loyal Regulars
13630,United Kingdom,5,7,2031.78,1,4,4,3.0,7,1391,28.62,280,0,0,Loyal Regulars
17846,United Kingdom,85,1,2033.1,3,1,4,2.6666666666666665,1,1,2033.1,0,0,0,Loyal Regulars
14651,United Kingdom,67,9,2034.12,3,5,4,4.0,9,886,7.06,564,0,0,Loyal Regulars
13705,United Kingdom,7,7,2035.33,1,4,4,3.0,7,1009,24.23,617,0,0,Loyal Regulars
14225,United Kingdom,434,4,2037.02,5,3,4,4.0,4,1168,23.41,262,1,2,Hibernating
16331,United Kingdom,432,6,2037.7,5,4,4,4.333333333333333,6,756,59.93,210,1,2,Hibernating
16214,United Kingdom,170,4,2038.25,3,3,4,3.3333333333333335,4,1308,20.8,265,1,0,Loyal Regulars
15506,United Kingdom,22,6,2040.03,2,4,4,3.3333333333333335,6,1647,7.34,455,0,0,Loyal Regulars
12585,Germany,234,2,2040.1,4,2,4,3.3333333333333335,2,1279,23.45,117,1,0,Loyal Regulars
16960,United Kingdom,38,8,2043.43,2,4,4,3.3333333333333335,8,1515,4.35,609,0,0,Loyal Regulars
15473,United Kingdom,14,8,2046.0,1,5,4,3.3333333333333335,8,776,146.14,430,0,0,Loyal Regulars
14000,United Kingdom,211,5,2046.34,4,4,4,4.0,5,1838,41.76,526,1,0,Loyal Regulars
13663,United Kingdom,179,5,2047.51,3,4,4,3.6666666666666665,5,893,20.68,467,1,0,Loyal Regulars
17666,United Kingdom,3,5,2047.8,1,4,4,3.0,5,1552,46.54,524,0,0,Loyal Regulars
14232,United Kingdom,42,5,2048.07,2,4,4,3.3333333333333335,5,1941,17.81,222,0,0,Loyal Regulars
16027,United Kingdom,91,15,2048.36,3,5,4,4.0,15,2099,58.52,609,1,0,Loyal Regulars
13984,United Kingdom,26,12,2048.6,2,5,4,3.6666666666666665,12,1421,22.03,706,0,0,Loyal Regulars
13874,United Kingdom,358,7,2049.15,4,4,4,4.0,7,864,29.7,315,1,2,Hibernating
17086,United Kingdom,7,6,2050.08,1,4,4,3.0,6,1859,21.35,56,0,0,Loyal Regulars
16176,United Kingdom,421,4,2052.69,5,3,4,4.0,4,952,28.51,199,1,2,Hibernating
16235,United Kingdom,40,9,2053.71,2,5,4,3.6666666666666665,9,788,17.86,430,0,0,Loyal Regulars
14188,United Kingdom,30,6,2054.36,2,4,4,3.3333333333333335,6,1162,31.61,280,0,0,Loyal Regulars
15253,United Kingdom,16,8,2055.09,1,5,4,3.3333333333333335,8,1588,17.72,570,0,0,Loyal Regulars
16891,United Kingdom,1,11,2056.82,1,5,4,3.3333333333333335,11,774,3.99,734,0,0,Loyal Regulars
12518,Germany,0,5,2056.89,1,4,4,3.0,5,1318,16.59,110,0,0,Loyal Regulars
17633,United Kingdom,31,7,2057.39,2,4,4,3.3333333333333335,7,899,20.37,358,0,0,Loyal Regulars
14623,United Kingdom,32,10,2059.58,2,5,4,3.6666666666666665,10,1059,7.05,570,0,0,Loyal Regulars
18258,United Kingdom,464,6,2059.67,5,4,4,4.333333333333333,6,1981,41.19,108,1,2,Hibernating
13476,United Kingdom,178,5,2061.47,3,4,4,3.6666666666666665,5,713,19.45,466,1,0,Loyal Regulars
12586,Italy,17,4,2062.67,1,4,4,3.0,4,687,21.94,706,0,0,Loyal Regulars
14988,United Kingdom,211,7,2066.6,4,4,4,4.0,7,1276,8.47,391,1,0,Loyal Regulars
15164,United Kingdom,68,9,2068.92,3,5,4,4.0,9,931,5.73,622,0,0,Loyal Regulars
16290,United Kingdom,464,4,2069.3,5,3,4,4.0,4,1001,15.8,101,1,2,Hibernating
17126,United Kingdom,152,9,2070.44,3,5,4,4.0,9,1468,4.36,313,1,0,Loyal Regulars
17048,United Kingdom,117,7,2071.68,3,4,4,3.6666666666666665,7,1068,20.51,573,1,0,Loyal Regulars
18026,United Kingdom,500,2,2074.07,5,2,4,3.6666666666666665,2,530,122.0,5,1,2,Hibernating
17289,United Kingdom,31,9,2079.39,2,5,4,3.6666666666666665,9,1260,7.45,610,0,0,Loyal Regulars
17705,United Kingdom,3,11,2083.9,1,5,4,3.3333333333333335,11,1301,17.37,573,0,0,Loyal Regulars
15272,United Kingdom,57,6,2085.48,2,4,4,3.3333333333333335,6,687,6.79,606,0,0,Loyal Regulars
15151,United Kingdom,423,2,2085.61,5,2,4,3.6666666666666665,2,795,36.59,86,1,2,Hibernating
16726,United Kingdom,26,7,2088.41,2,4,4,3.3333333333333335,7,1356,7.73,385,0,0,Loyal Regulars
16794,United Kingdom,1,15,2090.91,1,5,4,3.3333333333333335,15,1602,4.04,623,0,0,Loyal Regulars
14896,United Kingdom,204,8,2092.42,4,4,4,4.0,8,1117,7.29,529,1,0,Loyal Regulars
14723,United Kingdom,10,11,2093.06,1,5,4,3.3333333333333335,11,1308,4.35,725,0,0,Loyal Regulars
17585,United Kingdom,109,7,2093.3,3,4,4,3.6666666666666665,7,2539,5.27,369,1,0,Loyal Regulars
13591,United Kingdom,64,7,2093.94,3,4,4,3.6666666666666665,7,850,20.73,661,0,0,Loyal Regulars
13753,United Kingdom,287,4,2094.57,4,3,4,3.6666666666666665,4,1450,26.18,449,1,2,Hibernating
17742,United Kingdom,113,11,2098.48,3,5,4,4.0,11,653,24.69,625,1,0,Loyal Regulars
12610,Italy,22,5,2099.54,2,4,4,3.3333333333333335,5,1049,19.81,104,0,0,Loyal Regulars
17159,United Kingdom,21,5,2099.59,2,4,4,3.3333333333333335,5,1348,16.15,624,0,0,Loyal Regulars
16510,United Kingdom,372,6,2100.0,4,4,4,4.0,6,1076,16.03,319,1,2,Hibernating
12975,United Kingdom,436,6,2100.09,5,4,4,4.333333333333333,6,911,18.75,297,1,2,Hibernating
15815,United Kingdom,63,5,2100.6,3,4,4,3.6666666666666665,5,1856,42.87,196,0,0,Loyal Regulars
14276,United Kingdom,98,7,2102.68,3,4,4,3.6666666666666665,7,1406,17.38,562,1,0,Loyal Regulars
15252,United Kingdom,36,5,2103.41,2,4,4,3.3333333333333335,5,1430,17.83,575,0,0,Loyal Regulars
13265,United Kingdom,53,5,2107.66,2,4,4,3.3333333333333335,5,1752,23.16,220,0,0,Loyal Regulars
12997,United Kingdom,22,8,2110.91,2,4,4,3.3333333333333335,8,1186,19.73,590,0,0,Loyal Regulars
16934,United Kingdom,54,6,2110.99,2,4,4,3.3333333333333335,6,939,14.76,567,0,0,Loyal Regulars
16054,United Kingdom,145,4,2111.88,3,3,4,3.3333333333333335,4,791,17.31,472,1,0,Loyal Regulars
16201,United Kingdom,3,5,2112.12,1,4,4,3.0,5,1421,17.03,412,0,0,Loyal Regulars
14469,United Kingdom,416,4,2112.21,5,3,4,4.0,4,980,14.37,263,1,2,Hibernating
14399,United Kingdom,394,8,2113.16,4,4,4,4.0,8,968,10.95,280,1,2,Hibernating
14691,United Kingdom,30,5,2114.33,2,4,4,3.3333333333333335,5,707,29.78,182,0,0,Loyal Regulars
15456,United Kingdom,283,10,2119.27,4,5,4,4.333333333333333,10,2826,9.21,448,1,2,Hibernating
14396,United Kingdom,65,7,2121.93,3,4,4,3.6666666666666665,7,1022,7.29,672,0,0,Loyal Regulars
16996,United Kingdom,30,9,2123.61,2,5,4,3.6666666666666665,9,919,28.31,387,0,0,Loyal Regulars
16807,United Kingdom,142,6,2123.88,3,4,4,3.6666666666666665,6,1433,14.96,481,1,0,Loyal Regulars
14634,United Kingdom,437,4,2124.46,5,3,4,4.0,4,1906,19.49,104,1,2,Hibernating
14360,United Kingdom,31,4,2128.23,2,4,4,3.3333333333333335,4,1151,18.04,63,0,0,Loyal Regulars
13517,United Kingdom,59,3,2128.42,3,3,4,3.3333333333333335,3,1369,15.1,120,0,0,Loyal Regulars
16493,United Kingdom,79,7,2132.09,3,4,4,3.6666666666666665,7,1988,19.21,544,0,0,Loyal Regulars
12560,Germany,5,3,2134.01,1,3,4,2.6666666666666665,3,1110,20.32,138,0,0,Loyal Regulars
17305,United Kingdom,648,1,2135.46,5,2,4,3.6666666666666665,1,1006,237.27,0,1,2,Hibernating
17029,United Kingdom,110,7,2137.3,3,4,4,3.6666666666666665,7,1265,73.7,553,1,0,Loyal Regulars
12687,Sweden,480,2,2138.91,5,2,4,3.6666666666666665,2,1403,16.98,0,1,2,Hibernating
14499,United Kingdom,26,7,2138.97,2,4,4,3.3333333333333335,7,1250,6.71,443,0,0,Loyal Regulars
13092,United Kingdom,70,12,2140.28,3,5,4,4.0,12,664,20.38,597,0,0,Loyal Regulars
12576,Poland,35,8,2142.72,2,4,4,3.3333333333333335,8,1494,15.09,491,0,0,Loyal Regulars
16134,United Kingdom,21,5,2145.34,2,4,4,3.3333333333333335,5,1637,18.49,519,0,0,Loyal Regulars
13152,United Kingdom,417,7,2146.38,5,4,4,4.333333333333333,7,977,15.9,277,1,2,Hibernating
16004,United Kingdom,474,5,2146.39,5,4,4,4.333333333333333,5,1076,23.85,209,1,2,Hibernating
17272,United Kingdom,42,4,2148.63,2,4,4,3.3333333333333335,4,1778,18.85,220,0,0,Loyal Regulars
16716,United Kingdom,266,3,2149.68,4,3,4,3.6666666666666665,3,912,268.71,364,1,2,Hibernating
14216,United Kingdom,3,5,2150.04,1,4,4,3.0,5,712,27.92,411,0,0,Loyal Regulars
18239,United Kingdom,218,6,2150.36,4,4,4,4.0,6,1052,17.2,204,1,0,Loyal Regulars
16275,United Kingdom,196,3,2151.11,4,3,4,3.6666666666666665,3,1268,19.38,445,1,0,Loyal Regulars
16600,United Kingdom,4,13,2153.41,1,5,4,3.3333333333333335,13,2420,15.06,717,0,0,Loyal Regulars
18116,United Kingdom,67,13,2154.3,3,5,4,4.0,13,1281,3.75,344,0,0,Loyal Regulars
16966,United Kingdom,8,7,2154.97,1,4,4,3.0,7,1981,76.96,232,0,0,Loyal Regulars
18009,United Kingdom,235,8,2155.83,4,4,4,4.0,8,653,11.91,417,1,0,Loyal Regulars
13224,United Kingdom,60,2,2155.95,3,2,4,3.0,2,1518,19.96,91,0,0,Loyal Regulars
13643,United Kingdom,31,10,2156.77,2,5,4,3.6666666666666665,10,902,21.14,700,0,0,Loyal Regulars
16379,United Kingdom,4,4,2157.4,1,4,4,3.0,4,1410,19.98,74,0,0,Loyal Regulars
14407,United Kingdom,107,6,2157.73,3,4,4,3.6666666666666665,6,1415,29.56,169,1,0,Loyal Regulars
13755,United Kingdom,3,9,2161.35,1,5,4,3.3333333333333335,9,1264,6.32,60,0,0,Loyal Regulars
15944,United Kingdom,276,4,2164.24,4,3,4,3.6666666666666665,4,859,56.95,450,1,2,Hibernating
14595,United Kingdom,19,8,2164.45,2,5,4,3.6666666666666665,8,1228,15.92,669,0,0,Loyal Regulars
13888,United Kingdom,119,7,2169.05,3,4,4,3.6666666666666665,7,903,11.79,456,1,0,Loyal Regulars
12501,Germany,336,1,2169.39,4,1,4,3.0,1,1783,14.56,0,1,2,Hibernating
15649,United Kingdom,336,4,2170.35,4,3,4,3.6666666666666665,4,485,180.86,51,1,2,Hibernating
13610,United Kingdom,12,14,2175.88,1,5,4,3.3333333333333335,14,909,5.23,691,0,0,Loyal Regulars
12856,United Kingdom,7,6,2179.93,1,4,4,3.0,6,1079,6.94,56,0,0,Loyal Regulars
15864,United Kingdom,22,7,2180.76,2,4,4,3.3333333333333335,7,1486,94.82,359,0,0,Loyal Regulars
17822,United Kingdom,420,5,2188.5,5,4,4,4.333333333333333,5,1389,12.43,140,1,2,Hibernating
14212,United Kingdom,89,2,2190.14,3,2,4,3.0,2,2046,104.29,356,0,0,Loyal Regulars
15934,United Kingdom,417,2,2190.66,5,2,4,3.6666666666666665,2,2166,75.54,12,1,2,Hibernating
16317,United Kingdom,119,5,2192.51,3,4,4,3.6666666666666665,5,1236,18.74,465,1,0,Loyal Regulars
14006,United Kingdom,115,7,2196.67,3,4,4,3.6666666666666665,7,2181,28.53,537,1,0,Loyal Regulars
14597,United Kingdom,11,6,2201.54,1,4,4,3.0,6,1447,21.37,426,0,0,Loyal Regulars
13410,United Kingdom,24,9,2201.96,2,5,4,3.6666666666666665,9,1244,44.04,707,0,0,Loyal Regulars
14834,United Kingdom,17,7,2206.16,1,4,4,3.0,7,872,25.36,390,0,0,Loyal Regulars
15476,United Kingdom,380,4,2209.98,4,3,4,3.6666666666666665,4,1174,27.97,62,1,2,Hibernating
14708,United Kingdom,2,5,2212.28,1,4,4,3.0,5,1509,41.74,453,0,0,Loyal Regulars
13478,United Kingdom,469,5,2215.78,5,4,4,4.333333333333333,5,1189,17.73,208,1,2,Hibernating
17648,United Kingdom,60,5,2216.37,3,4,4,3.6666666666666665,5,954,17.73,325,0,0,Loyal Regulars
18177,United Kingdom,31,9,2216.87,2,5,4,3.6666666666666665,9,1239,22.17,693,0,0,Loyal Regulars
14321,United Kingdom,10,7,2218.06,1,4,4,3.0,7,3275,12.39,463,0,0,Loyal Regulars
15550,United Kingdom,4,12,2218.8,1,5,4,3.3333333333333335,12,1144,9.24,732,0,0,Loyal Regulars
14467,United Kingdom,17,12,2220.99,1,5,4,3.3333333333333335,12,1196,7.21,720,0,0,Loyal Regulars
13365,United Kingdom,33,2,2225.37,2,3,4,3.0,2,1247,17.39,184,0,0,Loyal Regulars
12783,Portugal,2,6,2225.91,1,4,4,3.0,6,624,26.5,73,0,0,Loyal Regulars
13320,United Kingdom,78,6,2228.1,3,4,4,3.6666666666666665,6,1519,14.85,400,0,0,Loyal Regulars
14472,United Kingdom,103,9,2228.22,3,5,4,4.0,9,1305,6.69,586,1,0,Loyal Regulars
17460,United Kingdom,94,16,2228.27,3,5,4,4.0,16,980,16.03,592,1,0,Loyal Regulars
14177,United Kingdom,86,13,2229.34,3,5,4,4.0,13,1048,10.62,565,0,0,Loyal Regulars
16076,United Kingdom,3,10,2234.73,1,5,4,3.3333333333333335,10,1435,17.32,205,0,0,Loyal Regulars
16221,United Kingdom,36,9,2235.51,2,5,4,3.6666666666666665,9,1515,8.53,450,0,0,Loyal Regulars
16108,United Kingdom,84,4,2235.92,3,3,4,3.3333333333333335,4,1473,16.56,547,0,0,Loyal Regulars
16551,United Kingdom,95,7,2237.12,3,4,4,3.6666666666666665,7,2076,25.42,631,1,0,Loyal Regulars
15629,United Kingdom,450,4,2240.9,5,3,4,4.0,4,1518,29.1,82,1,2,Hibernating
17075,United Kingdom,17,10,2241.73,1,5,4,3.3333333333333335,10,787,11.21,708,0,0,Loyal Regulars
13407,United Kingdom,578,3,2244.7,5,3,4,4.0,3,1690,26.41,83,1,2,Hibernating
13627,United Kingdom,59,7,2245.9,3,4,4,3.6666666666666665,7,1632,17.41,581,0,0,Loyal Regulars
16174,United Kingdom,126,7,2246.75,3,4,4,3.6666666666666665,7,1431,34.57,477,1,0,Loyal Regulars
12868,United Kingdom,185,8,2247.06,3,4,4,3.6666666666666665,8,1282,15.39,207,1,0,Loyal Regulars
16177,United Kingdom,50,8,2247.31,2,4,4,3.3333333333333335,8,1021,19.05,597,0,0,Loyal Regulars
18215,United Kingdom,89,5,2247.49,3,4,4,3.6666666666666665,5,1143,24.97,534,0,0,Loyal Regulars
14644,United Kingdom,67,7,2247.72,3,4,4,3.6666666666666665,7,770,36.25,669,0,0,Loyal Regulars
15865,United Kingdom,40,5,2248.92,2,4,4,3.3333333333333335,5,1147,17.71,663,0,0,Loyal Regulars
17414,United Kingdom,43,6,2249.52,2,4,4,3.3333333333333335,6,6256,107.12,693,0,0,Loyal Regulars
13662,United Kingdom,85,11,2250.11,3,5,4,4.0,11,1179,16.42,573,0,0,Loyal Regulars
16350,United Kingdom,21,9,2253.89,2,5,4,3.6666666666666665,9,1077,18.47,407,0,0,Loyal Regulars
14432,United Kingdom,9,6,2255.51,1,4,4,3.0,6,2070,5.9,80,0,0,Loyal Regulars
17180,United Kingdom,56,11,2256.98,2,5,4,3.6666666666666665,11,1828,5.53,631,0,0,Loyal Regulars
13814,Germany,92,3,2257.32,3,3,4,3.3333333333333335,3,1214,28.57,435,1,0,Loyal Regulars
16823,United Kingdom,227,7,2260.09,4,4,4,4.0,7,1168,12.91,510,1,0,Loyal Regulars
15734,United Kingdom,114,4,2263.3,3,3,4,3.3333333333333335,4,516,52.63,433,1,0,Loyal Regulars
16042,United Kingdom,22,8,2265.12,2,5,4,3.6666666666666665,8,1442,17.42,431,0,0,Loyal Regulars
15638,United Kingdom,378,6,2265.2,4,4,4,4.0,6,1134,90.61,232,1,2,Hibernating
13748,United Kingdom,95,9,2268.35,3,5,4,4.0,9,1108,38.45,643,1,0,Loyal Regulars
14462,United Kingdom,66,12,2270.01,3,5,4,4.0,12,1072,7.85,366,0,0,Loyal Regulars
13655,United Kingdom,114,6,2280.51,3,4,4,3.6666666666666665,6,1225,19.16,477,1,0,Loyal Regulars
18051,United Kingdom,634,7,2282.28,5,4,4,4.333333333333333,7,1661,41.5,96,1,2,Hibernating
12684,France,7,7,2283.63,1,4,4,3.0,7,1985,21.75,206,0,0,Loyal Regulars
17018,United Kingdom,40,6,2287.7,2,4,4,3.3333333333333335,6,456,61.83,694,0,0,Loyal Regulars
17047,United Kingdom,85,6,2289.23,3,4,4,3.6666666666666665,6,1184,16.12,646,0,0,Loyal Regulars
14901,United Kingdom,11,12,2289.65,1,5,4,3.3333333333333335,12,1053,13.71,487,0,0,Loyal Regulars
12649,Germany,107,8,2294.65,3,4,4,3.6666666666666665,8,1959,19.45,589,1,0,Loyal Regulars
16485,United Kingdom,77,5,2294.68,3,4,4,3.6666666666666665,5,1154,15.83,656,0,0,Loyal Regulars
12599,France,29,13,2296.72,2,5,4,3.6666666666666665,13,2189,17.27,548,0,0,Loyal Regulars
13371,United Kingdom,505,2,2297.66,5,2,4,3.6666666666666665,2,1019,24.97,127,1,2,Hibernating
16531,United Kingdom,22,11,2298.33,2,5,4,3.6666666666666665,11,1863,16.65,419,0,0,Loyal Regulars
16077,United Kingdom,625,1,2300.4,5,2,4,3.6666666666666665,1,840,287.55,0,1,2,Hibernating
17324,United Kingdom,17,12,2301.87,1,5,4,3.3333333333333335,12,1537,15.14,704,0,0,Loyal Regulars
18095,United Kingdom,312,5,2303.09,4,4,4,4.0,5,1623,47.98,287,1,2,Hibernating
13059,United Kingdom,249,10,2303.17,4,5,4,4.333333333333333,10,864,11.4,369,1,0,Loyal Regulars
15946,United Kingdom,502,3,2304.18,5,3,4,4.0,3,1614,88.62,131,1,2,Hibernating
13704,United Kingdom,5,9,2308.06,1,5,4,3.3333333333333335,9,1531,17.22,83,0,0,Loyal Regulars
17193,United Kingdom,35,9,2310.04,2,5,4,3.6666666666666665,9,1668,52.5,702,0,0,Loyal Regulars
14481,United Kingdom,164,5,2311.49,3,4,4,3.6666666666666665,5,1584,15.21,513,1,0,Loyal Regulars
13994,United Kingdom,3,6,2313.14,1,4,4,3.0,6,940,14.92,145,0,0,Loyal Regulars
17994,United Kingdom,121,11,2313.32,3,5,4,4.0,11,2194,7.37,499,1,0,Loyal Regulars
14555,United Kingdom,57,6,2315.63,2,4,4,3.3333333333333335,6,850,19.46,664,0,0,Loyal Regulars
14346,United Kingdom,120,5,2315.75,3,4,4,3.6666666666666665,5,1878,15.86,377,1,0,Loyal Regulars
12948,United Kingdom,16,9,2317.43,1,5,4,3.3333333333333335,9,1304,18.54,721,0,0,Loyal Regulars
12724,France,5,7,2317.52,1,4,4,3.0,7,1379,17.97,530,0,0,Loyal Regulars
16628,United Kingdom,29,7,2318.1,2,4,4,3.3333333333333335,7,1260,18.54,612,0,0,Loyal Regulars
13055,United Kingdom,78,4,2321.11,3,3,4,3.3333333333333335,4,1821,15.07,351,0,0,Loyal Regulars
13091,United Kingdom,28,3,2321.82,2,3,4,3.0,3,1339,51.6,701,0,0,Loyal Regulars
14938,Channel Islands,562,2,2322.43,5,2,4,3.6666666666666665,2,1369,32.71,0,1,2,Hibernating
17113,United Kingdom,574,6,2322.59,5,4,4,4.333333333333333,6,915,14.61,123,1,2,Hibernating
13280,United Kingdom,122,7,2322.63,3,4,4,3.6666666666666665,7,1495,11.06,522,1,0,Loyal Regulars
12423,Belgium,0,9,2323.59,1,5,4,3.3333333333333335,9,1711,15.29,387,0,0,Loyal Regulars
12423,Belgium,0,9,2323.59,1,5,4,3.3333333333333335,1,82,22.98,0,0,0,Loyal Regulars
17313,United Kingdom,31,1,2328.84,2,1,4,2.3333333333333335,1,1402,97.04,0,0,0,Loyal Regulars
16496,United Kingdom,8,6,2330.77,1,4,4,3.0,6,1764,16.89,501,0,0,Loyal Regulars
12584,Italy,3,9,2338.15,1,5,4,3.3333333333333335,9,416,24.36,277,0,0,Loyal Regulars
17282,United Kingdom,130,5,2339.66,3,4,4,3.6666666666666665,5,2351,10.78,418,1,0,Loyal Regulars
12704,Finland,7,8,2340.84,1,5,4,3.3333333333333335,8,1006,26.6,162,0,0,Loyal Regulars
16085,United Kingdom,23,12,2343.53,2,5,4,3.6666666666666665,12,1384,6.23,665,0,0,Loyal Regulars
15549,United Kingdom,77,8,2345.96,3,4,4,3.6666666666666665,8,940,14.48,620,0,0,Loyal Regulars
16083,United Kingdom,100,4,2351.42,3,3,4,3.3333333333333335,4,1514,33.12,288,1,0,Loyal Regulars
13614,United Kingdom,24,6,2359.19,2,4,4,3.3333333333333335,6,828,8.71,527,0,0,Loyal Regulars
16676,United Kingdom,33,6,2361.9,2,4,4,3.3333333333333335,6,927,17.76,385,0,0,Loyal Regulars
17634,United Kingdom,36,9,2361.97,2,5,4,3.6666666666666665,9,840,7.95,301,0,0,Loyal Regulars
14295,United Kingdom,40,5,2362.91,2,4,4,3.3333333333333335,5,1029,32.82,691,0,0,Loyal Regulars
15015,United Kingdom,501,13,2365.02,5,5,4,4.666666666666667,13,1593,7.99,224,1,2,Hibernating
13908,United Kingdom,79,4,2369.55,3,3,4,3.3333333333333335,4,1478,19.42,197,0,0,Loyal Regulars
17969,United Kingdom,166,20,2369.94,3,5,4,4.0,20,1017,11.45,567,1,0,Loyal Regulars
17434,United Kingdom,2,7,2373.82,1,4,4,3.0,7,1693,17.72,83,0,0,Loyal Regulars
14554,United Kingdom,10,4,2381.04,1,4,4,3.0,4,1478,11.02,42,0,0,Loyal Regulars
16065,United Kingdom,365,8,2382.62,4,4,4,4.0,8,1447,5.5,98,1,2,Hibernating
17905,United Kingdom,71,13,2383.52,3,5,4,4.0,13,1373,13.94,609,0,0,Loyal Regulars
17623,United Kingdom,32,7,2383.67,2,4,4,3.3333333333333335,7,801,12.16,693,0,0,Loyal Regulars
16105,United Kingdom,248,5,2386.19,4,4,4,4.0,5,2125,21.69,356,1,0,Loyal Regulars
14443,United Kingdom,53,5,2386.47,2,4,4,3.3333333333333335,5,1520,15.6,326,0,0,Loyal Regulars
17827,United Kingdom,5,6,2388.05,1,4,4,3.0,6,1592,8.29,616,0,0,Loyal Regulars
15366,United Kingdom,75,7,2389.08,3,4,4,3.6666666666666665,7,2447,17.31,576,0,0,Loyal Regulars
16812,United Kingdom,360,4,2392.0,4,3,4,3.6666666666666665,4,1116,20.8,22,1,2,Hibernating
16883,United Kingdom,187,19,2396.59,3,5,4,4.0,19,1080,8.32,548,1,0,Loyal Regulars
16147,United Kingdom,133,5,2398.91,3,4,4,3.6666666666666665,5,1395,17.64,539,1,0,Loyal Regulars
14414,United Kingdom,91,8,2399.33,3,4,4,3.6666666666666665,8,2877,20.33,283,1,0,Loyal Regulars
12393,Australia,72,6,2399.45,3,4,4,3.6666666666666665,6,1311,22.42,356,0,0,Loyal Regulars
15793,United Kingdom,14,8,2399.57,1,5,4,3.3333333333333335,8,1685,79.99,724,0,0,Loyal Regulars
15341,United Kingdom,80,2,2402.72,3,2,4,3.0,2,1008,100.11,369,0,0,Loyal Regulars
17671,United Kingdom,15,5,2403.34,1,4,4,3.0,5,1177,26.12,360,0,0,Loyal Regulars
16833,United Kingdom,1,6,2409.04,1,4,4,3.0,6,878,26.19,622,0,0,Loyal Regulars
12397,Belgium,35,2,2409.9,2,3,4,3.0,2,1263,19.13,100,0,0,Loyal Regulars
14205,United Kingdom,16,9,2414.2,1,5,4,3.3333333333333335,9,1342,19.63,626,0,0,Loyal Regulars
13118,United Kingdom,19,9,2415.41,2,5,4,3.6666666666666665,9,834,16.32,420,0,0,Loyal Regulars
12802,Netherlands,186,7,2416.42,3,4,4,3.6666666666666665,7,1972,17.51,377,1,0,Loyal Regulars
16040,United Kingdom,65,7,2416.9,3,4,4,3.6666666666666665,7,1185,19.34,544,0,0,Loyal Regulars
15489,United Kingdom,22,8,2419.61,2,4,4,3.3333333333333335,8,1264,21.22,671,0,0,Loyal Regulars
15089,United Kingdom,10,6,2420.84,1,4,4,3.0,6,1359,16.7,118,0,0,Loyal Regulars
15215,United Kingdom,46,7,2422.43,2,4,4,3.3333333333333335,7,776,21.44,566,0,0,Loyal Regulars
15658,United Kingdom,190,8,2423.47,4,4,4,4.0,8,691,20.89,546,1,0,Loyal Regulars
17921,United Kingdom,64,10,2423.5,3,5,4,4.0,10,1002,6.59,448,0,0,Loyal Regulars
12422,Switzerland,168,9,2423.7,3,5,4,4.0,8,1329,47.59,626,1,0,Loyal Regulars
12422,Switzerland,168,9,2423.7,3,5,4,4.0,9,1267,21.45,400,1,0,Loyal Regulars
12733,USA,234,4,2424.87,4,3,4,3.6666666666666665,4,896,15.45,455,1,0,Loyal Regulars
17004,United Kingdom,46,4,2425.16,2,4,4,3.3333333333333335,4,1281,34.65,378,0,0,Loyal Regulars
13949,United Kingdom,2,6,2427.32,1,4,4,3.0,6,2474,15.17,92,0,0,Loyal Regulars
15077,United Kingdom,494,2,2428.08,5,2,4,3.6666666666666665,2,528,75.88,236,1,2,Hibernating
16638,United Kingdom,22,15,2430.53,2,5,4,3.6666666666666665,15,1651,17.36,456,0,0,Loyal Regulars
13094,United Kingdom,21,13,2433.12,2,5,4,3.6666666666666665,13,2088,76.03,368,0,0,Loyal Regulars
13085,United Kingdom,157,8,2433.28,3,4,4,3.6666666666666665,8,944,28.97,581,1,0,Loyal Regulars
17505,United Kingdom,161,5,2435.48,3,4,4,3.6666666666666665,5,1242,23.88,444,1,0,Loyal Regulars
16005,United Kingdom,12,10,2436.22,1,5,4,3.3333333333333335,10,1310,4.74,438,0,0,Loyal Regulars
15623,United Kingdom,141,8,2437.05,3,4,4,3.6666666666666665,8,1087,22.57,588,1,0,Loyal Regulars
18171,United Kingdom,58,9,2437.31,2,5,4,3.6666666666666665,9,991,26.49,645,0,0,Loyal Regulars
13338,United Kingdom,157,4,2445.62,3,3,4,3.3333333333333335,4,1151,19.11,546,1,0,Loyal Regulars
12701,Germany,79,6,2446.41,3,4,4,3.6666666666666665,6,1727,16.64,554,0,0,Loyal Regulars
17894,United Kingdom,71,18,2453.38,3,5,4,4.0,18,1020,5.81,398,0,0,Loyal Regulars
17629,United Kingdom,5,10,2455.52,1,5,4,3.3333333333333335,10,1903,15.74,416,0,0,Loyal Regulars
16470,United Kingdom,51,11,2458.6,2,5,4,3.6666666666666665,11,1357,5.09,677,0,0,Loyal Regulars
17131,United Kingdom,5,5,2463.17,1,4,4,3.0,5,983,18.38,70,0,0,Loyal Regulars
15221,United Kingdom,366,4,2465.45,4,3,4,3.6666666666666665,4,287,72.51,271,1,2,Hibernating
17164,United Kingdom,32,7,2467.35,2,4,4,3.3333333333333335,7,1501,17.13,241,0,0,Loyal Regulars
14421,United Kingdom,57,6,2469.37,2,4,4,3.3333333333333335,6,1342,25.72,634,0,0,Loyal Regulars
12924,United Kingdom,88,12,2469.4,3,5,4,4.0,12,1423,33.37,642,0,0,Loyal Regulars
17732,United Kingdom,372,8,2470.39,4,4,4,4.0,8,1151,17.65,115,1,2,Hibernating
14502,United Kingdom,19,11,2470.67,2,5,4,3.6666666666666665,11,1498,3.96,294,0,0,Loyal Regulars
13762,United Kingdom,218,5,2472.48,4,4,4,4.0,5,2608,70.64,480,1,0,Loyal Regulars
13878,United Kingdom,54,4,2473.06,2,4,4,3.3333333333333335,4,959,23.11,550,0,0,Loyal Regulars
14256,United Kingdom,260,5,2473.99,4,4,4,4.0,5,1171,18.46,434,1,0,Loyal Regulars
13134,United Kingdom,85,6,2475.23,3,4,4,3.6666666666666665,6,1364,20.46,331,0,0,Loyal Regulars
17348,United Kingdom,14,9,2476.41,1,5,4,3.3333333333333335,9,2793,5.37,625,0,0,Loyal Regulars
13588,United Kingdom,15,9,2478.95,1,5,4,3.3333333333333335,9,2606,14.25,240,0,0,Loyal Regulars
13507,United Kingdom,3,4,2479.16,1,4,4,3.0,4,1597,15.3,142,0,0,Loyal Regulars
16520,United Kingdom,186,6,2482.62,3,4,4,3.6666666666666665,6,1266,5.98,461,1,0,Loyal Regulars
14449,United Kingdom,18,8,2482.8,1,5,4,3.3333333333333335,8,1778,4.55,418,0,0,Loyal Regulars
15117,United Kingdom,14,8,2485.97,1,5,4,3.3333333333333335,8,3093,18.98,620,0,0,Loyal Regulars
15227,United Kingdom,36,9,2488.49,2,5,4,3.6666666666666665,9,1217,20.74,597,0,0,Loyal Regulars
16795,United Kingdom,365,3,2492.39,4,3,4,3.6666666666666665,3,1459,6.11,318,1,2,Hibernating
13414,United Kingdom,133,6,2494.14,3,4,4,3.6666666666666665,6,2702,45.35,470,1,0,Loyal Regulars
15932,United Kingdom,4,8,2495.87,1,5,4,3.3333333333333335,8,2325,21.7,285,0,0,Loyal Regulars
17594,United Kingdom,85,4,2497.88,3,3,4,3.3333333333333335,4,1368,24.02,519,0,0,Loyal Regulars
14541,United Kingdom,58,14,2499.68,2,5,4,3.6666666666666665,14,1129,13.81,643,0,0,Loyal Regulars
17288,United Kingdom,9,11,2499.98,1,5,4,3.3333333333333335,11,1706,8.47,385,0,0,Loyal Regulars
16202,United Kingdom,360,9,2501.99,4,5,4,4.333333333333333,9,1307,20.18,377,1,2,Hibernating
12978,United Kingdom,385,5,2502.82,4,4,4,4.0,5,1394,15.35,344,1,2,Hibernating
12517,Germany,28,5,2502.84,2,4,4,3.3333333333333335,5,1371,8.81,162,0,0,Loyal Regulars
15860,United Kingdom,40,17,2505.21,2,5,4,3.6666666666666665,17,1342,6.81,693,0,0,Loyal Regulars
17101,United Kingdom,10,7,2507.05,1,4,4,3.0,7,1175,34.34,540,0,0,Loyal Regulars
14790,United Kingdom,16,10,2526.62,1,5,4,3.3333333333333335,10,2642,17.42,712,0,0,Loyal Regulars
14659,United Kingdom,8,9,2529.93,1,5,4,3.3333333333333335,9,1195,10.0,307,0,0,Loyal Regulars
16889,United Kingdom,194,6,2530.9,4,4,4,4.0,6,1616,11.61,371,1,0,Loyal Regulars
13471,United Kingdom,1,4,2531.58,1,4,4,3.0,4,1590,9.74,46,0,0,Loyal Regulars
16016,United Kingdom,3,11,2533.94,1,5,4,3.3333333333333335,11,1059,6.63,399,0,0,Loyal Regulars
16987,United Kingdom,3,11,2535.9,1,5,4,3.3333333333333335,11,679,9.53,734,0,0,Loyal Regulars
14810,United Kingdom,40,13,2537.02,2,5,4,3.6666666666666665,13,1247,7.81,389,0,0,Loyal Regulars
17465,United Kingdom,425,7,2542.79,5,4,4,4.333333333333333,7,1477,17.91,311,1,2,Hibernating
13344,United Kingdom,67,3,2543.72,3,3,4,3.3333333333333335,3,971,21.38,210,0,0,Loyal Regulars
18179,United Kingdom,9,8,2547.55,1,5,4,3.3333333333333335,8,1811,23.37,654,0,0,Loyal Regulars
17550,United Kingdom,197,9,2547.64,4,5,4,4.333333333333333,9,989,7.63,473,1,0,Loyal Regulars
15906,United Kingdom,19,10,2555.64,2,5,4,3.6666666666666665,10,751,12.59,431,0,0,Loyal Regulars
13862,United Kingdom,18,9,2556.09,1,5,4,3.3333333333333335,9,1927,15.98,371,0,0,Loyal Regulars
16036,United Kingdom,87,4,2556.84,3,3,4,3.3333333333333335,4,1369,18.26,533,0,0,Loyal Regulars
17463,United Kingdom,16,7,2557.91,1,4,4,3.0,7,1490,7.89,573,0,0,Loyal Regulars
13192,United Kingdom,95,6,2558.58,3,4,4,3.6666666666666665,6,1629,15.79,591,1,0,Loyal Regulars
15747,United Kingdom,12,9,2562.61,1,5,4,3.3333333333333335,9,1370,11.65,678,0,0,Loyal Regulars
13623,United Kingdom,30,10,2566.49,2,5,4,3.6666666666666665,10,1023,8.79,707,0,0,Loyal Regulars
15434,United Kingdom,8,11,2567.06,1,5,4,3.3333333333333335,11,1423,19.16,676,0,0,Loyal Regulars
13652,United Kingdom,45,5,2570.85,2,4,4,3.3333333333333335,5,1570,16.17,607,0,0,Loyal Regulars
17002,United Kingdom,85,7,2571.55,3,4,4,3.6666666666666665,7,1265,30.61,556,0,0,Loyal Regulars
14745,United Kingdom,112,12,2571.81,3,5,4,4.0,12,1977,18.24,525,1,0,Loyal Regulars
17095,United Kingdom,22,7,2572.25,2,4,4,3.3333333333333335,7,1695,18.78,702,0,0,Loyal Regulars
16115,United Kingdom,9,12,2575.14,1,5,4,3.3333333333333335,12,1601,6.02,565,0,0,Loyal Regulars
16499,United Kingdom,360,8,2578.34,4,4,4,4.0,8,1364,17.91,186,1,2,Hibernating
16244,United Kingdom,211,2,2579.38,4,2,4,3.3333333333333335,2,1474,16.75,161,1,0,Loyal Regulars
13151,United Kingdom,295,3,2580.74,4,3,4,3.6666666666666665,3,832,14.66,332,1,2,Hibernating
12592,Germany,92,5,2582.66,3,4,4,3.6666666666666665,5,1875,31.88,427,1,0,Loyal Regulars
17897,United Kingdom,172,9,2585.0,3,5,4,4.0,9,1043,7.47,404,1,0,Loyal Regulars
15062,United Kingdom,71,8,2585.62,3,4,4,3.6666666666666665,8,1872,16.26,539,0,0,Loyal Regulars
15033,United Kingdom,4,10,2586.67,1,5,4,3.3333333333333335,10,1695,5.07,325,0,0,Loyal Regulars
14147,United Kingdom,78,9,2590.2,3,5,4,4.0,9,995,86.34,562,0,0,Loyal Regulars
14129,United Kingdom,1,9,2591.34,1,5,4,3.3333333333333335,9,1414,23.77,578,0,0,Loyal Regulars
14229,United Kingdom,51,7,2594.04,2,4,4,3.3333333333333335,7,934,36.03,420,0,0,Loyal Regulars
14163,United Kingdom,87,5,2594.62,3,4,4,3.6666666666666665,5,950,44.73,375,0,0,Loyal Regulars
12412,Denmark,74,6,2596.93,3,4,4,3.6666666666666665,6,1997,20.45,465,0,0,Loyal Regulars
15826,United Kingdom,56,4,2598.28,2,4,4,3.3333333333333335,4,1824,21.83,512,0,0,Loyal Regulars
17317,United Kingdom,46,3,2600.34,2,3,4,3.0,3,1146,288.93,43,0,0,Loyal Regulars
17787,United Kingdom,152,4,2601.47,3,3,4,3.3333333333333335,4,1266,15.77,219,1,0,Loyal Regulars
16206,United Kingdom,54,13,2602.32,2,5,4,3.6666666666666665,13,1384,10.67,630,0,0,Loyal Regulars
12457,Switzerland,85,6,2603.21,3,4,4,3.6666666666666665,2,66,196.35,15,0,0,Loyal Regulars
12457,Switzerland,85,6,2603.21,3,4,4,3.6666666666666665,6,1028,31.75,350,0,0,Loyal Regulars
14564,Channel Islands,434,2,2605.62,5,2,4,3.6666666666666665,2,1295,24.35,301,1,2,Hibernating
14397,United Kingdom,2,19,2612.96,1,5,4,3.3333333333333335,19,1890,30.03,211,0,0,Loyal Regulars
13700,United Kingdom,26,13,2613.46,2,5,4,3.6666666666666665,13,2809,10.75,644,0,0,Loyal Regulars
14431,United Kingdom,302,4,2614.2,4,3,4,3.6666666666666665,4,1202,32.27,385,1,2,Hibernating
15426,United Kingdom,19,9,2615.39,2,5,4,3.6666666666666665,9,1220,4.9,567,0,0,Loyal Regulars
14195,United Kingdom,201,6,2615.6,4,4,4,4.0,6,2144,163.48,433,1,0,Loyal Regulars
17043,United Kingdom,32,8,2616.55,2,4,4,3.3333333333333335,8,1624,12.76,698,0,0,Loyal Regulars
14262,United Kingdom,8,8,2618.23,1,5,4,3.3333333333333335,8,1645,18.31,232,0,0,Loyal Regulars
15142,United Kingdom,46,6,2619.92,2,4,4,3.3333333333333335,6,2155,18.45,454,0,0,Loyal Regulars
14573,United Kingdom,179,13,2621.42,3,5,4,4.0,13,835,6.59,521,1,0,Loyal Regulars
12671,Germany,606,1,2622.48,5,2,4,3.6666666666666665,1,1460,58.28,0,1,2,Hibernating
13644,United Kingdom,16,4,2624.26,1,4,4,3.0,4,2067,17.97,89,0,0,Loyal Regulars
13422,United Kingdom,64,1,2626.3,3,1,4,2.6666666666666665,1,1326,20.68,0,0,0,Loyal Regulars
14548,United Kingdom,150,9,2627.49,3,5,4,4.0,9,1021,23.25,583,1,0,Loyal Regulars
16276,United Kingdom,176,3,2629.39,3,3,4,3.3333333333333335,3,1467,101.13,431,1,0,Loyal Regulars
12520,Germany,79,5,2634.26,3,4,4,3.6666666666666665,5,1439,17.33,194,0,0,Loyal Regulars
15814,United Kingdom,16,6,2634.44,1,4,4,3.0,6,1728,26.88,587,0,0,Loyal Regulars
13173,United Kingdom,4,11,2639.35,1,5,4,3.3333333333333335,11,1620,10.56,725,0,0,Loyal Regulars
13819,United Kingdom,301,6,2642.35,4,4,4,4.0,6,2309,26.16,437,1,2,Hibernating
13117,United Kingdom,21,18,2643.81,2,5,4,3.6666666666666665,18,2067,14.06,602,0,0,Loyal Regulars
16618,United Kingdom,31,5,2647.59,2,4,4,3.3333333333333335,5,1363,27.58,291,0,0,Loyal Regulars
13203,United Kingdom,9,10,2648.25,1,5,4,3.3333333333333335,10,2413,15.67,713,0,0,Loyal Regulars
12516,Germany,77,4,2648.62,3,3,4,3.3333333333333335,4,1952,35.79,522,0,0,Loyal Regulars
17744,United Kingdom,3,7,2649.14,1,4,4,3.0,7,3826,17.54,377,0,0,Loyal Regulars
14410,United Kingdom,92,11,2651.14,3,5,4,4.0,11,1377,6.75,345,1,0,Loyal Regulars
14756,United Kingdom,15,3,2653.76,1,3,4,2.6666666666666665,3,1423,22.3,409,0,0,Loyal Regulars
15157,United Kingdom,3,5,2654.11,1,4,4,3.0,5,3466,17.46,726,0,0,Loyal Regulars
15671,United Kingdom,18,7,2657.13,1,4,4,3.0,7,1699,34.07,252,0,0,Loyal Regulars
13473,United Kingdom,60,8,2657.76,3,4,4,3.6666666666666665,8,1000,37.97,664,0,0,Loyal Regulars
16369,United Kingdom,18,7,2664.81,1,4,4,3.0,7,1594,15.68,593,0,0,Loyal Regulars
14496,United Kingdom,311,7,2668.23,4,4,4,4.0,7,991,24.04,322,1,2,Hibernating
15910,United Kingdom,0,15,2681.8,1,5,4,3.3333333333333335,15,2171,4.27,687,0,0,Loyal Regulars
12820,United Kingdom,3,11,2689.52,1,5,4,3.3333333333333335,11,1964,16.92,731,0,0,Loyal Regulars
17388,United Kingdom,77,11,2691.57,3,5,4,4.0,11,2567,47.22,652,0,0,Loyal Regulars
12725,Italy,371,4,2694.56,4,3,4,3.6666666666666665,4,1306,20.73,213,1,2,Hibernating
18173,United Kingdom,86,5,2696.36,3,4,4,3.6666666666666665,5,1730,59.92,526,0,0,Loyal Regulars
16359,United Kingdom,7,16,2697.75,1,5,4,3.3333333333333335,16,1764,21.58,654,0,0,Loyal Regulars
16232,United Kingdom,43,7,2712.97,2,4,4,3.3333333333333335,7,1849,25.84,507,0,0,Loyal Regulars
15985,United Kingdom,123,7,2715.28,3,4,4,3.6666666666666665,7,2750,26.11,438,1,0,Loyal Regulars
16190,United Kingdom,40,8,2723.55,2,4,4,3.3333333333333335,8,1231,22.89,685,0,0,Loyal Regulars
12739,United Arab Emirates,78,4,2726.73,3,3,4,3.3333333333333335,4,951,30.64,316,0,0,Loyal Regulars
13211,United Kingdom,10,10,2729.32,1,5,4,3.3333333333333335,10,1890,13.25,723,0,0,Loyal Regulars
12986,United Kingdom,428,10,2729.84,5,5,4,4.666666666666667,10,1164,26.76,259,1,2,Hibernating
15111,United Kingdom,29,5,2730.87,2,4,4,3.3333333333333335,5,1164,18.09,563,0,0,Loyal Regulars
12431,Belgium,60,6,2732.43,3,4,4,3.6666666666666665,21,3436,31.01,610,0,0,Loyal Regulars
12431,Belgium,60,6,2732.43,3,4,4,3.6666666666666665,6,1281,19.11,633,0,0,Loyal Regulars
15389,United Kingdom,172,5,2733.8,3,4,4,3.6666666666666665,5,3940,455.63,509,1,0,Loyal Regulars
18283,United Kingdom,3,22,2736.65,1,5,4,3.3333333333333335,22,1733,2.78,655,0,0,Loyal Regulars
14125,United Kingdom,10,3,2740.43,1,3,4,2.6666666666666665,3,1640,16.41,68,0,0,Loyal Regulars
14808,United Kingdom,39,8,2741.17,2,4,4,3.3333333333333335,8,2147,11.66,133,0,0,Loyal Regulars
16434,United Kingdom,29,12,2741.74,2,5,4,3.6666666666666665,12,1338,14.66,662,0,0,Loyal Regulars
15841,United Kingdom,72,9,2742.41,3,5,4,4.0,9,2391,29.81,657,0,0,Loyal Regulars
12669,France,150,3,2744.03,3,3,4,3.3333333333333335,3,1115,27.17,106,1,0,Loyal Regulars
17241,United Kingdom,385,12,2744.14,4,5,4,4.333333333333333,12,865,16.05,277,1,2,Hibernating
12982,United Kingdom,242,8,2744.81,4,4,4,4.0,8,1729,15.42,364,1,0,Loyal Regulars
14665,United Kingdom,60,7,2749.65,3,4,4,3.6666666666666665,7,1144,20.83,532,0,0,Loyal Regulars
17490,United Kingdom,0,9,2750.5,1,5,4,3.3333333333333335,9,1531,23.71,569,0,0,Loyal Regulars
17262,United Kingdom,52,11,2757.62,2,5,4,3.6666666666666665,11,709,131.32,672,0,0,Loyal Regulars
17115,United Kingdom,8,7,2761.49,1,4,4,3.0,7,885,23.01,726,0,0,Loyal Regulars
13813,Germany,39,8,2765.47,2,4,4,3.3333333333333335,8,1292,19.34,694,0,0,Loyal Regulars
17676,United Kingdom,4,10,2765.84,1,5,4,3.3333333333333335,10,1932,16.86,615,0,0,Loyal Regulars
13736,United Kingdom,5,7,2766.21,1,4,4,3.0,7,1552,4.97,728,0,0,Loyal Regulars
15817,United Kingdom,420,3,2766.4,5,3,4,4.0,3,1596,18.2,123,1,2,Hibernating
14696,United Kingdom,4,8,2767.9,1,5,4,3.3333333333333335,8,2151,16.09,417,0,0,Loyal Regulars
18210,United Kingdom,1,7,2768.83,1,4,4,3.0,7,1499,19.23,381,0,0,Loyal Regulars
17720,United Kingdom,26,10,2768.91,2,5,4,3.6666666666666665,10,1613,20.82,552,0,0,Loyal Regulars
13695,United Kingdom,31,16,2770.73,2,5,4,3.6666666666666665,16,1791,28.86,546,0,0,Loyal Regulars
12391,Cyprus,21,6,2773.42,2,4,4,3.3333333333333335,6,1220,9.87,641,0,0,Loyal Regulars
17031,United Kingdom,11,6,2773.85,1,4,4,3.0,6,1595,55.48,570,0,0,Loyal Regulars
16335,United Kingdom,551,7,2774.0,5,4,4,4.333333333333333,7,1016,7.58,184,1,2,Hibernating
17591,United Kingdom,73,8,2776.67,3,4,4,3.6666666666666665,8,1173,10.36,618,0,0,Loyal Regulars
16104,United Kingdom,61,9,2778.61,3,5,4,4.0,9,1048,11.93,672,0,0,Loyal Regulars
14121,United Kingdom,3,4,2780.15,1,4,4,3.0,4,2082,17.49,56,0,0,Loyal Regulars
17790,United Kingdom,26,20,2783.61,2,5,4,3.6666666666666665,20,1389,9.16,518,0,0,Loyal Regulars
15021,United Kingdom,8,12,2783.83,1,5,4,3.3333333333333335,12,1217,3.88,490,0,0,Loyal Regulars
15073,United Kingdom,9,8,2788.02,1,5,4,3.3333333333333335,8,1410,17.53,672,0,0,Loyal Regulars
12863,United Kingdom,52,6,2792.55,2,4,4,3.3333333333333335,6,895,58.18,537,0,0,Loyal Regulars
17284,United Kingdom,60,8,2793.16,3,4,4,3.6666666666666665,8,2071,7.47,385,0,0,Loyal Regulars
15993,United Kingdom,8,7,2797.57,1,4,4,3.0,7,2051,5.07,36,0,0,Loyal Regulars
16764,United Kingdom,3,13,2799.25,1,5,4,3.3333333333333335,13,1259,3.96,140,0,0,Loyal Regulars
13205,United Kingdom,443,1,2803.2,5,1,4,3.3333333333333335,1,256,2803.2,0,1,2,Hibernating
13799,United Kingdom,116,9,2803.57,3,5,4,4.0,9,1539,26.45,528,1,0,Loyal Regulars
14869,United Kingdom,8,6,2804.24,1,4,4,3.0,6,2138,11.22,715,0,0,Loyal Regulars
17470,United Kingdom,44,11,2804.87,2,5,4,3.6666666666666665,11,2843,16.9,464,0,0,Loyal Regulars
16817,United Kingdom,2,13,2804.9,1,5,4,3.3333333333333335,13,1565,18.58,429,0,0,Loyal Regulars
13330,United Kingdom,92,6,2806.18,3,4,4,3.6666666666666665,6,1975,23.78,562,1,0,Loyal Regulars
12422,Australia,95,8,2808.1,3,4,4,3.6666666666666665,8,1329,47.59,626,1,0,Loyal Regulars
12422,Australia,95,8,2808.1,3,4,4,3.6666666666666665,9,1267,21.45,400,1,0,Loyal Regulars
14903,United Kingdom,21,5,2810.63,2,4,4,3.3333333333333335,5,1536,7.92,257,0,0,Loyal Regulars
16871,United Kingdom,22,6,2812.34,2,4,4,3.3333333333333335,6,1253,20.53,248,0,0,Loyal Regulars
17386,United Kingdom,7,7,2812.77,1,4,4,3.0,7,1955,74.02,378,0,0,Loyal Regulars
15660,United Kingdom,25,15,2812.99,2,5,4,3.6666666666666665,15,1893,17.47,647,0,0,Loyal Regulars
13719,United Kingdom,15,11,2815.25,1,5,4,3.3333333333333335,11,1599,11.22,556,0,0,Loyal Regulars
15797,United Kingdom,113,6,2821.08,3,4,4,3.6666666666666665,6,1281,235.09,568,1,0,Loyal Regulars
16407,United Kingdom,12,14,2821.65,1,5,4,3.3333333333333335,14,1484,12.16,420,0,0,Loyal Regulars
14842,United Kingdom,43,4,2824.69,2,4,4,3.3333333333333335,4,1166,19.48,265,0,0,Loyal Regulars
17368,United Kingdom,23,14,2826.14,2,5,4,3.6666666666666665,14,2343,11.78,701,0,0,Loyal Regulars
13477,United Kingdom,37,11,2834.17,2,5,4,3.6666666666666665,11,2095,17.94,646,0,0,Loyal Regulars
16554,United Kingdom,42,8,2841.72,2,4,4,3.3333333333333335,8,1346,17.02,682,0,0,Loyal Regulars
12676,Sweden,24,11,2843.09,2,5,4,3.6666666666666665,11,1867,26.57,459,0,0,Loyal Regulars
13032,United Kingdom,52,9,2843.55,2,5,4,3.6666666666666665,9,1281,13.41,408,0,0,Loyal Regulars
16163,United Kingdom,232,6,2849.58,4,4,4,4.0,6,768,39.04,505,1,0,Loyal Regulars
14935,Channel Islands,297,2,2849.83,4,2,4,3.3333333333333335,2,1931,109.61,322,1,2,Hibernating
12352,Norway,36,10,2849.84,2,5,4,3.6666666666666665,10,724,27.67,356,0,0,Loyal Regulars
16742,United Kingdom,46,14,2852.61,2,5,4,3.6666666666666665,14,2600,26.17,677,0,0,Loyal Regulars
13728,United Kingdom,36,16,2855.17,2,5,4,3.6666666666666665,16,1269,17.41,694,0,0,Loyal Regulars
14035,United Kingdom,28,9,2856.72,2,5,4,3.6666666666666665,9,1419,18.92,584,0,0,Loyal Regulars
16979,United Kingdom,3,9,2859.74,1,5,4,3.3333333333333335,9,1451,22.17,447,0,0,Loyal Regulars
14875,United Kingdom,107,3,2862.4,3,3,4,3.3333333333333335,3,1332,32.16,334,1,0,Loyal Regulars
12685,France,28,6,2863.08,2,4,4,3.3333333333333335,6,1523,18.24,65,0,0,Loyal Regulars
16062,United Kingdom,9,8,2863.45,1,5,4,3.3333333333333335,8,2035,15.48,527,0,0,Loyal Regulars
14758,United Kingdom,144,7,2864.97,3,4,4,3.6666666666666665,7,840,21.07,466,1,0,Loyal Regulars
16086,United Kingdom,59,10,2864.99,3,5,4,4.0,10,1526,20.91,678,0,0,Loyal Regulars
15563,United Kingdom,22,7,2867.0,2,4,4,3.3333333333333335,7,3019,11.07,658,0,0,Loyal Regulars
16225,United Kingdom,44,15,2867.41,2,5,4,3.6666666666666665,15,1285,9.49,626,0,0,Loyal Regulars
16229,United Kingdom,87,6,2867.86,3,4,4,3.6666666666666665,6,1292,16.29,477,0,0,Loyal Regulars
16711,United Kingdom,3,9,2868.48,1,5,4,3.3333333333333335,9,1212,86.92,734,0,0,Loyal Regulars
14711,United Kingdom,10,11,2868.8,1,5,4,3.3333333333333335,11,978,8.04,252,0,0,Loyal Regulars
16467,United Kingdom,508,7,2869.16,5,4,4,4.333333333333333,7,7384,119.55,229,1,2,Hibernating
15043,United Kingdom,31,6,2873.8,2,4,4,3.3333333333333335,6,1031,55.27,502,0,0,Loyal Regulars
14005,United Kingdom,9,5,2874.72,1,4,4,3.0,5,2478,34.22,206,0,0,Loyal Regulars
18170,United Kingdom,33,9,2878.0,2,5,4,3.6666666666666665,9,1184,22.84,667,0,0,Loyal Regulars
12806,Netherlands,435,4,2878.96,5,3,4,4.0,4,2087,42.97,153,1,2,Hibernating
14251,United Kingdom,1,5,2879.7,1,4,4,3.0,5,1674,36.92,56,0,0,Loyal Regulars
16633,United Kingdom,17,6,2883.1,1,4,4,3.0,6,1138,18.97,217,0,0,Loyal Regulars
13501,Switzerland,288,3,2885.11,4,3,4,3.6666666666666665,3,1253,25.31,282,1,2,Hibernating
17242,United Kingdom,108,5,2889.28,3,4,4,3.6666666666666665,5,1459,34.4,576,1,0,Loyal Regulars
15100,United Kingdom,333,7,2894.7,4,4,4,4.0,7,334,160.82,368,1,2,Hibernating
17320,United Kingdom,100,6,2895.77,3,4,4,3.6666666666666665,6,1392,16.64,587,1,0,Loyal Regulars
14404,United Kingdom,33,13,2899.11,2,5,4,3.6666666666666665,13,1656,13.74,686,0,0,Loyal Regulars
16755,United Kingdom,114,7,2900.58,3,4,4,3.6666666666666665,7,1999,8.82,616,1,0,Loyal Regulars
14233,United Kingdom,49,7,2904.27,2,4,4,3.3333333333333335,7,1261,39.78,595,0,0,Loyal Regulars
13455,United Kingdom,24,6,2905.93,2,4,4,3.3333333333333335,6,985,20.18,706,0,0,Loyal Regulars
12438,Norway,14,2,2906.85,1,3,4,2.6666666666666665,2,1180,29.66,126,0,0,Loyal Regulars
13784,United Kingdom,9,14,2910.23,1,5,4,3.3333333333333335,14,2827,67.68,441,0,0,Loyal Regulars
15392,United Kingdom,4,7,2911.62,1,4,4,3.0,7,2144,20.22,427,0,0,Loyal Regulars
16358,United Kingdom,1,5,2919.65,1,4,4,3.0,5,2065,18.96,393,0,0,Loyal Regulars
12906,United Kingdom,11,5,2919.81,1,4,4,3.0,5,1749,46.35,67,0,0,Loyal Regulars
13890,United Kingdom,1,14,2927.38,1,5,4,3.3333333333333335,14,1392,16.92,732,0,0,Loyal Regulars
15862,United Kingdom,8,13,2928.29,1,5,4,3.3333333333333335,13,1680,5.04,714,0,0,Loyal Regulars
15312,United Kingdom,75,12,2930.19,3,5,4,4.0,12,1693,17.98,648,0,0,Loyal Regulars
12635,Germany,89,4,2930.41,3,3,4,3.3333333333333335,4,1949,16.37,367,0,0,Loyal Regulars
14524,United Kingdom,31,13,2933.71,2,5,4,3.6666666666666665,13,1176,8.94,385,0,0,Loyal Regulars
15235,United Kingdom,217,16,2937.81,4,5,4,4.333333333333333,16,1735,15.71,171,1,0,Loyal Regulars
17588,United Kingdom,100,7,2939.55,3,4,4,3.6666666666666665,7,1379,41.4,537,1,0,Loyal Regulars
17444,Canada,147,3,2940.04,3,3,4,3.3333333333333335,3,2119,21.78,25,1,0,Loyal Regulars
15757,United Kingdom,65,6,2940.36,3,4,4,3.6666666666666665,6,1757,15.24,482,0,0,Loyal Regulars
13253,United Kingdom,156,4,2951.11,3,3,4,3.3333333333333335,4,3015,39.35,547,1,0,Loyal Regulars
14867,United Kingdom,185,16,2952.06,3,5,4,4.0,16,996,21.55,549,1,0,Loyal Regulars
13764,United Kingdom,70,6,2953.26,3,4,4,3.6666666666666665,6,2099,7.85,572,0,0,Loyal Regulars
12877,United Kingdom,3,20,2955.17,1,5,5,3.6666666666666665,20,2262,10.67,687,0,0,Loyal Regulars
12826,United Kingdom,2,12,2955.75,1,5,5,3.6666666666666665,12,1995,17.81,719,0,0,Loyal Regulars
16736,United Kingdom,505,5,2956.56,5,4,5,4.666666666666667,5,1050,20.68,231,1,2,Hibernating
13110,United Kingdom,31,12,2957.47,2,5,5,4.0,12,763,11.74,707,0,0,Loyal Regulars
13012,United Kingdom,9,11,2972.83,1,5,5,3.6666666666666665,11,1563,19.3,583,0,0,Loyal Regulars
16416,United Kingdom,26,9,2972.88,2,5,5,4.0,9,2210,15.9,628,0,0,Loyal Regulars
16383,United Kingdom,74,7,2974.84,3,4,5,4.0,7,1620,7.12,599,0,0,Loyal Regulars
17692,United Kingdom,127,12,2975.8,3,5,5,4.333333333333333,12,2338,18.37,413,1,0,Loyal Regulars
14544,United Kingdom,24,3,2982.43,2,3,5,3.3333333333333335,3,2438,15.53,446,0,0,Loyal Regulars
15329,United Kingdom,39,11,2984.33,2,5,5,4.0,11,1219,19.25,686,0,0,Loyal Regulars
18241,United Kingdom,9,21,2986.99,1,5,5,3.6666666666666665,21,1471,18.79,608,0,0,Loyal Regulars
12374,Austria,25,4,2989.22,2,4,5,3.6666666666666665,4,1362,36.01,563,0,0,Loyal Regulars
15681,United Kingdom,25,14,2989.7,2,5,5,4.0,14,1392,33.97,539,0,0,Loyal Regulars
16012,United Kingdom,35,5,2989.79,2,4,5,3.6666666666666665,5,1766,12.41,494,0,0,Loyal Regulars
15687,United Kingdom,8,9,2993.1,1,5,5,3.6666666666666665,9,1310,18.03,322,0,0,Loyal Regulars
12854,United Kingdom,78,7,2994.02,3,4,5,4.0,7,1635,11.3,650,0,0,Loyal Regulars
17961,United Kingdom,21,100,2995.54,2,5,5,4.0,100,1537,4.54,717,0,1,Champions
15611,United Kingdom,9,26,2997.28,1,5,5,3.6666666666666665,26,747,31.89,674,0,0,Loyal Regulars
15182,United Kingdom,154,11,2998.95,3,5,5,4.333333333333333,11,1186,23.99,502,1,0,Loyal Regulars
15810,United Kingdom,78,8,2999.04,3,4,5,4.0,8,1653,18.07,595,0,0,Loyal Regulars
13635,United Kingdom,67,4,2999.16,3,3,5,3.6666666666666665,4,1884,18.51,671,0,0,Loyal Regulars
14621,United Kingdom,1,9,3000.57,1,5,5,3.6666666666666665,9,1706,18.87,682,0,0,Loyal Regulars
14226,United Kingdom,28,6,3002.53,2,4,5,3.6666666666666665,6,1726,30.64,413,0,0,Loyal Regulars
17032,United Kingdom,547,8,3004.6,5,4,5,4.666666666666667,8,1695,12.57,182,1,2,Hibernating
14590,United Kingdom,424,20,3006.62,5,5,5,5.0,20,904,14.74,308,1,2,Hibernating
12754,Japan,235,3,3010.74,4,3,5,4.0,3,6481,47.79,73,1,0,Loyal Regulars
13963,United Kingdom,308,17,3011.87,4,5,5,4.666666666666667,17,2061,17.51,289,1,2,Hibernating
15965,United Kingdom,17,13,3013.09,1,5,5,3.6666666666666665,13,1433,8.19,719,0,0,Loyal Regulars
13485,United Kingdom,233,11,3019.22,4,5,5,4.666666666666667,11,1798,19.11,503,1,0,Loyal Regulars
13557,United Kingdom,28,13,3032.26,2,5,5,4.0,13,2398,16.85,703,0,0,Loyal Regulars
15754,United Kingdom,51,9,3037.61,2,5,5,4.0,9,1762,23.19,604,0,0,Loyal Regulars
15967,United Kingdom,23,12,3041.6,2,5,5,4.0,12,1204,6.11,715,0,0,Loyal Regulars
14916,United Kingdom,70,8,3042.95,3,4,5,4.0,8,2415,22.71,547,0,0,Loyal Regulars
16560,United Kingdom,26,8,3048.38,2,4,5,3.6666666666666665,8,1603,15.4,705,0,0,Loyal Regulars
15241,United Kingdom,66,11,3050.16,3,5,5,4.333333333333333,11,3328,16.58,588,0,0,Loyal Regulars
15716,United Kingdom,145,11,3056.81,3,5,5,4.333333333333333,11,1821,9.38,587,1,0,Loyal Regulars
16775,United Kingdom,10,16,3056.89,1,5,5,3.6666666666666665,16,1020,11.0,432,0,0,Loyal Regulars
16120,United Kingdom,59,6,3056.91,3,4,5,4.0,6,2205,32.18,363,0,0,Loyal Regulars
14456,United Kingdom,5,9,3062.4,1,5,5,3.6666666666666665,9,2908,3.16,137,0,0,Loyal Regulars
13077,United Kingdom,1,11,3064.67,1,5,5,3.6666666666666665,11,2785,8.83,727,0,0,Loyal Regulars
13196,United Kingdom,11,7,3068.84,1,4,5,3.3333333333333335,7,2006,16.32,606,0,0,Loyal Regulars
14038,United Kingdom,78,5,3069.88,3,4,5,4.0,5,1708,19.07,595,0,0,Loyal Regulars
13631,United Kingdom,99,11,3070.42,3,5,5,4.333333333333333,11,467,279.13,168,1,0,Loyal Regulars
12469,Thailand,522,2,3070.54,5,2,5,4.0,2,2552,40.4,14,1,2,Hibernating
13647,United Kingdom,9,8,3071.68,1,5,5,3.6666666666666665,8,1803,21.94,594,0,0,Loyal Regulars
17884,United Kingdom,3,20,3072.89,1,5,5,3.6666666666666665,20,3088,6.38,732,0,0,Loyal Regulars
16007,United Kingdom,47,7,3075.14,2,4,5,3.6666666666666665,7,2643,4.62,496,0,0,Loyal Regulars
17929,United Kingdom,11,12,3082.1,1,5,5,3.6666666666666665,12,434,205.47,719,0,0,Loyal Regulars
12511,Greece,428,1,3084.02,5,1,5,3.6666666666666665,1,1753,16.23,0,1,2,Hibernating
17552,United Kingdom,60,12,3085.29,3,5,5,4.333333333333333,12,2095,19.78,567,0,0,Loyal Regulars
14312,United Kingdom,46,11,3090.29,2,5,5,4.0,11,1904,17.17,458,0,0,Loyal Regulars
12849,United Kingdom,31,6,3090.56,2,4,5,3.6666666666666665,6,1882,20.88,560,0,0,Loyal Regulars
15105,United Kingdom,18,9,3094.91,1,5,5,3.6666666666666665,9,1747,20.5,608,0,0,Loyal Regulars
12937,United Kingdom,15,9,3097.61,1,5,5,3.6666666666666665,9,1983,14.27,721,0,0,Loyal Regulars
13464,United Kingdom,58,6,3097.64,2,4,5,3.6666666666666665,6,1440,20.51,560,0,0,Loyal Regulars
15491,United Kingdom,95,6,3100.09,3,4,5,4.0,6,1646,20.13,140,1,0,Loyal Regulars
12909,United Kingdom,39,8,3103.19,2,4,5,3.6666666666666665,8,1948,19.64,614,0,0,Loyal Regulars
17870,United Kingdom,2,13,3108.15,1,5,5,3.6666666666666665,13,1877,11.02,379,0,0,Loyal Regulars
16678,United Kingdom,2,12,3109.99,1,5,5,3.6666666666666665,12,2397,19.08,280,0,0,Loyal Regulars
13538,United Kingdom,43,12,3112.73,2,5,5,4.0,12,963,21.62,632,0,0,Loyal Regulars
13772,United Kingdom,33,8,3114.22,2,4,5,3.6666666666666665,8,1456,5.42,621,0,0,Loyal Regulars
13692,United Kingdom,24,5,3114.4,2,4,5,3.6666666666666665,5,2101,32.44,396,0,0,Loyal Regulars
14700,United Kingdom,32,5,3116.26,2,4,5,3.6666666666666665,5,1634,18.33,453,0,0,Loyal Regulars
13685,United Kingdom,2,7,3119.44,1,4,5,3.3333333333333335,7,5056,79.99,58,0,0,Loyal Regulars
17145,United Kingdom,512,4,3120.91,5,3,5,4.333333333333333,4,2591,17.34,146,1,2,Hibernating
15199,United Kingdom,59,10,3122.4,3,5,5,4.333333333333333,10,894,61.22,516,0,0,Loyal Regulars
14044,United Kingdom,26,10,3123.1,2,5,5,4.0,10,2126,3.67,658,0,0,Loyal Regulars
15596,United Kingdom,100,9,3130.04,3,5,5,4.333333333333333,9,1376,17.78,399,1,0,Loyal Regulars
13742,United Kingdom,16,12,3131.02,1,5,5,3.6666666666666665,12,1124,9.75,304,0,0,Loyal Regulars
14897,United Kingdom,7,8,3140.54,1,5,5,3.6666666666666665,8,1162,24.73,717,0,0,Loyal Regulars
17530,United Kingdom,1,12,3141.51,1,5,5,3.6666666666666665,12,1965,5.63,732,0,0,Loyal Regulars
15095,United Kingdom,103,10,3141.64,3,5,5,4.333333333333333,10,2233,25.34,584,1,0,Loyal Regulars
14978,United Kingdom,72,10,3142.14,3,5,5,4.333333333333333,10,740,10.72,518,0,0,Loyal Regulars
17354,United Kingdom,50,4,3143.46,2,4,5,3.6666666666666665,4,2535,30.23,378,0,0,Loyal Regulars
17702,United Kingdom,30,6,3144.04,2,4,5,3.6666666666666665,6,2153,20.55,370,0,0,Loyal Regulars
15614,United Kingdom,437,4,3147.36,5,3,5,4.333333333333333,4,1632,38.86,189,1,2,Hibernating
17090,United Kingdom,4,13,3149.48,1,5,5,3.6666666666666665,13,1362,34.23,504,0,0,Loyal Regulars
14306,United Kingdom,51,6,3151.4,2,4,5,3.6666666666666665,6,2065,68.51,626,0,0,Loyal Regulars
14748,United Kingdom,29,10,3152.32,2,5,5,4.0,10,2752,16.5,616,0,0,Loyal Regulars
12976,United Kingdom,211,8,3156.38,4,4,5,4.333333333333333,8,2684,20.5,454,1,0,Loyal Regulars
15031,United Kingdom,4,14,3156.58,1,5,5,3.6666666666666665,14,1615,7.79,727,0,0,Loyal Regulars
16400,United Kingdom,94,9,3159.44,3,5,5,4.333333333333333,9,2159,11.24,637,1,0,Loyal Regulars
16584,United Kingdom,80,5,3163.67,3,4,5,4.0,5,1919,38.12,581,0,0,Loyal Regulars
14963,United Kingdom,9,12,3164.48,1,5,5,3.6666666666666665,12,2317,6.42,516,0,0,Loyal Regulars
16041,United Kingdom,30,3,3166.4,2,3,5,3.3333333333333335,3,1584,527.73,111,0,0,Loyal Regulars
13052,United Kingdom,212,7,3168.53,4,4,5,4.333333333333333,7,1454,12.52,442,1,0,Loyal Regulars
17640,United Kingdom,86,6,3168.94,3,4,5,4.0,6,1692,48.01,540,0,0,Loyal Regulars
16837,United Kingdom,31,11,3170.98,2,5,5,4.0,11,1563,19.22,214,0,0,Loyal Regulars
17621,United Kingdom,21,6,3175.12,2,4,5,3.6666666666666665,6,1110,48.11,410,0,0,Loyal Regulars
15353,United Kingdom,254,7,3175.95,4,4,5,4.333333333333333,7,1551,8.21,483,1,0,Loyal Regulars
17228,United Kingdom,15,13,3177.24,1,5,5,3.6666666666666665,13,2568,8.87,622,0,0,Loyal Regulars
12456,Switzerland,44,3,3181.04,2,3,5,3.3333333333333335,3,1633,25.45,210,0,0,Loyal Regulars
16933,United Kingdom,1,9,3181.25,1,5,5,3.6666666666666665,9,1547,10.97,729,0,0,Loyal Regulars
13397,United Kingdom,72,10,3191.87,3,5,5,4.333333333333333,10,1336,35.86,616,0,0,Loyal Regulars
13868,United Kingdom,7,2,3192.54,1,3,5,3.0,2,1964,96.74,31,0,0,Loyal Regulars
15027,United Kingdom,30,10,3195.6,2,5,5,4.0,10,2782,35.12,594,0,0,Loyal Regulars
14315,United Kingdom,44,8,3197.82,2,4,5,3.6666666666666665,8,1344,24.04,590,0,0,Loyal Regulars
17147,United Kingdom,22,9,3199.95,2,5,5,4.0,9,1308,23.53,675,0,0,Loyal Regulars
16107,United Kingdom,17,7,3204.16,1,4,5,3.3333333333333335,7,1176,103.36,166,0,0,Loyal Regulars
13804,United Kingdom,30,9,3208.52,2,5,5,4.0,9,1833,18.99,406,0,0,Loyal Regulars
16918,United Kingdom,49,16,3213.29,2,5,5,4.0,16,2069,7.03,687,0,0,Loyal Regulars
12951,United Kingdom,8,15,3213.72,1,5,5,3.6666666666666665,15,1662,16.57,690,0,0,Loyal Regulars
13268,United Kingdom,17,11,3214.69,1,5,5,3.6666666666666665,11,3658,7.31,250,0,0,Loyal Regulars
16515,United Kingdom,52,10,3216.3,2,5,5,4.0,10,1601,13.4,488,0,0,Loyal Regulars
16059,United Kingdom,65,12,3217.77,3,5,5,4.333333333333333,12,1509,7.63,504,0,0,Loyal Regulars
16101,United Kingdom,70,4,3229.16,3,3,5,3.6666666666666665,4,1844,16.82,491,0,0,Loyal Regulars
15602,United Kingdom,8,16,3230.51,1,5,5,3.6666666666666665,16,2349,25.24,729,0,0,Loyal Regulars
15625,United Kingdom,103,9,3236.4,3,5,5,4.333333333333333,9,3020,18.93,439,1,0,Loyal Regulars
17353,United Kingdom,129,4,3242.0,3,3,5,3.6666666666666665,4,2168,231.57,495,1,0,Loyal Regulars
15140,United Kingdom,52,8,3243.69,2,4,5,3.6666666666666665,8,2010,28.96,390,0,0,Loyal Regulars
14669,United Kingdom,241,7,3243.93,4,4,5,4.333333333333333,7,2054,8.21,496,1,0,Loyal Regulars
16612,United Kingdom,32,9,3245.43,2,5,5,4.0,9,1419,19.43,704,0,0,Loyal Regulars
12770,Japan,210,2,3246.45,4,2,5,3.6666666666666665,2,1843,115.94,246,1,0,Loyal Regulars
15057,United Kingdom,275,5,3255.96,4,4,5,4.333333333333333,5,1394,46.51,459,1,2,Hibernating
13214,United Kingdom,417,7,3264.23,5,4,5,4.666666666666667,7,2966,14.25,229,1,2,Hibernating
14293,United Kingdom,3,9,3267.93,1,5,5,3.6666666666666665,9,1730,24.39,726,0,0,Loyal Regulars
12370,Cyprus,51,3,3268.49,2,3,5,3.3333333333333335,4,303,24.46,311,0,0,Loyal Regulars
12370,Cyprus,51,3,3268.49,2,3,5,3.3333333333333335,3,2302,20.56,309,0,0,Loyal Regulars
15978,United Kingdom,77,3,3279.42,3,3,5,3.6666666666666665,3,2444,25.42,567,0,0,Loyal Regulars
18188,United Kingdom,15,6,3280.59,1,4,5,3.3333333333333335,6,1888,24.67,608,0,0,Loyal Regulars
14285,United Kingdom,21,8,3284.42,2,5,5,4.0,8,954,53.84,710,0,0,Loyal Regulars
14507,United Kingdom,23,11,3284.43,2,5,5,4.0,11,1536,12.3,706,0,0,Loyal Regulars
15632,United Kingdom,15,8,3285.31,1,5,5,3.6666666666666665,8,2109,19.67,259,0,0,Loyal Regulars
13650,United Kingdom,16,10,3288.0,1,5,5,3.6666666666666665,10,1746,19.12,666,0,0,Loyal Regulars
14506,United Kingdom,17,7,3290.67,1,4,5,3.3333333333333335,7,1078,6.97,582,0,0,Loyal Regulars
16365,United Kingdom,17,15,3307.2,1,5,5,3.6666666666666665,15,1135,25.44,711,0,0,Loyal Regulars
14451,United Kingdom,60,12,3308.77,3,5,5,4.333333333333333,12,1757,6.34,631,0,0,Loyal Regulars
13131,United Kingdom,23,7,3313.77,2,4,5,3.6666666666666665,7,1523,22.24,645,0,0,Loyal Regulars
13824,United Kingdom,32,12,3314.76,2,5,5,4.0,12,1442,33.15,605,0,0,Loyal Regulars
13431,United Kingdom,67,8,3316.24,3,4,5,4.0,8,1570,25.71,592,0,0,Loyal Regulars
14161,United Kingdom,215,7,3318.88,4,4,5,4.333333333333333,7,1623,10.71,511,1,0,Loyal Regulars
13611,United Kingdom,89,10,3319.53,3,5,5,4.333333333333333,10,2002,14.5,647,0,0,Loyal Regulars
13291,United Kingdom,155,11,3320.84,3,5,5,4.333333333333333,11,1619,10.12,511,1,0,Loyal Regulars
12865,Austria,26,4,3323.47,2,4,5,3.6666666666666665,4,1973,17.04,450,0,0,Loyal Regulars
15065,United Kingdom,37,5,3326.86,2,4,5,3.6666666666666665,5,1446,20.04,373,0,0,Loyal Regulars
17774,United Kingdom,96,9,3328.05,3,5,5,4.333333333333333,9,1609,8.12,573,1,0,Loyal Regulars
16351,United Kingdom,332,13,3330.03,4,5,5,4.666666666666667,13,2165,17.81,403,1,2,Hibernating
14064,United Kingdom,29,15,3332.42,2,5,5,4.0,15,3977,13.66,658,0,0,Loyal Regulars
14344,United Kingdom,127,20,3333.7,3,5,5,4.333333333333333,20,1669,13.72,499,1,0,Loyal Regulars
13848,United Kingdom,92,8,3335.0,3,4,5,4.0,8,10200,303.18,638,1,0,Loyal Regulars
12424,Australia,162,4,3340.03,3,3,5,3.6666666666666665,4,2025,36.3,386,1,0,Loyal Regulars
15265,United Kingdom,151,4,3345.64,3,3,5,3.6666666666666665,4,1570,17.33,587,1,0,Loyal Regulars
17183,United Kingdom,7,6,3347.31,1,4,5,3.3333333333333335,6,1296,45.85,98,0,0,Loyal Regulars
16818,United Kingdom,10,11,3349.57,1,5,5,3.6666666666666665,11,2164,17.82,195,0,0,Loyal Regulars
14608,United Kingdom,4,11,3352.94,1,5,5,3.6666666666666665,11,927,77.98,729,0,0,Loyal Regulars
15538,United Kingdom,537,6,3358.4,5,4,5,4.666666666666667,6,1016,239.89,126,1,2,Hibernating
13786,United Kingdom,367,6,3358.94,4,4,5,4.333333333333333,6,1652,27.09,369,1,2,Hibernating
13285,United Kingdom,23,6,3364.59,2,4,5,3.6666666666666665,6,2457,14.57,601,0,0,Loyal Regulars
13707,United Kingdom,267,5,3365.86,4,4,5,4.333333333333333,5,2210,21.72,269,1,0,Loyal Regulars
13135,United Kingdom,196,2,3371.45,4,2,5,3.6666666666666665,2,4423,187.3,295,1,0,Loyal Regulars
17723,United Kingdom,127,7,3378.4,3,4,5,4.0,7,912,281.53,248,1,0,Loyal Regulars
13246,United Kingdom,18,11,3387.43,1,5,5,3.6666666666666665,11,2815,8.94,507,0,0,Loyal Regulars
16067,United Kingdom,562,3,3395.29,5,3,5,4.333333333333333,3,1279,46.51,113,1,2,Hibernating
12838,United Kingdom,33,10,3398.48,2,5,5,4.0,10,1845,8.03,559,0,0,Loyal Regulars
15114,United Kingdom,30,12,3400.12,2,5,5,4.0,12,3532,14.72,391,0,0,Loyal Regulars
13823,United Kingdom,18,7,3403.45,1,4,5,3.3333333333333335,7,1564,20.88,706,0,0,Loyal Regulars
13425,United Kingdom,108,5,3403.63,3,4,5,4.0,5,2382,19.12,471,1,0,Loyal Regulars
13437,United Kingdom,14,7,3408.06,1,4,5,3.3333333333333335,7,1283,20.41,176,0,0,Loyal Regulars
15058,United Kingdom,25,16,3410.03,2,5,5,4.0,16,1660,9.55,628,0,0,Loyal Regulars
14673,United Kingdom,3,7,3410.81,1,4,5,3.3333333333333335,7,2035,20.93,406,0,0,Loyal Regulars
13979,United Kingdom,73,7,3416.23,3,4,5,4.0,7,2296,8.41,663,0,0,Loyal Regulars
14215,United Kingdom,11,9,3416.33,1,5,5,3.6666666666666665,9,2285,17.79,720,0,0,Loyal Regulars
14217,United Kingdom,1,23,3416.89,1,5,5,3.6666666666666665,23,1256,18.88,526,0,0,Loyal Regulars
13031,United Kingdom,407,5,3419.27,4,4,5,4.333333333333333,5,2399,7.86,147,1,2,Hibernating
15373,United Kingdom,8,17,3421.39,1,5,5,3.6666666666666665,17,769,17.02,578,0,0,Loyal Regulars
17876,United Kingdom,399,3,3424.02,4,3,5,4.0,3,1958,856.01,276,1,2,Hibernating
16281,United Kingdom,72,3,3424.02,3,3,5,3.6666666666666665,3,1570,87.8,610,0,0,Loyal Regulars
12377,Switzerland,315,4,3426.32,4,3,5,4.0,4,2105,22.54,274,1,2,Hibernating
15916,United Kingdom,16,13,3427.17,1,5,5,3.6666666666666665,13,1703,10.48,713,0,0,Loyal Regulars
16045,United Kingdom,119,8,3434.93,3,4,5,4.0,8,2108,23.21,379,1,0,Loyal Regulars
15676,United Kingdom,18,3,3435.76,1,3,5,3.0,3,2252,17.01,265,0,0,Loyal Regulars
12609,Germany,78,9,3435.86,3,5,5,4.333333333333333,9,1553,19.63,641,0,0,Loyal Regulars
17931,United Kingdom,134,14,3437.29,3,5,5,4.333333333333333,14,1937,9.63,527,1,0,Loyal Regulars
17725,United Kingdom,16,11,3439.08,1,5,5,3.6666666666666665,11,2162,17.91,251,0,0,Loyal Regulars
16208,United Kingdom,44,10,3440.45,2,5,5,4.0,10,1541,13.6,609,0,0,Loyal Regulars
15974,United Kingdom,39,7,3442.15,2,4,5,3.6666666666666665,7,2262,19.56,249,0,0,Loyal Regulars
13313,United Kingdom,22,12,3445.32,2,5,5,4.0,12,2308,18.42,715,0,0,Loyal Regulars
13536,United Kingdom,1,7,3448.29,1,4,5,3.3333333333333335,7,2136,19.26,74,0,0,Loyal Regulars
14837,United Kingdom,89,9,3460.32,3,5,5,4.333333333333333,9,3030,16.56,595,0,0,Loyal Regulars
16271,United Kingdom,2,10,3463.02,1,5,5,3.6666666666666665,10,2399,11.35,640,0,0,Loyal Regulars
15356,United Kingdom,31,13,3464.95,2,5,5,4.0,13,2015,4.59,391,0,0,Loyal Regulars
14533,United Kingdom,24,11,3466.37,2,5,5,4.0,11,6038,38.95,586,0,0,Loyal Regulars
13849,United Kingdom,51,5,3469.3,2,4,5,3.6666666666666665,5,1883,15.77,573,0,0,Loyal Regulars
15712,United Kingdom,9,12,3472.41,1,5,5,3.6666666666666665,12,1277,20.92,729,0,0,Loyal Regulars
15380,United Kingdom,8,11,3479.06,1,5,5,3.6666666666666665,11,1032,65.64,730,0,0,Loyal Regulars
17913,United Kingdom,58,14,3479.64,2,5,5,4.0,14,1745,7.31,678,0,0,Loyal Regulars
12631,Finland,57,6,3481.57,2,4,5,3.6666666666666665,6,1607,19.02,636,0,0,Loyal Regulars
17597,United Kingdom,213,5,3484.09,4,4,5,4.333333333333333,5,2215,27.22,370,1,0,Loyal Regulars
15306,United Kingdom,64,9,3484.73,3,5,5,4.333333333333333,9,3074,21.51,595,0,0,Loyal Regulars
13577,United Kingdom,25,11,3489.28,2,5,5,4.0,11,1661,20.77,700,0,0,Loyal Regulars
13929,United Kingdom,169,11,3494.1,3,5,5,4.333333333333333,11,1566,61.3,525,1,0,Loyal Regulars
14934,Channel Islands,81,5,3503.5,3,4,5,4.0,5,2100,18.94,360,0,0,Loyal Regulars
18044,United Kingdom,4,18,3505.61,1,5,5,3.6666666666666665,18,1598,17.53,556,0,0,Loyal Regulars
14898,United Kingdom,23,14,3507.81,2,5,5,4.0,14,2247,11.54,713,0,0,Loyal Regulars
16347,United Kingdom,11,11,3509.41,1,5,5,3.6666666666666665,11,1750,9.91,626,0,0,Loyal Regulars
17768,United Kingdom,8,7,3509.51,1,4,5,3.3333333333333335,7,2433,18.47,729,0,0,Loyal Regulars
16360,United Kingdom,4,6,3512.53,1,4,5,3.3333333333333335,6,2144,5.31,84,0,0,Loyal Regulars
16336,United Kingdom,420,4,3517.69,5,3,5,4.333333333333333,4,1473,51.73,211,1,2,Hibernating
15059,United Kingdom,40,19,3523.57,2,5,5,4.0,19,1617,5.92,693,0,0,Loyal Regulars
17924,United Kingdom,11,8,3536.7,1,5,5,3.6666666666666665,8,1268,101.05,403,0,0,Loyal Regulars
16395,United Kingdom,60,14,3537.85,3,5,5,4.333333333333333,14,2919,5.47,673,0,0,Loyal Regulars
12645,Germany,33,8,3539.3,2,4,5,3.6666666666666665,8,2125,22.12,635,0,0,Loyal Regulars
14503,United Kingdom,3,6,3543.26,1,4,5,3.3333333333333335,6,2004,21.61,175,0,0,Loyal Regulars
15222,United Kingdom,318,11,3550.91,4,5,5,4.666666666666667,11,4458,25.73,405,1,2,Hibernating
14737,United Kingdom,3,4,3554.17,1,4,5,3.3333333333333335,4,1071,78.98,397,0,0,Loyal Regulars
18219,United Kingdom,2,17,3562.89,1,5,5,3.6666666666666665,17,1653,17.55,730,0,0,Loyal Regulars
17311,United Kingdom,78,6,3566.56,3,4,5,4.0,6,2755,28.08,596,0,0,Loyal Regulars
17679,United Kingdom,52,7,3577.61,2,4,5,3.6666666666666665,7,1755,44.17,684,0,0,Loyal Regulars
14132,United Kingdom,2,11,3586.03,1,5,5,3.6666666666666665,11,3368,17.93,181,0,0,Loyal Regulars
15569,United Kingdom,103,10,3586.35,3,5,5,4.333333333333333,10,1736,25.26,546,1,0,Loyal Regulars
17422,United Kingdom,16,11,3594.76,1,5,5,3.6666666666666665,11,3538,17.54,518,0,0,Loyal Regulars
16325,United Kingdom,46,12,3597.5,2,5,5,4.0,12,2464,26.07,689,0,0,Loyal Regulars
12963,United Kingdom,8,12,3601.59,1,5,5,3.6666666666666665,12,1809,18.96,511,0,0,Loyal Regulars
13750,United Kingdom,53,11,3602.18,2,5,5,4.0,11,1370,48.03,564,0,0,Loyal Regulars
18242,United Kingdom,72,8,3605.21,3,4,5,4.0,8,2021,25.75,625,0,0,Loyal Regulars
15791,United Kingdom,43,5,3608.34,2,4,5,3.6666666666666665,5,1970,21.61,598,0,0,Loyal Regulars
15113,United Kingdom,9,3,3609.33,1,3,5,3.0,3,2386,36.09,45,0,0,Loyal Regulars
15505,United Kingdom,52,5,3610.96,2,4,5,3.6666666666666665,5,2390,37.23,103,0,0,Loyal Regulars
16503,United Kingdom,106,11,3614.34,3,5,5,4.333333333333333,11,1535,16.97,430,1,0,Loyal Regulars
14653,United Kingdom,1,12,3614.54,1,5,5,3.6666666666666665,12,1976,9.36,736,0,0,Loyal Regulars
14882,United Kingdom,26,14,3628.15,2,5,5,4.0,14,1640,53.36,593,0,0,Loyal Regulars
17528,United Kingdom,1,8,3628.5,1,5,5,3.6666666666666665,8,2138,14.34,70,0,0,Loyal Regulars
16053,United Kingdom,32,6,3634.84,2,4,5,3.6666666666666665,6,3067,18.74,578,0,0,Loyal Regulars
16748,United Kingdom,17,14,3637.33,1,5,5,3.6666666666666665,14,2127,22.04,712,0,0,Loyal Regulars
14770,United Kingdom,232,8,3637.64,4,4,5,4.333333333333333,8,1598,18.47,420,1,0,Loyal Regulars
17063,United Kingdom,21,13,3638.53,2,5,5,4.0,13,1899,17.75,717,0,0,Loyal Regulars
16718,United Kingdom,369,5,3647.53,4,4,5,4.333333333333333,5,2343,16.36,364,1,2,Hibernating
13632,United Kingdom,24,8,3648.15,2,4,5,3.6666666666666665,8,1639,16.51,587,0,0,Loyal Regulars
17848,United Kingdom,81,30,3650.9,3,5,5,4.333333333333333,30,1438,21.73,652,0,0,Loyal Regulars
14857,United Kingdom,59,7,3651.85,3,4,5,4.0,7,2081,17.14,575,0,0,Loyal Regulars
17655,United Kingdom,10,9,3652.48,1,5,5,3.6666666666666665,9,1542,30.44,406,0,0,Loyal Regulars
16444,United Kingdom,46,17,3656.58,2,5,5,4.0,17,1959,9.72,579,0,0,Loyal Regulars
14640,United Kingdom,24,10,3667.06,2,5,5,4.0,10,1651,17.98,662,0,0,Loyal Regulars
15953,United Kingdom,15,18,3669.55,1,5,5,3.6666666666666665,18,1852,19.73,721,0,0,Loyal Regulars
12468,Germany,187,5,3670.74,3,4,5,4.0,5,2201,24.47,495,1,0,Loyal Regulars
12872,United Kingdom,326,12,3685.49,4,5,5,4.666666666666667,12,1855,8.45,410,1,2,Hibernating
12857,United Kingdom,210,6,3688.0,4,4,5,4.333333333333333,6,1420,30.48,473,1,0,Loyal Regulars
16094,United Kingdom,11,11,3695.56,1,5,5,3.6666666666666665,11,2020,18.85,591,0,0,Loyal Regulars
14776,United Kingdom,51,15,3708.3,2,5,5,4.0,15,4658,19.52,395,0,0,Loyal Regulars
16983,United Kingdom,12,11,3710.22,1,5,5,3.6666666666666665,11,2508,14.9,434,0,0,Loyal Regulars
12737,France,498,2,3710.5,5,2,5,4.0,2,2,1855.25,0,1,2,Hibernating
14593,United Kingdom,21,12,3712.01,2,5,5,4.0,12,1875,5.98,709,0,0,Loyal Regulars
14364,United Kingdom,108,8,3717.35,3,4,5,4.0,8,1967,53.87,103,1,0,Loyal Regulars
16240,United Kingdom,24,2,3718.8,2,3,5,3.3333333333333335,2,1641,27.55,53,0,0,Loyal Regulars
16772,United Kingdom,423,3,3723.55,5,3,5,4.333333333333333,3,689,53.96,298,1,2,Hibernating
12502,Spain,95,5,3723.87,3,4,5,4.0,5,820,25.33,214,1,0,Loyal Regulars
15255,United Kingdom,66,9,3729.42,3,5,5,4.333333333333333,9,2226,19.73,670,0,0,Loyal Regulars
16539,United Kingdom,2,10,3732.01,1,5,5,3.6666666666666665,10,1315,24.55,530,0,0,Loyal Regulars
15351,United Kingdom,12,10,3738.29,1,5,5,3.6666666666666665,10,1491,10.05,420,0,0,Loyal Regulars
15370,United Kingdom,40,8,3739.01,2,4,5,3.6666666666666665,8,1397,25.97,370,0,0,Loyal Regulars
12623,Germany,276,7,3747.84,4,4,5,4.333333333333333,7,1971,21.66,420,1,2,Hibernating
14515,United Kingdom,17,12,3749.26,1,5,5,3.6666666666666665,12,1917,21.3,533,0,0,Loyal Regulars
13305,United Kingdom,4,16,3754.71,1,5,5,3.6666666666666665,16,2361,18.23,635,0,0,Loyal Regulars
14409,United Kingdom,71,9,3756.09,3,5,5,4.333333333333333,9,2401,35.43,496,0,0,Loyal Regulars
17553,United Kingdom,129,4,3757.6,3,3,5,3.6666666666666665,4,2288,626.27,481,1,0,Loyal Regulars
17096,United Kingdom,15,11,3759.18,1,5,5,3.6666666666666665,11,1571,17.32,540,0,0,Loyal Regulars
12530,Germany,59,9,3759.26,3,5,5,4.333333333333333,9,2713,23.79,583,0,0,Loyal Regulars
12670,France,10,7,3760.29,1,4,5,3.3333333333333335,7,1627,32.7,656,0,0,Loyal Regulars
17173,United Kingdom,5,8,3766.6,1,5,5,3.6666666666666665,8,1122,43.8,126,0,0,Loyal Regulars
15079,United Kingdom,212,11,3767.35,4,5,5,4.666666666666667,11,1504,25.98,519,1,0,Loyal Regulars
18168,United Kingdom,176,16,3770.27,3,5,5,4.333333333333333,16,2177,9.33,560,1,0,Loyal Regulars
15532,United Kingdom,25,10,3771.9,2,5,5,4.0,10,1349,6.02,524,0,0,Loyal Regulars
15834,United Kingdom,70,7,3772.99,3,4,5,4.0,7,1819,9.98,354,0,0,Loyal Regulars
17293,United Kingdom,8,17,3774.23,1,5,5,3.6666666666666665,17,2234,15.41,728,0,0,Loyal Regulars
14649,United Kingdom,4,9,3775.31,1,5,5,3.6666666666666665,9,2464,6.6,684,0,0,Loyal Regulars
15494,United Kingdom,21,5,3780.05,2,4,5,3.6666666666666665,5,3097,9.97,708,0,0,Loyal Regulars
14309,United Kingdom,8,11,3780.81,1,5,5,3.6666666666666665,11,2583,20.0,542,0,0,Loyal Regulars
12619,Germany,16,10,3781.38,1,5,5,3.6666666666666665,10,3518,37.81,544,0,0,Loyal Regulars
16950,United Kingdom,56,10,3784.37,2,5,5,4.0,10,2492,25.23,628,0,0,Loyal Regulars
15827,United Kingdom,73,28,3794.07,3,5,5,4.333333333333333,28,1824,16.42,627,0,0,Loyal Regulars
14540,United Kingdom,9,11,3795.34,1,5,5,3.6666666666666665,11,1619,13.9,723,0,0,Loyal Regulars
16128,United Kingdom,17,11,3801.05,1,5,5,3.6666666666666665,11,2445,20.88,494,0,0,Loyal Regulars
17071,United Kingdom,28,13,3801.2,2,5,5,4.0,13,1935,17.93,656,0,0,Loyal Regulars
16636,United Kingdom,438,4,3802.04,5,3,5,4.333333333333333,4,2186,52.08,208,1,2,Hibernating
15421,United Kingdom,58,10,3805.34,2,5,5,4.0,10,1927,12.04,674,0,0,Loyal Regulars
12597,Spain,19,4,3811.22,2,4,5,3.6666666666666665,4,2236,18.5,249,0,0,Loyal Regulars
15704,United Kingdom,140,6,3817.96,3,4,5,4.0,6,1723,18.44,443,1,0,Loyal Regulars
13481,United Kingdom,45,11,3830.84,2,5,5,4.0,11,2055,17.1,690,0,0,Loyal Regulars
17659,United Kingdom,17,14,3834.79,1,5,5,3.6666666666666665,14,1816,18.8,369,0,0,Loyal Regulars
13357,United Kingdom,257,5,3838.36,4,4,5,4.333333333333333,5,2142,9.62,370,1,0,Loyal Regulars
16466,United Kingdom,33,15,3838.59,2,5,5,4.0,15,1806,10.97,609,0,0,Loyal Regulars
16341,United Kingdom,24,7,3850.79,2,4,5,3.6666666666666665,7,3022,24.37,585,0,0,Loyal Regulars
13213,United Kingdom,56,11,3851.52,2,5,5,4.0,11,2962,18.88,512,0,0,Loyal Regulars
16057,United Kingdom,16,10,3854.85,1,5,5,3.6666666666666665,10,1691,17.68,685,0,0,Loyal Regulars
16440,United Kingdom,7,6,3856.97,1,4,5,3.3333333333333335,6,2108,12.56,486,0,0,Loyal Regulars
14532,United Kingdom,236,11,3859.18,4,5,5,4.666666666666667,11,1115,12.14,462,1,0,Loyal Regulars
14565,United Kingdom,95,5,3859.22,3,4,5,4.0,5,1940,24.12,378,1,0,Loyal Regulars
15195,United Kingdom,2,1,3861.0,1,1,5,2.3333333333333335,1,1404,3861.0,0,0,0,Loyal Regulars
18073,United Kingdom,114,12,3877.52,3,5,5,4.333333333333333,12,3108,53.12,83,1,0,Loyal Regulars
15067,United Kingdom,78,5,3877.88,3,4,5,4.0,5,2163,21.79,529,0,0,Loyal Regulars
14655,United Kingdom,8,7,3878.51,1,4,5,3.3333333333333335,7,2341,37.66,588,0,0,Loyal Regulars
13446,United Kingdom,430,11,3881.89,5,5,5,5.0,11,2403,20.22,233,1,2,Hibernating
15288,United Kingdom,43,10,3883.13,2,5,5,4.0,10,1404,21.45,622,0,0,Loyal Regulars
14744,United Kingdom,16,14,3885.08,1,5,5,3.6666666666666665,14,2547,32.11,554,0,0,Loyal Regulars
12358,Austria,1,5,3887.07,1,4,5,3.3333333333333335,5,1079,50.48,730,0,0,Loyal Regulars
15811,United Kingdom,22,7,3890.52,2,4,5,3.6666666666666665,7,1922,12.55,366,0,0,Loyal Regulars
15823,United Kingdom,372,3,3897.17,4,3,5,4.0,3,1775,24.98,359,1,2,Hibernating
12388,Australia,15,8,3901.11,1,5,5,3.6666666666666665,8,2001,26.72,567,0,0,Loyal Regulars
13995,United Kingdom,15,14,3902.01,1,5,5,3.6666666666666665,14,2359,16.97,706,0,0,Loyal Regulars
15696,United Kingdom,33,13,3906.57,2,5,5,4.0,13,1399,17.44,651,0,0,Loyal Regulars
12853,United Kingdom,134,11,3907.5,3,5,5,4.333333333333333,11,1668,26.4,538,1,0,Loyal Regulars
14498,United Kingdom,42,10,3911.27,2,5,5,4.0,10,2122,10.54,508,0,0,Loyal Regulars
13037,United Kingdom,138,12,3914.95,3,5,5,4.333333333333333,12,2130,16.87,598,1,0,Loyal Regulars
15819,United Kingdom,49,10,3934.79,2,5,5,4.0,10,2928,15.13,582,0,0,Loyal Regulars
15051,United Kingdom,23,9,3935.16,2,5,5,4.0,9,3053,13.57,715,0,0,Loyal Regulars
12473,Germany,29,5,3938.55,2,4,5,3.6666666666666665,5,2439,23.44,162,0,0,Loyal Regulars
14465,United Kingdom,246,11,3946.03,4,5,5,4.666666666666667,11,2546,19.73,455,1,0,Loyal Regulars
17667,United Kingdom,66,9,3950.7,3,5,5,4.333333333333333,9,2192,17.18,588,0,0,Loyal Regulars
15983,United Kingdom,22,8,3958.82,2,5,5,4.0,8,2450,12.53,711,0,0,Loyal Regulars
14817,United Kingdom,200,7,3959.86,4,4,5,4.333333333333333,7,2462,17.22,427,1,0,Loyal Regulars
15858,United Kingdom,15,13,3960.37,1,5,5,3.6666666666666665,13,2919,8.2,714,0,0,Loyal Regulars
17954,United Kingdom,5,19,3966.05,1,5,5,3.6666666666666665,19,3265,5.14,725,0,0,Loyal Regulars
16771,United Kingdom,33,10,3967.6,2,5,5,4.0,10,2314,9.63,697,0,0,Loyal Regulars
16719,United Kingdom,14,14,3973.3,1,5,5,3.6666666666666665,14,2536,8.95,712,0,0,Loyal Regulars
13126,United Kingdom,4,13,3998.25,1,5,5,3.6666666666666665,13,3409,15.93,643,0,0,Loyal Regulars
17307,United Kingdom,395,11,3999.89,4,5,5,4.666666666666667,11,3667,83.33,294,1,2,Hibernating
16841,United Kingdom,36,12,4006.06,2,5,5,4.0,12,3478,18.29,660,0,0,Loyal Regulars
13542,United Kingdom,376,17,4006.17,4,5,5,4.666666666666667,17,815,11.89,353,1,2,Hibernating
14547,United Kingdom,3,8,4007.54,1,5,5,3.6666666666666665,8,2668,10.95,51,0,0,Loyal Regulars
13895,United Kingdom,28,6,4008.52,2,4,5,3.6666666666666665,6,2060,21.55,708,0,0,Loyal Regulars
17019,United Kingdom,11,11,4012.2,1,5,5,3.6666666666666665,11,2643,5.63,726,0,0,Loyal Regulars
12721,France,31,8,4013.08,2,4,5,3.6666666666666665,8,2655,16.79,440,0,0,Loyal Regulars
15782,United Kingdom,9,4,4014.1,1,4,5,3.3333333333333335,4,1844,65.8,421,0,0,Loyal Regulars
12726,France,28,11,4014.6,2,5,5,4.0,11,4618,22.43,596,0,0,Loyal Regulars
15665,United Kingdom,168,5,4015.12,3,4,5,4.0,5,2794,13.94,467,1,0,Loyal Regulars
14824,United Kingdom,10,10,4022.91,1,5,5,3.6666666666666665,10,1954,25.46,627,0,0,Loyal Regulars
16791,United Kingdom,29,15,4038.69,2,5,5,4.0,15,1874,5.79,707,0,0,Loyal Regulars
12840,United Kingdom,143,7,4041.97,3,4,5,4.0,7,2258,22.97,531,1,0,Loyal Regulars
17211,United Kingdom,26,13,4046.65,2,5,5,4.0,13,2345,10.73,700,0,0,Loyal Regulars
17083,United Kingdom,109,9,4049.79,3,5,5,4.333333333333333,9,1955,35.22,559,1,0,Loyal Regulars
15571,United Kingdom,11,14,4051.63,1,5,5,3.6666666666666665,14,2506,6.38,722,0,0,Loyal Regulars
14025,United Kingdom,464,8,4057.9,5,4,5,4.666666666666667,8,1914,40.99,119,1,2,Hibernating
12449,Belgium,22,4,4067.29,2,4,5,3.6666666666666665,4,1553,21.29,165,0,0,Loyal Regulars
12449,Belgium,22,4,4067.29,2,4,5,3.6666666666666665,2,729,76.86,28,0,0,Loyal Regulars
12371,Switzerland,44,5,4067.38,2,4,5,3.6666666666666665,5,1436,24.36,601,0,0,Loyal Regulars
15572,United Kingdom,4,10,4068.67,1,5,5,3.6666666666666665,10,2148,11.43,600,0,0,Loyal Regulars
14913,United Kingdom,35,8,4073.13,2,4,5,3.6666666666666665,8,3955,16.49,450,0,0,Loyal Regulars
17618,United Kingdom,5,11,4073.24,1,5,5,3.6666666666666665,11,1820,10.86,679,0,0,Loyal Regulars
15024,United Kingdom,9,16,4075.51,1,5,5,3.6666666666666665,16,2201,10.99,415,0,0,Loyal Regulars
12876,Belgium,57,4,4081.79,2,4,5,3.6666666666666665,4,3047,24.01,533,0,0,Loyal Regulars
13048,United Kingdom,14,9,4084.21,1,5,5,3.6666666666666665,9,2705,15.24,667,0,0,Loyal Regulars
14566,Channel Islands,110,4,4092.0,3,3,5,3.6666666666666665,4,2400,255.75,423,1,0,Loyal Regulars
13421,United Kingdom,40,8,4103.12,2,4,5,3.6666666666666665,8,2420,15.08,623,0,0,Loyal Regulars
14878,United Kingdom,12,25,4105.24,1,5,5,3.6666666666666665,25,2432,10.89,644,0,0,Loyal Regulars
14408,United Kingdom,10,11,4109.77,1,5,5,3.6666666666666665,11,2444,31.86,722,0,0,Loyal Regulars
17287,United Kingdom,26,21,4111.96,2,5,5,4.0,21,2101,8.31,710,0,0,Loyal Regulars
16928,United Kingdom,80,29,4113.23,3,5,5,4.333333333333333,29,2755,12.28,594,0,0,Loyal Regulars
13450,United Kingdom,26,13,4120.04,2,5,5,4.0,13,4318,28.03,577,0,0,Loyal Regulars
12569,Germany,2,32,4124.69,1,5,5,3.6666666666666665,32,1801,21.94,250,0,0,Loyal Regulars
16209,United Kingdom,88,9,4146.78,3,5,5,4.333333333333333,9,1895,61.89,458,0,0,Loyal Regulars
17646,United Kingdom,219,12,4149.79,4,5,5,4.666666666666667,12,1418,20.24,504,1,0,Loyal Regulars
13461,United Kingdom,38,6,4160.0,2,4,5,3.6666666666666665,6,3132,67.1,559,0,0,Loyal Regulars
12653,Israel,148,3,4160.83,3,3,5,3.6666666666666665,3,1681,48.38,378,1,0,Loyal Regulars
14740,United Kingdom,197,11,4161.06,4,5,5,4.666666666666667,11,2081,18.01,455,1,0,Loyal Regulars
18194,United Kingdom,82,6,4162.04,3,4,5,4.0,6,1774,148.64,598,0,0,Loyal Regulars
17526,United Kingdom,4,12,4166.04,1,5,5,3.6666666666666665,12,1482,42.95,718,0,0,Loyal Regulars
18287,United Kingdom,42,7,4182.99,2,4,5,3.6666666666666665,7,3013,26.99,529,0,0,Loyal Regulars
17738,United Kingdom,19,13,4183.56,1,5,5,3.6666666666666665,13,2776,18.19,611,0,0,Loyal Regulars
14868,United Kingdom,3,12,4184.01,1,5,5,3.6666666666666665,12,2230,19.83,417,0,0,Loyal Regulars
17218,United Kingdom,4,18,4192.68,1,5,5,3.6666666666666665,18,2200,7.99,679,0,0,Loyal Regulars
15050,United Kingdom,25,5,4193.79,2,4,5,3.6666666666666665,5,2628,26.88,455,0,0,Loyal Regulars
15804,United Kingdom,0,13,4206.39,1,5,5,3.6666666666666665,13,2565,16.05,198,0,0,Loyal Regulars
15752,United Kingdom,39,9,4207.54,2,5,5,4.0,9,2967,6.9,418,0,0,Loyal Regulars
15518,United Kingdom,64,15,4218.94,3,5,5,4.333333333333333,15,2823,9.27,655,0,0,Loyal Regulars
17673,United Kingdom,1,13,4233.58,1,5,5,3.6666666666666665,13,3338,8.14,629,0,0,Loyal Regulars
16875,United Kingdom,67,11,4234.53,3,5,5,4.333333333333333,11,2099,18.41,636,0,0,Loyal Regulars
13911,United Kingdom,57,20,4234.99,2,5,5,4.0,20,4487,17.79,591,0,0,Loyal Regulars
17728,United Kingdom,3,5,4238.76,1,4,5,3.3333333333333335,5,2146,17.37,450,0,0,Loyal Regulars
18079,United Kingdom,45,5,4242.75,2,4,5,3.6666666666666665,5,8815,30.31,446,0,0,Loyal Regulars
12935,United Kingdom,2,15,4243.86,1,5,5,3.6666666666666665,15,3201,16.71,605,0,0,Loyal Regulars
16571,United Kingdom,26,10,4248.74,2,5,5,4.0,10,3703,16.66,605,0,0,Loyal Regulars
12360,Austria,52,8,4252.89,2,4,5,3.6666666666666665,8,2459,19.6,603,0,0,Loyal Regulars
16743,United Kingdom,29,14,4253.26,2,5,5,4.0,14,3738,11.34,567,0,0,Loyal Regulars
14047,United Kingdom,8,14,4255.03,1,5,5,3.6666666666666665,14,1649,25.95,668,0,0,Loyal Regulars
14239,United Kingdom,43,21,4263.17,2,5,5,4.0,21,1729,20.3,691,0,0,Loyal Regulars
16712,United Kingdom,9,13,4266.99,1,5,5,3.6666666666666665,13,2093,8.05,392,0,0,Loyal Regulars
17930,United Kingdom,35,13,4275.22,2,5,5,4.0,13,3795,49.14,610,0,0,Loyal Regulars
18230,United Kingdom,9,9,4291.06,1,5,5,3.6666666666666665,9,1996,30.65,516,0,0,Loyal Regulars
17937,United Kingdom,8,7,4301.22,1,4,5,3.3333333333333335,7,1754,100.03,354,0,0,Loyal Regulars
12928,United Kingdom,35,12,4304.89,2,5,5,4.0,12,2899,24.05,514,0,0,Loyal Regulars
12967,United Kingdom,358,3,4306.92,4,3,5,4.0,3,1272,53.84,25,1,2,Hibernating
15493,United Kingdom,32,9,4314.98,2,5,5,4.0,9,1260,6.64,622,0,0,Loyal Regulars
18259,United Kingdom,24,7,4318.2,2,4,5,3.6666666666666665,7,1390,46.94,707,0,0,Loyal Regulars
14334,United Kingdom,16,12,4318.48,1,5,5,3.6666666666666665,12,2986,16.74,552,0,0,Loyal Regulars
16477,United Kingdom,63,11,4320.02,3,5,5,4.333333333333333,11,2632,16.62,421,0,0,Loyal Regulars
14854,United Kingdom,78,11,4322.86,3,5,5,4.333333333333333,11,2999,20.11,608,0,0,Loyal Regulars
16072,United Kingdom,288,4,4328.89,4,3,5,4.0,4,1611,7.79,261,1,2,Hibernating
16241,United Kingdom,9,16,4329.31,1,5,5,3.6666666666666665,16,2377,4.36,401,0,0,Loyal Regulars
18077,United Kingdom,8,18,4338.56,1,5,5,3.6666666666666665,18,3233,11.51,724,0,0,Loyal Regulars
12408,Belgium,32,8,4340.77,2,4,5,3.6666666666666665,8,2229,27.3,466,0,0,Loyal Regulars
15633,United Kingdom,509,13,4352.46,5,5,5,5.0,13,2058,24.59,222,1,2,Hibernating
14482,United Kingdom,18,12,4357.91,1,5,5,3.6666666666666665,12,2891,17.22,452,0,0,Loyal Regulars
12917,United Kingdom,128,6,4359.2,3,4,5,4.0,6,1104,87.18,602,1,0,Loyal Regulars
12752,Norway,81,1,4366.78,3,1,5,3.0,1,2262,82.39,0,0,0,Loyal Regulars
13297,United Kingdom,7,7,4368.62,1,4,5,3.3333333333333335,7,2694,35.52,535,0,0,Loyal Regulars
12523,France,19,23,4372.15,2,5,5,4.0,23,2275,17.49,713,0,0,Loyal Regulars
16118,United Kingdom,652,1,4376.25,5,2,5,4.0,1,2851,106.74,0,1,2,Hibernating
17372,United Kingdom,40,28,4377.56,2,5,5,4.0,28,1876,6.63,696,0,0,Loyal Regulars
15708,United Kingdom,40,9,4378.72,2,5,5,4.0,9,1675,11.09,385,0,0,Loyal Regulars
16455,United Kingdom,63,11,4384.37,3,5,5,4.333333333333333,11,3103,19.49,556,0,0,Loyal Regulars
18272,United Kingdom,2,9,4385.98,1,5,5,3.6666666666666665,9,2880,19.41,643,0,0,Loyal Regulars
16749,United Kingdom,591,2,4387.08,5,2,5,4.0,2,2078,56.98,133,1,2,Hibernating
16732,United Kingdom,31,4,4387.64,2,4,5,3.6666666666666665,4,2414,19.85,700,0,0,Loyal Regulars
13880,United Kingdom,21,17,4391.66,2,5,5,4.0,17,2589,19.18,541,0,0,Loyal Regulars
13505,Switzerland,72,4,4393.63,3,3,5,3.6666666666666665,4,2486,20.44,160,0,0,Loyal Regulars
16150,United Kingdom,42,10,4395.59,2,5,5,4.0,10,2164,18.47,680,0,0,Loyal Regulars
15203,United Kingdom,25,15,4400.18,2,5,5,4.0,15,4182,12.83,706,0,0,Loyal Regulars
15861,United Kingdom,12,12,4401.79,1,5,5,3.6666666666666665,12,3860,5.52,668,0,0,Loyal Regulars
14211,United Kingdom,53,18,4402.29,2,5,5,4.0,18,2575,18.34,677,0,0,Loyal Regulars
16283,United Kingdom,5,8,4403.82,1,5,5,3.6666666666666665,8,2889,7.43,644,0,0,Loyal Regulars
16626,United Kingdom,0,17,4413.1,1,5,5,3.6666666666666665,17,2690,24.65,266,0,0,Loyal Regulars
17138,United Kingdom,275,7,4417.27,4,4,5,4.333333333333333,7,2024,17.25,398,1,2,Hibernating
17412,United Kingdom,2,16,4417.52,1,5,5,3.6666666666666665,16,2604,18.72,735,0,0,Loyal Regulars
16563,United Kingdom,53,6,4422.76,2,4,5,3.6666666666666665,6,2596,49.14,685,0,0,Loyal Regulars
15845,United Kingdom,17,11,4426.28,1,5,5,3.6666666666666665,11,2128,25.44,665,0,0,Loyal Regulars
12349,Italy,18,4,4428.69,1,4,5,3.3333333333333335,4,1624,25.31,571,0,0,Loyal Regulars
17722,United Kingdom,96,5,4430.36,3,4,5,4.0,5,2937,20.23,279,1,0,Loyal Regulars
16218,United Kingdom,29,13,4439.97,2,5,5,4.0,13,3237,27.07,532,0,0,Loyal Regulars
13982,United Kingdom,39,9,4445.59,2,5,5,4.0,9,2736,17.57,649,0,0,Loyal Regulars
16098,United Kingdom,87,14,4448.1,3,5,5,4.333333333333333,14,2150,27.29,637,0,0,Loyal Regulars
18093,United Kingdom,93,8,4452.71,3,4,5,4.0,8,3429,73.0,525,1,0,Loyal Regulars
17682,United Kingdom,10,11,4456.78,1,5,5,3.6666666666666665,11,2491,18.73,631,0,0,Loyal Regulars
15240,United Kingdom,44,12,4459.98,2,5,5,4.0,12,3214,19.91,690,0,0,Loyal Regulars
16081,United Kingdom,56,8,4460.18,2,4,5,3.6666666666666665,8,2244,11.18,618,0,0,Loyal Regulars
14341,United Kingdom,45,18,4467.32,2,5,5,4.0,18,2819,16.79,693,0,0,Loyal Regulars
13435,United Kingdom,5,9,4475.23,1,5,5,3.6666666666666665,9,2791,29.44,495,0,0,Loyal Regulars
12627,Germany,10,7,4478.53,1,4,5,3.3333333333333335,7,2752,19.47,130,0,0,Loyal Regulars
16912,United Kingdom,28,15,4480.31,2,5,5,4.0,15,1693,25.9,702,0,0,Loyal Regulars
17220,United Kingdom,24,21,4481.75,2,5,5,4.0,21,2699,6.58,664,0,0,Loyal Regulars
18064,United Kingdom,133,11,4495.03,3,5,5,4.333333333333333,11,2709,69.15,543,1,0,Loyal Regulars
15122,United Kingdom,114,11,4497.47,3,5,5,4.333333333333333,11,2045,19.73,505,1,0,Loyal Regulars
14625,United Kingdom,196,11,4497.88,4,5,5,4.666666666666667,11,2155,16.91,527,1,0,Loyal Regulars
15764,United Kingdom,88,8,4503.08,3,4,5,4.0,8,2945,18.08,390,0,0,Loyal Regulars
15680,United Kingdom,9,10,4507.58,1,5,5,3.6666666666666665,10,3074,16.95,728,0,0,Loyal Regulars
17308,United Kingdom,393,2,4511.76,4,2,5,3.6666666666666665,2,5148,644.54,59,1,2,Hibernating
14290,United Kingdom,11,8,4516.56,1,5,5,3.6666666666666665,8,1600,29.91,720,0,0,Loyal Regulars
14001,United Kingdom,45,9,4530.09,2,5,5,4.0,9,1873,40.45,448,0,0,Loyal Regulars
12598,France,9,11,4534.09,1,5,5,3.6666666666666665,11,2906,22.01,639,0,0,Loyal Regulars
18069,United Kingdom,26,11,4540.56,2,5,5,4.0,11,3227,4.55,623,0,0,Loyal Regulars
13571,United Kingdom,12,26,4546.54,1,5,5,3.6666666666666665,26,3197,6.73,719,0,0,Loyal Regulars
14648,United Kingdom,416,15,4546.86,5,5,5,5.0,15,3326,9.99,313,1,2,Hibernating
15365,United Kingdom,25,13,4557.13,2,5,5,4.0,13,2131,20.9,648,0,0,Loyal Regulars
13510,United Kingdom,1,11,4558.29,1,5,5,3.6666666666666665,11,3044,15.77,717,0,0,Loyal Regulars
17613,United Kingdom,22,14,4559.15,2,5,5,4.0,14,2496,14.61,283,0,0,Loyal Regulars
14701,United Kingdom,10,15,4562.09,1,5,5,3.6666666666666665,15,1782,7.41,674,0,0,Loyal Regulars
13491,United Kingdom,51,27,4566.56,2,5,5,4.0,27,2385,17.04,681,0,0,Loyal Regulars
15416,United Kingdom,64,7,4572.82,3,4,5,4.0,7,2420,20.06,612,0,0,Loyal Regulars
17754,United Kingdom,0,13,4577.53,1,5,5,3.6666666666666665,13,4441,20.08,728,0,0,Loyal Regulars
17508,Greece,280,8,4579.23,4,4,5,4.333333333333333,8,2891,19.82,452,1,2,Hibernating
16125,United Kingdom,367,14,4587.65,4,5,5,4.666666666666667,14,1944,15.24,358,1,2,Hibernating
17188,United Kingdom,11,13,4592.93,1,5,5,3.6666666666666665,13,2569,26.7,720,0,0,Loyal Regulars
14514,United Kingdom,61,9,4598.98,3,5,5,4.333333333333333,9,2496,13.53,665,0,0,Loyal Regulars
18257,United Kingdom,39,12,4600.15,2,5,5,4.0,12,2369,16.67,620,0,0,Loyal Regulars
13851,United Kingdom,95,8,4606.46,3,4,5,4.0,8,2525,32.9,584,1,0,Loyal Regulars
12553,France,8,12,4608.75,1,5,5,3.6666666666666665,12,2325,19.36,415,0,0,Loyal Regulars
15245,United Kingdom,134,8,4610.84,3,4,5,4.0,8,3021,31.15,461,1,0,Loyal Regulars
14441,United Kingdom,0,11,4611.69,1,5,5,3.6666666666666665,11,1260,29.95,690,0,0,Loyal Regulars
12782,Portugal,4,11,4618.24,1,5,5,3.6666666666666665,11,2017,20.34,515,0,0,Loyal Regulars
14685,United Kingdom,576,8,4619.79,5,4,5,4.666666666666667,8,2012,23.69,150,1,2,Hibernating
17442,United Kingdom,36,15,4620.3,2,5,5,4.0,15,3134,16.33,626,0,0,Loyal Regulars
12578,Italy,21,4,4642.45,2,4,5,3.6666666666666665,4,2380,26.99,422,0,0,Loyal Regulars
14466,United Kingdom,29,13,4646.9,2,5,5,4.0,13,2644,21.51,697,0,0,Loyal Regulars
12916,United Kingdom,138,7,4654.02,3,4,5,4.0,7,1774,25.29,546,1,0,Loyal Regulars
15484,United Kingdom,1,6,4656.0,1,4,5,3.3333333333333335,6,4076,19.32,733,0,0,Loyal Regulars
15123,United Kingdom,7,5,4656.17,1,4,5,3.3333333333333335,5,2524,25.44,626,0,0,Loyal Regulars
16293,United Kingdom,21,15,4657.95,2,5,5,4.0,15,2022,19.33,707,0,0,Loyal Regulars
18097,United Kingdom,7,11,4663.32,1,5,5,3.6666666666666665,11,2740,29.51,715,0,0,Loyal Regulars
13971,United Kingdom,18,14,4667.57,1,5,5,3.6666666666666665,14,3084,18.3,664,0,0,Loyal Regulars
16858,United Kingdom,368,10,4668.28,4,5,5,4.666666666666667,10,1514,34.33,356,1,2,Hibernating
17400,United Kingdom,126,8,4677.05,3,4,5,4.0,8,2199,9.72,596,1,0,Loyal Regulars
13527,United Kingdom,33,12,4683.74,2,5,5,4.0,12,2762,10.25,654,0,0,Loyal Regulars
15410,United Kingdom,84,10,4685.72,3,5,5,4.333333333333333,10,1902,28.92,515,0,0,Loyal Regulars
17050,United Kingdom,96,11,4691.79,3,5,5,4.333333333333333,11,2451,13.14,586,1,0,Loyal Regulars
12589,France,28,8,4695.66,2,4,5,3.6666666666666665,8,1764,26.09,661,0,0,Loyal Regulars
13958,United Kingdom,379,8,4709.23,4,4,5,4.333333333333333,8,2264,20.75,355,1,2,Hibernating
15271,United Kingdom,7,24,4709.54,1,5,5,3.6666666666666665,24,2524,7.55,484,0,0,Loyal Regulars
14235,United Kingdom,75,9,4717.99,3,5,5,4.333333333333333,9,3014,31.88,544,0,0,Loyal Regulars
17082,United Kingdom,33,6,4732.03,2,4,5,3.6666666666666665,6,2526,27.84,691,0,0,Loyal Regulars
17829,United Arab Emirates,298,5,4756.74,4,4,5,4.333333333333333,5,3009,27.82,357,1,2,Hibernating
12955,United Kingdom,1,11,4757.16,1,5,5,3.6666666666666665,11,3664,26.43,266,0,0,Loyal Regulars
13988,United Kingdom,19,8,4757.8,2,5,5,4.0,8,3385,16.13,606,0,0,Loyal Regulars
15187,United Kingdom,1,16,4777.18,1,5,5,3.6666666666666665,16,1887,52.5,211,0,0,Loyal Regulars
13124,United Kingdom,89,4,4782.45,3,3,5,3.6666666666666665,4,2783,16.05,296,0,0,Loyal Regulars
13875,United Kingdom,53,14,4814.37,2,5,5,4.0,14,3072,17.83,669,0,0,Loyal Regulars
15002,United Kingdom,115,9,4817.28,3,5,5,4.333333333333333,9,2518,13.02,581,1,0,Loyal Regulars
14191,United Kingdom,1,15,4817.66,1,5,5,3.6666666666666665,15,3724,18.18,727,0,0,Loyal Regulars
16326,United Kingdom,5,24,4826.99,1,5,5,3.6666666666666665,24,1120,9.75,675,0,0,Loyal Regulars
17191,United Kingdom,28,15,4836.05,2,5,5,4.0,15,2536,8.41,710,0,0,Loyal Regulars
13562,United Kingdom,81,8,4838.18,3,4,5,4.0,8,1603,24.68,613,0,0,Loyal Regulars
14032,United Kingdom,2,16,4850.27,1,5,5,3.6666666666666665,16,3916,19.88,723,0,0,Loyal Regulars
13044,United Kingdom,291,11,4853.9,4,5,5,4.666666666666667,11,2553,11.58,409,1,2,Hibernating
17652,United Kingdom,25,12,4867.72,2,5,5,4.0,12,2509,18.79,256,0,0,Loyal Regulars
12688,Israel,113,1,4873.81,3,1,5,3.0,1,3028,28.5,0,1,0,Loyal Regulars
14107,United Kingdom,51,11,4877.3,2,5,5,4.0,11,3489,20.67,679,0,0,Loyal Regulars
15379,United Kingdom,169,8,4877.84,3,4,5,4.0,8,3000,18.55,231,1,0,Loyal Regulars
13021,United Kingdom,4,17,4887.24,1,5,5,3.6666666666666665,17,2546,19.02,730,0,0,Loyal Regulars
16986,United Kingdom,29,11,4888.75,2,5,5,4.0,11,2539,28.1,644,0,0,Loyal Regulars
13659,United Kingdom,205,12,4894.88,4,5,5,4.666666666666667,12,2539,17.8,455,1,0,Loyal Regulars
17314,United Kingdom,24,17,4904.43,2,5,5,4.0,17,3663,19.16,712,0,0,Loyal Regulars
17406,United Kingdom,333,13,4905.05,4,5,5,4.666666666666667,13,2124,18.94,400,1,2,Hibernating
16255,United Kingdom,16,15,4906.8,1,5,5,3.6666666666666665,15,3050,9.17,668,0,0,Loyal Regulars
16143,United Kingdom,3,12,4910.83,1,5,5,3.6666666666666665,12,2011,20.55,726,0,0,Loyal Regulars
14970,United Kingdom,68,12,4919.35,3,5,5,4.333333333333333,12,982,43.53,595,0,0,Loyal Regulars
17596,United Kingdom,23,13,4920.67,2,5,5,4.0,13,7619,8.83,701,0,0,Loyal Regulars
14825,United Kingdom,3,24,4925.08,1,5,5,3.6666666666666665,24,2848,15.89,609,0,0,Loyal Regulars
12700,France,7,4,4939.99,1,4,5,3.3333333333333335,4,2967,18.43,208,0,0,Loyal Regulars
17449,United Kingdom,2,13,4951.15,1,5,5,3.6666666666666665,13,2535,8.28,728,0,0,Loyal Regulars
12562,France,8,9,4966.92,1,5,5,3.6666666666666665,9,2327,23.99,427,0,0,Loyal Regulars
13198,United Kingdom,10,8,4974.23,1,5,5,3.6666666666666665,8,3449,15.84,424,0,0,Loyal Regulars
14639,United Kingdom,52,9,4978.96,2,5,5,4.0,9,2410,17.05,609,0,0,Loyal Regulars
14209,United Kingdom,10,15,4993.27,1,5,5,3.6666666666666665,15,1739,21.62,676,0,0,Loyal Regulars
12444,Norway,21,5,5005.46,2,4,5,3.6666666666666665,5,1153,28.44,150,0,0,Loyal Regulars
17758,United Kingdom,19,12,5012.53,1,5,5,3.6666666666666665,12,3236,9.35,549,0,0,Loyal Regulars
12759,Netherlands,52,8,5020.74,2,4,5,3.6666666666666665,8,3202,16.62,683,0,0,Loyal Regulars
16905,United Kingdom,5,17,5034.15,1,5,5,3.6666666666666665,17,2059,14.72,724,0,0,Loyal Regulars
12600,Germany,28,21,5043.92,2,5,5,4.0,21,1414,38.21,704,0,0,Loyal Regulars
17469,United Kingdom,16,17,5051.25,1,5,5,3.6666666666666665,17,2304,18.92,707,0,0,Loyal Regulars
17802,United Kingdom,82,10,5053.12,3,5,5,4.333333333333333,10,2786,9.36,644,0,0,Loyal Regulars
18144,United Kingdom,7,19,5058.0,1,5,5,3.6666666666666665,19,2239,58.14,716,0,0,Loyal Regulars
12432,Norway,42,5,5059.32,2,4,5,3.6666666666666665,5,1801,46.85,130,0,0,Loyal Regulars
12395,Belgium,19,15,5067.27,2,5,5,4.0,15,3733,19.95,583,0,0,Loyal Regulars
16686,United Kingdom,47,16,5070.92,2,5,5,4.0,16,3510,4.58,686,0,0,Loyal Regulars
14307,United Kingdom,88,10,5071.03,3,5,5,4.333333333333333,10,3374,16.36,644,0,0,Loyal Regulars
13634,United Kingdom,33,16,5073.47,2,5,5,4.0,16,2096,11.27,665,0,0,Loyal Regulars
15367,United Kingdom,57,11,5081.33,2,5,5,4.0,11,2944,18.21,672,0,0,Loyal Regulars
12594,Italy,37,15,5090.11,2,5,5,4.0,15,2768,25.58,609,0,0,Loyal Regulars
17402,United Kingdom,4,23,5096.18,1,5,5,3.6666666666666665,23,1571,25.1,719,0,0,Loyal Regulars
13523,United Kingdom,33,6,5101.52,2,4,5,3.6666666666666665,6,2354,22.08,369,0,0,Loyal Regulars
17519,United Kingdom,17,15,5109.47,1,5,5,3.6666666666666665,15,3414,23.02,721,0,0,Loyal Regulars
15529,United Kingdom,22,12,5111.95,2,5,5,4.0,12,4488,6.31,372,0,0,Loyal Regulars
12455,Cyprus,295,6,5111.99,4,4,5,4.333333333333333,6,2736,28.56,426,1,2,Hibernating
12455,Cyprus,295,6,5111.99,4,4,5,4.333333333333333,4,566,16.0,116,1,2,Hibernating
13329,United Kingdom,31,8,5112.97,2,4,5,3.6666666666666665,8,3486,40.9,704,0,0,Loyal Regulars
16308,United Kingdom,37,7,5120.0,2,4,5,3.6666666666666665,7,16000,731.43,687,0,0,Loyal Regulars
12483,Sweden,17,19,5120.58,1,5,5,3.6666666666666665,19,2172,36.84,660,0,0,Loyal Regulars
16919,United Kingdom,156,24,5125.91,3,5,5,4.333333333333333,24,2425,8.01,321,1,0,Loyal Regulars
17861,United Kingdom,3,18,5127.69,1,5,5,3.6666666666666665,18,4574,9.03,726,0,0,Loyal Regulars
14493,United Kingdom,7,10,5130.15,1,5,5,3.6666666666666665,10,3183,14.09,634,0,0,Loyal Regulars
16904,United Kingdom,4,21,5132.37,1,5,5,3.6666666666666665,21,2809,5.23,407,0,0,Loyal Regulars
16153,United Kingdom,49,11,5133.49,2,5,5,4.0,11,3693,22.71,513,0,0,Loyal Regulars
17157,United Kingdom,7,19,5151.9,1,5,5,3.6666666666666665,19,2092,36.54,728,0,0,Loyal Regulars
12625,Germany,211,4,5164.88,4,3,5,4.0,4,3309,28.22,385,1,0,Loyal Regulars
17663,United Kingdom,25,17,5175.83,2,5,5,4.0,17,2297,21.75,620,0,0,Loyal Regulars
15796,United Kingdom,1,17,5175.83,1,5,5,3.6666666666666665,17,1735,17.55,617,0,0,Loyal Regulars
15443,United Kingdom,1,14,5175.93,1,5,5,3.6666666666666665,14,2735,8.01,641,0,0,Loyal Regulars
12510,Spain,142,9,5178.02,3,5,5,4.333333333333333,9,2049,35.71,593,1,0,Loyal Regulars
17213,United Kingdom,40,13,5182.3,2,5,5,4.0,13,2179,18.44,684,0,0,Loyal Regulars
14546,United Kingdom,5,11,5197.9,1,5,5,3.6666666666666665,11,2696,6.54,728,0,0,Loyal Regulars
15812,United Kingdom,107,12,5201.47,3,5,5,4.333333333333333,12,3450,41.61,617,1,0,Loyal Regulars
17084,United Kingdom,35,3,5202.97,2,3,5,3.3333333333333335,3,3292,17.7,361,0,0,Loyal Regulars
13763,United Kingdom,63,3,5217.44,3,3,5,3.6666666666666665,3,3224,104.35,372,0,0,Loyal Regulars
15606,United Kingdom,61,17,5230.99,3,5,5,4.333333333333333,17,1615,36.08,586,0,0,Loyal Regulars
17061,United Kingdom,73,11,5232.23,3,5,5,4.333333333333333,11,1526,52.85,159,0,0,Loyal Regulars
16931,United Kingdom,5,23,5233.62,1,5,5,3.6666666666666665,23,3463,5.23,392,0,0,Loyal Regulars
14930,Channel Islands,108,6,5246.63,3,4,5,4.0,6,2199,18.81,498,1,0,Loyal Regulars
13107,United Kingdom,44,9,5253.07,2,5,5,4.0,9,4316,29.51,629,0,0,Loyal Regulars
13931,United Kingdom,95,11,5257.38,3,5,5,4.333333333333333,11,3488,19.4,641,1,0,Loyal Regulars
15722,United Kingdom,35,11,5258.1,2,5,5,4.0,11,2283,29.05,605,0,0,Loyal Regulars
15152,United Kingdom,9,14,5263.83,1,5,5,3.6666666666666665,14,2994,17.55,692,0,0,Loyal Regulars
15394,United Kingdom,9,11,5286.8,1,5,5,3.6666666666666665,11,2372,23.29,715,0,0,Loyal Regulars
17584,United Kingdom,7,6,5309.42,1,4,5,3.3333333333333335,6,2464,42.82,676,0,0,Loyal Regulars
12708,Germany,29,18,5314.1,2,5,5,4.0,18,2521,17.14,692,0,0,Loyal Regulars
17346,United Kingdom,3,26,5323.0,1,5,5,3.6666666666666665,26,3653,5.28,597,0,0,Loyal Regulars
15641,United Kingdom,105,12,5345.55,3,5,5,4.333333333333333,12,4422,17.19,628,1,0,Loyal Regulars
17567,United Kingdom,7,9,5356.03,1,5,5,3.6666666666666665,9,3152,24.02,434,0,0,Loyal Regulars
12362,Belgium,3,11,5356.23,1,5,5,3.6666666666666665,11,2230,20.06,735,0,0,Loyal Regulars
13975,United Kingdom,31,12,5358.84,2,5,5,4.0,12,3934,7.13,644,0,0,Loyal Regulars
14442,Channel Islands,204,7,5367.02,4,4,5,4.333333333333333,7,1431,29.33,486,1,0,Loyal Regulars
14081,United Kingdom,302,10,5370.1,4,5,5,4.666666666666667,10,3712,5.7,427,1,2,Hibernating
13495,United Kingdom,7,10,5374.26,1,5,5,3.6666666666666665,10,2674,36.56,725,0,0,Loyal Regulars
14459,United Kingdom,155,2,5375.74,3,2,5,3.3333333333333335,2,2303,47.57,496,1,0,Loyal Regulars
13014,United Kingdom,10,11,5381.08,1,5,5,3.6666666666666665,11,1979,24.02,422,0,0,Loyal Regulars
16008,United Kingdom,23,15,5384.13,2,5,5,4.0,15,3273,21.2,607,0,0,Loyal Regulars
13362,United Kingdom,9,7,5394.07,1,4,5,3.3333333333333335,7,2481,18.1,416,0,0,Loyal Regulars
17612,United Kingdom,53,18,5394.86,2,5,5,4.0,18,3521,15.87,669,0,0,Loyal Regulars
17719,United Kingdom,37,15,5396.04,2,5,5,4.0,15,2466,19.69,218,0,0,Loyal Regulars
14626,United Kingdom,23,11,5410.92,2,5,5,4.0,11,3135,23.32,706,0,0,Loyal Regulars
12378,Switzerland,129,2,5416.32,3,2,5,3.3333333333333335,2,3316,17.99,433,1,0,Loyal Regulars
14713,United Kingdom,9,21,5418.87,1,5,5,3.6666666666666665,21,3456,7.72,727,0,0,Loyal Regulars
18198,United Kingdom,4,17,5425.56,1,5,5,3.6666666666666665,17,4074,34.12,332,0,0,Loyal Regulars
12480,Germany,28,7,5464.85,2,4,5,3.6666666666666665,7,2952,22.58,479,0,0,Loyal Regulars
17512,United Kingdom,28,18,5467.82,2,5,5,4.0,18,5434,27.76,701,0,0,Loyal Regulars
16992,United Kingdom,10,13,5476.5,1,5,5,3.6666666666666665,13,2061,19.22,656,0,0,Loyal Regulars
16609,United Kingdom,15,7,5493.46,1,4,5,3.3333333333333335,7,2420,19.9,237,0,0,Loyal Regulars
13115,United Kingdom,11,10,5494.7,1,5,5,3.6666666666666665,10,3934,17.5,588,0,0,Loyal Regulars
17204,United Kingdom,175,9,5504.69,3,5,5,4.333333333333333,9,2651,31.1,372,1,0,Loyal Regulars
14732,United Kingdom,8,19,5517.07,1,5,5,3.6666666666666665,19,2273,19.92,722,0,0,Loyal Regulars
13593,United Kingdom,108,14,5523.69,3,5,5,4.333333333333333,14,2190,13.47,539,1,0,Loyal Regulars
16393,United Kingdom,2,23,5561.66,1,5,5,3.6666666666666665,23,3132,7.08,736,0,0,Loyal Regulars
15527,United Kingdom,18,23,5575.64,1,5,5,3.6666666666666665,23,2222,16.84,706,0,0,Loyal Regulars
17203,United Kingdom,35,10,5575.88,2,5,5,4.0,10,4606,20.65,353,0,0,Loyal Regulars
15228,United Kingdom,66,6,5580.27,3,4,5,4.0,6,3375,23.85,433,0,0,Loyal Regulars
15854,United Kingdom,4,21,5583.81,1,5,5,3.6666666666666665,21,1704,21.64,725,0,0,Loyal Regulars
17092,United Kingdom,50,11,5594.96,2,5,5,4.0,11,3801,14.09,625,0,0,Loyal Regulars
15898,United Kingdom,1,25,5596.31,1,5,5,3.6666666666666665,25,2418,8.03,727,0,0,Loyal Regulars
17059,United Kingdom,29,9,5602.53,2,5,5,4.0,9,3584,6.66,653,0,0,Loyal Regulars
16546,United Kingdom,290,5,5606.47,4,4,5,4.333333333333333,5,4367,59.64,152,1,2,Hibernating
16003,United Kingdom,29,10,5613.83,2,5,5,4.0,10,2210,27.65,707,0,0,Loyal Regulars
14572,United Kingdom,3,11,5615.18,1,5,5,3.6666666666666665,11,2933,10.68,618,0,0,Loyal Regulars
18145,United Kingdom,12,11,5617.79,1,5,5,3.6666666666666665,11,5107,13.87,719,0,0,Loyal Regulars
14249,United Kingdom,410,12,5625.46,5,5,5,5.0,12,2487,19.33,269,1,2,Hibernating
16320,Unspecified,172,6,5628.99,3,4,5,4.0,6,3319,23.36,509,1,0,Loyal Regulars
13842,United Kingdom,58,18,5629.91,2,5,5,4.0,18,2879,15.86,603,0,0,Loyal Regulars
12347,Iceland,2,8,5633.32,1,5,5,3.6666666666666665,8,3286,22.27,402,0,0,Loyal Regulars
13722,United Kingdom,131,10,5635.41,3,5,5,4.333333333333333,10,3059,29.82,515,1,0,Loyal Regulars
16200,United Kingdom,4,12,5643.45,1,5,5,3.6666666666666665,12,3089,9.0,733,0,0,Loyal Regulars
15628,United Kingdom,4,17,5652.26,1,5,5,3.6666666666666665,17,3819,17.77,722,0,0,Loyal Regulars
13901,United Kingdom,72,15,5676.34,3,5,5,4.333333333333333,15,3344,18.31,631,0,0,Loyal Regulars
12633,Germany,58,7,5678.16,2,4,5,3.6666666666666665,7,3238,18.56,467,0,0,Loyal Regulars
12727,France,10,10,5679.53,1,5,5,3.6666666666666665,10,2832,27.98,644,0,0,Loyal Regulars
13157,United Kingdom,49,9,5687.36,2,5,5,4.0,9,4762,22.66,592,0,0,Loyal Regulars
17651,United Kingdom,11,16,5703.52,1,5,5,3.6666666666666665,16,4086,17.18,515,0,0,Loyal Regulars
16279,United Kingdom,21,9,5705.08,2,5,5,4.0,9,3691,16.35,575,0,0,Loyal Regulars
16607,United Kingdom,17,25,5706.87,1,5,5,3.6666666666666665,25,4436,19.15,572,0,0,Loyal Regulars
16409,United Kingdom,36,12,5709.04,2,5,5,4.0,12,3706,7.22,690,0,0,Loyal Regulars
13870,United Kingdom,2,15,5712.08,1,5,5,3.6666666666666665,15,3449,23.7,667,0,0,Loyal Regulars
16458,United Kingdom,2,30,5715.34,1,5,5,3.6666666666666665,30,3406,14.92,560,0,0,Loyal Regulars
13771,United Kingdom,64,9,5728.82,3,5,5,4.333333333333333,9,3140,26.52,588,0,0,Loyal Regulars
12615,France,2,8,5740.98,1,5,5,3.6666666666666665,8,3317,21.26,629,0,0,Loyal Regulars
16316,United Kingdom,64,13,5744.91,3,5,5,4.333333333333333,13,3057,19.34,429,0,0,Loyal Regulars
17863,United Kingdom,59,12,5745.2,2,5,5,4.0,12,4952,20.82,593,0,0,Loyal Regulars
14099,United Kingdom,16,20,5765.71,1,5,5,3.6666666666666665,20,3670,10.98,713,0,0,Loyal Regulars
15485,United Kingdom,30,7,5771.51,2,4,5,3.6666666666666665,7,2594,35.85,708,0,0,Loyal Regulars
17672,United Kingdom,50,7,5778.63,2,4,5,3.6666666666666665,7,2758,28.05,632,0,0,Loyal Regulars
18075,United Kingdom,23,20,5783.29,2,5,5,4.0,20,3281,17.9,475,0,0,Loyal Regulars
17069,United Kingdom,28,14,5794.28,2,5,5,4.0,14,3333,19.64,708,0,0,Loyal Regulars
12910,United Kingdom,23,13,5796.52,2,5,5,4.0,13,3632,42.31,598,0,0,Loyal Regulars
13769,United Kingdom,2,20,5800.42,1,5,5,3.6666666666666665,20,2574,20.35,721,0,0,Loyal Regulars
14189,United Kingdom,2,16,5814.39,1,5,5,3.6666666666666665,16,4646,18.4,386,0,0,Loyal Regulars
14112,United Kingdom,22,13,5834.59,2,5,5,4.0,13,3539,17.9,632,0,0,Loyal Regulars
17146,United Kingdom,105,13,5860.24,3,5,5,4.333333333333333,13,2192,19.34,570,1,0,Loyal Regulars
14210,United Kingdom,105,16,5861.52,3,5,5,4.333333333333333,16,2604,17.82,597,1,0,Loyal Regulars
18065,United Kingdom,5,29,5866.63,1,5,5,3.6666666666666665,29,2265,18.92,725,0,0,Loyal Regulars
16011,United Kingdom,8,29,5880.46,1,5,5,3.6666666666666665,29,3471,12.92,730,0,0,Loyal Regulars
15971,United Kingdom,17,18,5902.83,1,5,5,3.6666666666666665,18,2251,140.54,714,0,0,Loyal Regulars
17685,United Kingdom,16,12,5943.17,1,5,5,3.6666666666666665,12,3854,27.9,650,0,0,Loyal Regulars
14257,United Kingdom,64,9,5954.45,3,5,5,4.333333333333333,9,3332,24.81,584,0,0,Loyal Regulars
12500,Germany,23,19,5955.21,2,5,5,4.0,19,3377,40.79,650,0,0,Loyal Regulars
14918,United Kingdom,115,9,5955.81,3,5,5,4.333333333333333,9,2551,42.24,495,1,0,Loyal Regulars
15785,United Kingdom,32,16,5969.93,2,5,5,4.0,16,4479,26.53,692,0,0,Loyal Regulars
17491,United Kingdom,1,17,5981.07,1,5,5,3.6666666666666665,17,3630,32.86,589,0,0,Loyal Regulars
17457,United Kingdom,126,14,5984.81,3,5,5,4.333333333333333,14,2695,93.51,606,1,0,Loyal Regulars
14105,United Kingdom,239,5,5988.83,4,4,5,4.333333333333333,5,3534,21.47,482,1,0,Loyal Regulars
15755,United Kingdom,10,17,5993.12,1,5,5,3.6666666666666665,17,4034,16.15,725,0,0,Loyal Regulars
15202,United Kingdom,420,3,6001.49,5,3,5,4.333333333333333,3,3,2000.5,0,1,2,Hibernating
15372,United Kingdom,137,8,6017.06,3,4,5,4.0,8,6410,105.56,526,1,0,Loyal Regulars
13658,United Kingdom,9,9,6025.5,1,5,5,3.6666666666666665,9,2171,25.42,663,0,0,Loyal Regulars
17644,United Kingdom,1,20,6028.6,1,5,5,3.6666666666666665,20,3469,18.44,660,0,0,Loyal Regulars
14535,United Kingdom,60,9,6030.73,3,5,5,4.333333333333333,9,3240,7.14,593,0,0,Loyal Regulars
12835,United Kingdom,427,41,6043.31,5,5,5,5.0,41,2357,9.75,309,1,2,Hibernating
17625,United Kingdom,18,8,6067.8,1,5,5,3.6666666666666665,8,3551,8.63,706,0,0,Loyal Regulars
12664,Finland,8,11,6070.04,1,5,5,3.6666666666666665,11,1495,134.89,718,0,0,Loyal Regulars
16954,United Kingdom,0,20,6081.88,1,5,5,3.6666666666666665,20,4086,29.52,690,0,0,Loyal Regulars
18178,United Kingdom,128,11,6103.74,3,5,5,4.333333333333333,11,3850,17.44,531,1,0,Loyal Regulars
14560,United Kingdom,7,44,6114.03,1,5,5,3.6666666666666665,44,4580,30.57,730,0,0,Loyal Regulars
17509,United Kingdom,57,8,6115.14,2,4,5,3.6666666666666665,8,3534,16.71,6,0,0,Loyal Regulars
13935,United Kingdom,596,3,6116.92,5,3,5,4.333333333333333,3,2252,76.46,56,1,2,Hibernating
13266,United Kingdom,11,19,6135.04,1,5,5,3.6666666666666665,19,6837,19.98,711,0,0,Loyal Regulars
17669,United Kingdom,42,10,6142.35,2,5,5,4.0,10,3505,42.66,575,0,0,Loyal Regulars
14852,United Kingdom,58,18,6147.18,2,5,5,4.0,18,4371,19.83,586,0,0,Loyal Regulars
14907,United Kingdom,3,16,6165.79,1,5,5,3.6666666666666665,16,2817,20.83,599,0,0,Loyal Regulars
12417,Belgium,3,18,6178.55,1,5,5,3.6666666666666665,18,2518,18.39,730,0,0,Loyal Regulars
12417,Belgium,3,18,6178.55,1,5,5,3.6666666666666665,2,372,18.78,209,0,0,Loyal Regulars
16103,United Kingdom,7,22,6191.71,1,5,5,3.6666666666666665,22,2639,30.96,693,0,0,Loyal Regulars
14530,United Kingdom,25,16,6197.4,2,5,5,4.0,16,3014,12.78,662,0,0,Loyal Regulars
16156,United Kingdom,8,20,6218.18,1,5,5,3.6666666666666665,20,3240,23.64,729,0,0,Loyal Regulars
12497,Germany,81,3,6248.5,3,3,5,3.6666666666666665,3,5685,109.62,563,0,0,Loyal Regulars
15369,United Kingdom,492,11,6251.26,5,5,5,5.0,11,3288,105.95,239,1,2,Hibernating
14004,United Kingdom,43,11,6258.45,2,5,5,4.0,11,3425,25.97,392,0,0,Loyal Regulars
13334,United Kingdom,82,5,6263.75,3,4,5,4.0,5,3227,13.05,570,0,0,Loyal Regulars
16735,United Kingdom,78,14,6270.56,3,5,5,4.333333333333333,14,4281,20.69,653,0,0,Loyal Regulars
14534,United Kingdom,2,26,6271.11,1,5,5,3.6666666666666665,26,2856,8.58,632,0,0,Loyal Regulars
13615,United Kingdom,318,8,6272.53,4,4,5,4.333333333333333,8,2910,17.09,362,1,2,Hibernating
13136,United Kingdom,56,13,6274.56,2,5,5,4.0,13,3109,19.92,675,0,0,Loyal Regulars
15480,Malta,116,5,6279.0,3,4,5,4.0,5,1852,29.2,560,1,0,Loyal Regulars
13654,United Kingdom,43,11,6308.0,2,5,5,4.0,11,4762,19.17,694,0,0,Loyal Regulars
14180,United Kingdom,10,33,6319.25,1,5,5,3.6666666666666665,33,878,20.99,538,0,0,Loyal Regulars
18245,United Kingdom,7,20,6324.98,1,5,5,3.6666666666666665,20,5098,13.81,634,0,0,Loyal Regulars
17799,United Kingdom,22,20,6341.89,2,5,5,4.0,20,3707,6.85,704,0,0,Loyal Regulars
16710,United Kingdom,19,22,6349.09,1,5,5,3.6666666666666665,22,4399,6.44,716,0,0,Loyal Regulars
13590,United Kingdom,11,18,6349.59,1,5,5,3.6666666666666665,18,5276,15.49,727,0,0,Loyal Regulars
13230,United Kingdom,4,30,6360.78,1,5,5,3.6666666666666665,30,3635,4.75,627,0,0,Loyal Regulars
14227,United Kingdom,26,15,6368.71,2,5,5,4.0,15,4048,16.89,643,0,0,Loyal Regulars
12484,Spain,32,12,6370.15,2,5,5,4.0,12,3271,13.41,649,0,0,Loyal Regulars
12356,Portugal,22,6,6373.68,2,4,5,3.6666666666666665,6,3417,44.57,402,0,0,Loyal Regulars
12406,Denmark,22,5,6390.36,2,4,5,3.6666666666666665,5,3416,38.5,675,0,0,Loyal Regulars
18094,United Kingdom,81,13,6391.52,3,5,5,4.333333333333333,13,4164,50.73,620,0,0,Loyal Regulars
14390,United Kingdom,10,13,6399.83,1,5,5,3.6666666666666665,13,2910,13.03,415,0,0,Loyal Regulars
12656,France,17,8,6407.83,1,5,5,3.6666666666666665,8,2860,25.94,545,0,0,Loyal Regulars
15673,United Kingdom,88,9,6414.79,3,5,5,4.333333333333333,9,3361,22.35,567,0,0,Loyal Regulars
16940,United Kingdom,52,8,6427.66,2,4,5,3.6666666666666665,8,4503,10.22,679,0,0,Loyal Regulars
14154,United Kingdom,239,8,6460.7,4,4,5,4.333333333333333,8,3222,22.13,456,1,0,Loyal Regulars
13317,United Kingdom,66,19,6486.09,3,5,5,4.333333333333333,19,3149,18.85,660,0,0,Loyal Regulars
18061,United Kingdom,21,28,6488.97,2,5,5,4.0,28,3607,50.7,714,0,0,Loyal Regulars
17419,United Kingdom,11,18,6500.52,1,5,5,3.6666666666666665,18,3087,20.44,672,0,0,Loyal Regulars
12823,United Kingdom,74,18,6501.5,3,5,5,4.333333333333333,18,930,361.19,605,0,0,Loyal Regulars
17873,United Kingdom,80,18,6515.88,3,5,5,4.333333333333333,18,4312,36.4,643,0,0,Loyal Regulars
14221,United Kingdom,42,17,6517.49,2,5,5,4.0,17,3808,18.78,570,0,0,Loyal Regulars
14855,United Kingdom,119,7,6520.3,3,4,5,4.0,7,3510,31.5,491,1,0,Loyal Regulars
16655,United Kingdom,17,13,6548.37,1,5,5,3.6666666666666665,13,4013,10.74,660,0,0,Loyal Regulars
15332,Lithuania,366,6,6553.74,4,4,5,4.333333333333333,6,2958,34.68,147,1,2,Hibernating
14766,United Kingdom,8,11,6556.13,1,5,5,3.6666666666666665,11,4063,19.28,543,0,0,Loyal Regulars
13883,United Kingdom,10,15,6560.02,1,5,5,3.6666666666666665,15,3584,20.76,721,0,0,Loyal Regulars
12836,United Kingdom,59,15,6585.62,3,5,5,4.333333333333333,15,2236,15.91,679,0,0,Loyal Regulars
13015,United Kingdom,53,11,6586.42,2,5,5,4.0,11,3535,18.87,550,0,0,Loyal Regulars
12843,United Kingdom,65,30,6588.41,3,5,5,4.333333333333333,30,3031,29.81,661,0,0,Loyal Regulars
15980,United Kingdom,88,7,6593.68,3,4,5,4.0,7,4862,56.36,468,0,0,Loyal Regulars
15514,United Kingdom,12,18,6598.55,1,5,5,3.6666666666666665,18,4246,19.41,723,0,0,Loyal Regulars
17819,United Kingdom,71,12,6612.52,3,5,5,4.333333333333333,12,1849,65.47,655,0,0,Loyal Regulars
12626,Germany,23,9,6620.48,2,5,5,4.0,9,3453,22.52,303,0,0,Loyal Regulars
13394,United Kingdom,1,19,6621.7,1,5,5,3.6666666666666665,19,5354,16.19,737,0,0,Loyal Regulars
14440,United Kingdom,8,13,6638.73,1,5,5,3.6666666666666665,13,1755,47.08,729,0,0,Loyal Regulars
13953,United Kingdom,7,12,6640.68,1,5,5,3.6666666666666665,12,5224,265.63,721,0,0,Loyal Regulars
17001,United Kingdom,0,19,6640.8,1,5,5,3.6666666666666665,19,3782,24.15,624,0,0,Loyal Regulars
17700,United Kingdom,16,14,6679.97,1,5,5,3.6666666666666665,14,3469,18.56,722,0,0,Loyal Regulars
13384,United Kingdom,30,11,6680.83,2,5,5,4.0,11,4142,25.31,470,0,0,Loyal Regulars
16497,United Kingdom,49,23,6695.28,2,5,5,4.0,23,3050,19.87,687,0,0,Loyal Regulars
12913,United Kingdom,4,13,6700.86,1,5,5,3.6666666666666665,13,3232,69.8,734,0,0,Loyal Regulars
14388,United Kingdom,10,16,6701.0,1,5,5,3.6666666666666665,16,4360,16.19,678,0,0,Loyal Regulars
13734,United Kingdom,508,4,6701.64,5,3,5,4.333333333333333,4,303,239.34,94,1,2,Hibernating
14844,United Kingdom,63,10,6702.43,3,5,5,4.333333333333333,10,4369,24.2,543,0,0,Loyal Regulars
15321,United Kingdom,70,12,6709.73,3,5,5,4.333333333333333,12,3653,21.71,604,0,0,Loyal Regulars
14461,United Kingdom,148,13,6713.5,3,5,5,4.333333333333333,13,3027,10.36,542,1,0,Loyal Regulars
12779,Poland,37,14,6722.27,2,5,5,4.0,14,3641,24.27,699,0,0,Loyal Regulars
17838,United Kingdom,26,13,6722.9,2,5,5,4.0,13,4149,21.83,604,0,0,Loyal Regulars
14562,United Kingdom,3,26,6729.4,1,5,5,3.6666666666666665,26,2604,11.01,667,0,0,Loyal Regulars
18118,United Kingdom,10,29,6733.22,1,5,5,3.6666666666666665,29,3417,4.3,371,0,0,Loyal Regulars
14702,United Kingdom,1,29,6754.22,1,5,5,3.6666666666666665,29,3073,9.37,728,0,0,Loyal Regulars
13993,United Kingdom,42,19,6775.71,2,5,5,4.0,19,2135,25.96,694,0,0,Loyal Regulars
14401,United Kingdom,4,22,6795.9,1,5,5,3.6666666666666665,22,6401,25.55,721,0,0,Loyal Regulars
15750,United Kingdom,2,18,6797.19,1,5,5,3.6666666666666665,18,4593,10.46,736,0,0,Loyal Regulars
15413,United Kingdom,691,5,6798.72,5,4,5,4.666666666666667,5,2694,271.95,47,1,2,Hibernating
16145,United Kingdom,8,19,6805.44,1,5,5,3.6666666666666665,19,5270,17.19,576,0,0,Loyal Regulars
12830,United Kingdom,37,6,6814.64,2,4,5,3.6666666666666665,6,9848,179.33,134,0,0,Loyal Regulars
12613,Germany,57,10,6835.07,2,5,5,4.0,10,4163,20.9,668,0,0,Loyal Regulars
16401,United Kingdom,1,23,6849.15,1,5,5,3.6666666666666665,23,6035,18.87,554,0,0,Loyal Regulars
15129,United Kingdom,50,23,6860.18,2,5,5,4.0,23,4002,33.14,560,0,0,Loyal Regulars
16456,United Kingdom,99,13,6862.91,3,5,5,4.333333333333333,13,3725,16.54,521,1,0,Loyal Regulars
16170,United Kingdom,50,20,6869.0,2,5,5,4.0,20,6056,15.61,609,0,0,Loyal Regulars
18231,United Kingdom,192,28,6880.97,4,5,5,4.666666666666667,28,2923,17.87,506,1,0,Loyal Regulars
12749,United Kingdom,3,9,6897.36,1,5,5,3.6666666666666665,9,2360,20.41,518,0,0,Loyal Regulars
13520,Switzerland,58,11,6909.4,2,5,5,4.0,11,3289,33.7,664,0,0,Loyal Regulars
16187,United Kingdom,31,15,6911.44,2,5,5,4.0,15,5048,23.43,253,0,0,Loyal Regulars
16265,United Kingdom,9,12,6935.17,1,5,5,3.6666666666666665,12,3214,20.58,398,0,0,Loyal Regulars
15674,United Kingdom,73,13,6948.23,3,5,5,4.333333333333333,13,3648,19.8,658,0,0,Loyal Regulars
13552,United Kingdom,66,22,6978.92,3,5,5,4.333333333333333,22,2654,33.55,592,0,0,Loyal Regulars
16717,United Kingdom,23,14,6986.23,2,5,5,4.0,14,3226,19.09,709,0,0,Loyal Regulars
12662,Germany,0,20,6988.02,1,5,5,3.6666666666666665,20,3581,17.21,617,0,0,Loyal Regulars
13831,United Kingdom,16,18,7023.58,1,5,5,3.6666666666666665,18,2557,37.56,713,0,0,Loyal Regulars
17975,United Kingdom,15,24,7028.83,1,5,5,3.6666666666666665,24,2271,14.67,475,0,0,Loyal Regulars
13183,United Kingdom,7,15,7036.18,1,5,5,3.6666666666666665,15,4027,45.1,628,0,0,Loyal Regulars
16938,United Kingdom,8,9,7043.18,1,5,5,3.6666666666666665,9,5084,8.42,652,0,0,Loyal Regulars
12429,Denmark,9,7,7047.93,1,4,5,3.3333333333333335,1,198,20.86,0,0,0,Loyal Regulars
12429,Denmark,9,7,7047.93,1,4,5,3.3333333333333335,7,3146,46.37,537,0,0,Loyal Regulars
14113,United Kingdom,3,16,7092.61,1,5,5,3.6666666666666665,16,3439,58.14,728,0,0,Loyal Regulars
17769,United Kingdom,12,17,7103.08,1,5,5,3.6666666666666665,17,3176,12.02,677,0,0,Loyal Regulars
15521,United Kingdom,40,16,7106.69,2,5,5,4.0,16,4516,17.55,663,0,0,Loyal Regulars
13983,United Kingdom,29,21,7108.45,2,5,5,4.0,21,4157,20.85,701,0,0,Loyal Regulars
14841,United Kingdom,53,14,7163.0,2,5,5,4.0,14,4164,23.88,684,0,0,Loyal Regulars
15950,United Kingdom,31,10,7180.71,2,5,5,4.0,10,3384,18.18,651,0,0,Loyal Regulars
13451,United Kingdom,26,11,7190.92,2,5,5,4.0,11,5268,6.9,602,0,0,Loyal Regulars
12712,Germany,28,21,7193.66,2,5,5,4.0,21,2349,26.06,702,0,0,Loyal Regulars
16745,United Kingdom,86,17,7194.3,3,5,5,4.333333333333333,17,6735,20.15,225,0,0,Loyal Regulars
17231,United Kingdom,12,25,7197.04,1,5,5,3.6666666666666665,25,3738,5.82,720,0,0,Loyal Regulars
14092,United Kingdom,7,24,7229.45,1,5,5,3.6666666666666665,24,3606,19.38,716,0,0,Loyal Regulars
16729,United Kingdom,38,21,7239.92,2,5,5,4.0,21,5783,10.97,203,0,0,Loyal Regulars
17965,United Kingdom,37,29,7240.98,2,5,5,4.0,29,4525,8.47,688,0,0,Loyal Regulars
16253,United Kingdom,66,7,7310.15,3,4,5,4.0,7,6061,24.21,665,0,0,Loyal Regulars
13082,United Kingdom,126,21,7335.75,3,5,5,4.333333333333333,21,8466,56.87,591,1,0,Loyal Regulars
14243,United Kingdom,8,17,7431.05,1,5,5,3.6666666666666665,17,3687,20.03,468,0,0,Loyal Regulars
16570,United Kingdom,15,20,7434.31,1,5,5,3.6666666666666665,20,4292,30.85,604,0,0,Loyal Regulars
17690,United Kingdom,30,20,7448.1,2,5,5,4.0,20,3126,19.45,644,0,0,Loyal Regulars
17602,United Kingdom,2,14,7451.13,1,5,5,3.6666666666666665,14,5936,8.04,617,0,0,Loyal Regulars
16242,United Kingdom,8,14,7474.4,1,5,5,3.6666666666666665,14,3955,10.96,626,0,0,Loyal Regulars
13815,Germany,22,8,7475.74,2,4,5,3.6666666666666665,8,5381,21.0,643,0,0,Loyal Regulars
15179,United Kingdom,18,13,7491.92,1,5,5,3.6666666666666665,13,5416,23.86,718,0,0,Loyal Regulars
12841,United Kingdom,4,40,7540.68,1,5,5,3.6666666666666665,40,5414,10.74,515,0,0,Loyal Regulars
13373,United Kingdom,60,6,7587.19,3,4,5,4.0,6,4263,21.19,673,0,0,Loyal Regulars
13709,United Kingdom,3,18,7591.75,1,5,5,3.6666666666666665,18,4130,18.61,694,0,0,Loyal Regulars
14145,United Kingdom,46,7,7600.05,2,4,5,3.6666666666666665,7,1655,304.0,564,0,0,Loyal Regulars
15301,United Kingdom,50,17,7603.44,2,5,5,4.0,17,4290,20.01,400,0,0,Loyal Regulars
13141,United Kingdom,84,17,7668.58,3,5,5,4.333333333333333,17,5169,18.04,646,0,0,Loyal Regulars
14175,United Kingdom,59,8,7678.88,3,4,5,4.0,8,3009,23.2,568,0,0,Loyal Regulars
17696,United Kingdom,38,27,7679.59,2,5,5,4.0,27,5891,21.04,691,0,0,Loyal Regulars
13137,United Kingdom,10,16,7712.7,1,5,5,3.6666666666666665,16,4294,5.35,492,0,0,Loyal Regulars
14688,United Kingdom,7,28,7713.57,1,5,5,3.6666666666666665,28,5580,15.04,449,0,0,Loyal Regulars
13534,United Kingdom,2,35,7720.9,1,5,5,3.6666666666666665,35,3869,19.7,518,0,0,Loyal Regulars
17739,United Kingdom,11,18,7730.59,1,5,5,3.6666666666666665,18,2335,51.88,721,0,0,Loyal Regulars
17730,United Kingdom,3,20,7773.8,1,5,5,3.6666666666666665,20,5300,24.76,586,0,0,Loyal Regulars
14800,United Kingdom,47,17,7774.32,2,5,5,4.0,17,6967,11.85,388,0,0,Loyal Regulars
17238,United Kingdom,2,32,7783.1,1,5,5,3.6666666666666665,32,3720,6.32,736,0,0,Loyal Regulars
17409,United Kingdom,184,10,7793.51,3,5,5,4.333333333333333,10,4089,74.94,544,1,0,Loyal Regulars
15581,United Kingdom,120,38,7794.59,3,5,5,4.333333333333333,38,3146,10.87,617,1,0,Loyal Regulars
16592,United Kingdom,4,28,7807.91,1,5,5,3.6666666666666665,28,5504,18.24,717,0,0,Loyal Regulars
17091,United Kingdom,2,19,7811.1,1,5,5,3.6666666666666665,19,3845,16.48,721,0,0,Loyal Regulars
15046,United Kingdom,9,25,7812.39,1,5,5,3.6666666666666665,25,4701,19.24,685,0,0,Loyal Regulars
14282,United Kingdom,3,25,7849.66,1,5,5,3.6666666666666665,25,5478,30.9,659,0,0,Loyal Regulars
15622,United Kingdom,43,17,7852.61,2,5,5,4.0,17,4091,18.43,602,0,0,Loyal Regulars
12757,Portugal,15,13,7857.1,1,5,5,3.6666666666666665,13,2402,21.18,196,0,0,Loyal Regulars
13871,United Kingdom,22,17,7885.85,2,5,5,4.0,17,3502,19.62,697,0,0,Loyal Regulars
17085,United Kingdom,123,28,7891.41,3,5,5,4.333333333333333,28,3603,7.92,610,1,0,Loyal Regulars
14291,United Kingdom,1,23,7904.1,1,5,5,3.6666666666666665,23,6146,16.0,729,0,0,Loyal Regulars
12867,United Kingdom,26,13,7913.29,2,5,5,4.0,13,7939,7.44,697,0,0,Loyal Regulars
16303,United Kingdom,25,7,7928.27,2,4,5,3.6666666666666665,7,3859,27.72,606,0,0,Loyal Regulars
14159,United Kingdom,19,20,7938.01,2,5,5,4.0,20,6593,4.24,717,0,0,Loyal Regulars
12428,Finland,25,9,7956.46,2,5,5,4.0,9,3536,27.06,258,0,0,Loyal Regulars
15299,United Kingdom,67,10,7991.54,3,5,5,4.333333333333333,10,5453,614.73,629,0,0,Loyal Regulars
16556,United Kingdom,66,17,8012.58,3,5,5,4.333333333333333,17,4353,16.62,666,0,0,Loyal Regulars
16670,United Kingdom,16,20,8030.15,1,5,5,3.6666666666666665,20,4534,16.56,713,0,0,Loyal Regulars
16767,United Kingdom,30,15,8073.8,2,5,5,4.0,15,7121,24.92,560,0,0,Loyal Regulars
17426,United Kingdom,8,13,8077.77,1,5,5,3.6666666666666665,13,5187,18.92,652,0,0,Loyal Regulars
17593,United Kingdom,3,11,8095.8,1,5,5,3.6666666666666665,11,5607,19.79,732,0,0,Loyal Regulars
13869,United Kingdom,123,10,8111.57,3,5,5,4.333333333333333,10,4358,9.43,568,1,0,Loyal Regulars
12431,Australia,35,21,8125.54,2,5,5,4.0,21,3436,31.01,610,0,0,Loyal Regulars
12431,Australia,35,21,8125.54,2,5,5,4.0,6,1281,19.11,633,0,0,Loyal Regulars
16672,United Kingdom,2,20,8134.94,1,5,5,3.6666666666666665,20,2832,71.36,264,0,0,Loyal Regulars
15544,United Kingdom,9,20,8162.43,1,5,5,3.6666666666666665,20,7019,14.65,671,0,0,Loyal Regulars
13426,United Kingdom,0,22,8167.38,1,5,5,3.6666666666666665,22,4868,23.81,730,0,0,Loyal Regulars
13139,United Kingdom,16,8,8202.98,1,5,5,3.6666666666666665,8,4614,30.95,421,0,0,Loyal Regulars
14395,United Kingdom,2,20,8208.01,1,5,5,3.6666666666666665,20,4072,10.05,598,0,0,Loyal Regulars
14056,United Kingdom,1,23,8214.65,1,5,5,3.6666666666666665,23,4273,7.43,283,0,0,Loyal Regulars
13381,United Kingdom,31,12,8224.37,2,5,5,4.0,12,5125,23.1,707,0,0,Loyal Regulars
17365,United Kingdom,12,15,8224.98,1,5,5,3.6666666666666665,15,8056,10.29,664,0,0,Loyal Regulars
14525,United Kingdom,19,17,8240.64,2,5,5,4.0,17,5235,15.18,707,0,0,Loyal Regulars
12720,Germany,2,30,8260.67,1,5,5,3.6666666666666665,30,6317,16.23,504,0,0,Loyal Regulars
14030,United Kingdom,18,20,8262.29,1,5,5,3.6666666666666665,20,4350,9.54,711,0,0,Loyal Regulars
17686,United Kingdom,7,9,8296.81,1,5,5,3.6666666666666665,9,3583,19.34,526,0,0,Loyal Regulars
15998,United Kingdom,36,16,8308.34,2,5,5,4.0,16,5372,5.79,702,0,0,Loyal Regulars
15034,United Kingdom,15,14,8313.4,1,5,5,3.6666666666666665,14,4788,10.88,562,0,0,Loyal Regulars
12637,France,67,12,8340.31,3,5,5,4.333333333333333,12,4284,13.13,476,0,0,Loyal Regulars
12643,France,128,12,8350.42,3,5,5,4.333333333333333,12,4785,160.59,483,1,0,Loyal Regulars
14676,United Kingdom,31,12,8356.79,2,5,5,4.0,12,8792,62.83,608,0,0,Loyal Regulars
17611,United Kingdom,7,28,8371.98,1,5,5,3.6666666666666665,28,5356,7.45,731,0,0,Loyal Regulars
13206,United Kingdom,400,13,8377.32,4,5,5,4.666666666666667,13,7155,14.42,332,1,2,Hibernating
14057,United Kingdom,23,22,8408.84,2,5,5,4.0,22,6485,18.52,713,0,0,Loyal Regulars
14160,United Kingdom,610,7,8421.47,5,4,5,4.666666666666667,7,4661,78.71,88,1,2,Hibernating
18139,United Kingdom,17,6,8438.34,1,4,5,3.3333333333333335,6,5557,53.07,1,0,0,Loyal Regulars
14286,United Kingdom,23,7,8479.76,2,4,5,3.6666666666666665,7,8795,16.99,712,0,0,Loyal Regulars
13715,United Kingdom,281,17,8483.29,4,5,5,4.666666666666667,17,4934,15.89,357,1,0,Loyal Regulars
13209,United Kingdom,30,13,8509.51,2,5,5,4.0,13,5781,23.25,654,0,0,Loyal Regulars
12798,Japan,10,4,8510.93,1,4,5,3.3333333333333335,4,8455,257.91,411,0,0,Loyal Regulars
15786,United Kingdom,46,5,8514.82,2,4,5,3.6666666666666665,5,5981,18.27,490,0,0,Loyal Regulars
15270,United Kingdom,15,21,8524.86,1,5,5,3.6666666666666665,21,4010,50.74,707,0,0,Loyal Regulars
15281,United Kingdom,58,16,8543.57,2,5,5,4.0,16,5233,16.37,369,0,0,Loyal Regulars
16945,United Kingdom,21,33,8548.16,2,5,5,4.0,33,5889,18.03,709,0,0,Loyal Regulars
13148,United Kingdom,29,26,8621.81,2,5,5,4.0,26,4571,10.87,703,0,0,Loyal Regulars
15497,United Kingdom,17,9,8657.39,1,5,5,3.6666666666666665,9,2937,71.55,704,0,0,Loyal Regulars
15955,United Kingdom,24,22,8658.36,2,5,5,4.0,22,4213,23.92,630,0,0,Loyal Regulars
13263,United Kingdom,1,39,8704.69,1,5,5,3.6666666666666665,39,5390,4.53,412,0,0,Loyal Regulars
12957,United Kingdom,9,13,8706.97,1,5,5,3.6666666666666665,13,4686,17.77,719,0,0,Loyal Regulars
18041,United Kingdom,11,38,8752.38,1,5,5,3.6666666666666665,38,7859,9.12,683,0,0,Loyal Regulars
16532,United Kingdom,17,5,8756.64,1,4,5,3.3333333333333335,5,2544,1459.44,603,0,0,Loyal Regulars
15984,United Kingdom,2,30,8759.32,1,5,5,3.6666666666666665,30,6084,11.73,736,0,0,Loyal Regulars
13047,United Kingdom,31,24,8795.16,2,5,5,4.0,24,3429,22.27,692,0,0,Loyal Regulars
17396,United Kingdom,39,14,8807.1,2,5,5,4.0,14,2419,176.14,402,0,0,Loyal Regulars
14709,United Kingdom,15,25,8886.33,1,5,5,3.6666666666666665,25,4141,24.89,719,0,0,Loyal Regulars
13269,United Kingdom,1,28,8891.7,1,5,5,3.6666666666666665,28,6564,17.82,736,0,0,Loyal Regulars
12359,Cyprus,57,10,8935.94,2,5,5,4.0,10,2752,24.48,677,0,0,Loyal Regulars
15903,United Kingdom,9,12,8939.84,1,5,5,3.6666666666666665,12,3926,77.07,685,0,0,Loyal Regulars
16722,United Kingdom,17,22,8989.08,1,5,5,3.6666666666666665,22,8580,21.45,719,0,0,Loyal Regulars
13555,United Kingdom,73,13,8999.19,3,5,5,4.333333333333333,13,4827,22.11,616,0,0,Loyal Regulars
15150,United Kingdom,17,13,9001.08,1,5,5,3.6666666666666665,13,6183,15.65,526,0,0,Loyal Regulars
16186,United Kingdom,22,26,9026.11,2,5,5,4.0,26,6825,17.19,708,0,0,Loyal Regulars
12755,Japan,280,11,9030.66,4,5,5,4.666666666666667,11,3781,141.1,413,1,0,Loyal Regulars
17576,United Kingdom,8,41,9056.81,1,5,5,3.6666666666666665,41,4740,9.76,728,0,0,Loyal Regulars
15939,United Kingdom,89,16,9060.39,3,5,5,4.333333333333333,16,6260,56.28,285,0,0,Loyal Regulars
15867,United Kingdom,5,31,9063.95,1,5,5,3.6666666666666665,31,5139,8.56,720,0,0,Loyal Regulars
16709,United Kingdom,84,14,9087.46,3,5,5,4.333333333333333,14,3276,29.7,646,0,0,Loyal Regulars
17068,United Kingdom,12,47,9161.08,1,5,5,3.6666666666666665,47,4435,8.95,609,0,0,Loyal Regulars
16700,United Kingdom,8,25,9167.71,1,5,5,3.6666666666666665,25,6882,17.33,729,0,0,Loyal Regulars
15260,United Kingdom,100,25,9188.23,3,5,5,4.333333333333333,25,4722,23.09,633,1,0,Loyal Regulars
13756,United Kingdom,2,23,9207.5,1,5,5,3.6666666666666665,23,5441,26.46,722,0,0,Loyal Regulars
14292,United Kingdom,7,16,9226.25,1,5,5,3.6666666666666665,16,3429,47.8,623,0,0,Loyal Regulars
13448,United Kingdom,16,13,9240.87,1,5,5,3.6666666666666665,13,4404,16.56,717,0,0,Loyal Regulars
14367,United Kingdom,8,16,9261.52,1,5,5,3.6666666666666665,16,4438,17.67,268,0,0,Loyal Regulars
15249,United Kingdom,31,18,9266.0,2,5,5,4.0,18,4980,18.46,592,0,0,Loyal Regulars
13162,United Kingdom,122,16,9275.49,3,5,5,4.333333333333333,16,5755,38.97,613,1,0,Loyal Regulars
12747,United Kingdom,2,26,9276.54,1,5,5,3.6666666666666665,26,2758,36.1,730,0,0,Loyal Regulars
15570,United Kingdom,7,25,9311.04,1,5,5,3.6666666666666665,25,4279,11.85,614,0,0,Loyal Regulars
15981,United Kingdom,24,21,9362.77,2,5,5,4.0,21,4827,32.51,596,0,0,Loyal Regulars
13758,United Kingdom,11,15,9416.98,1,5,5,3.6666666666666665,15,5068,30.48,727,0,0,Loyal Regulars
17757,United Kingdom,1,56,9422.45,1,5,5,3.6666666666666665,56,5163,7.19,694,0,0,Loyal Regulars
16550,United Kingdom,108,18,9435.13,3,5,5,4.333333333333333,18,5727,11.61,629,1,0,Loyal Regulars
14439,Greece,319,5,9443.04,4,4,5,4.333333333333333,5,2244,73.2,368,1,2,Hibernating
15727,United Kingdom,16,15,9445.51,1,5,5,3.6666666666666665,15,5942,13.61,668,0,0,Loyal Regulars
14146,United Kingdom,8,12,9450.3,1,5,5,3.6666666666666665,12,5780,20.72,687,0,0,Loyal Regulars
15298,United Kingdom,2,23,9459.37,1,5,5,3.6666666666666665,23,6286,21.4,729,0,0,Loyal Regulars
13174,United Kingdom,16,12,9494.84,1,5,5,3.6666666666666665,12,4541,8.39,719,0,0,Loyal Regulars
13999,United Kingdom,10,29,9502.26,1,5,5,3.6666666666666665,29,5043,20.39,724,0,0,Loyal Regulars
14060,United Kingdom,4,30,9519.08,1,5,5,3.6666666666666665,30,8119,35.26,634,0,0,Loyal Regulars
14091,United Kingdom,654,2,9530.08,5,2,5,4.0,2,3316,733.08,44,1,2,Hibernating
17504,United Kingdom,206,18,9565.12,4,5,5,4.666666666666667,18,5517,27.64,463,1,0,Loyal Regulars
17811,United Kingdom,4,47,9609.8,1,5,5,3.6666666666666665,47,5327,8.13,441,0,0,Loyal Regulars
14135,United Kingdom,1,24,9643.92,1,5,5,3.6666666666666665,24,9355,37.67,736,0,0,Loyal Regulars
17315,United Kingdom,1,43,9650.6,1,5,5,3.6666666666666665,43,5124,12.71,437,0,0,Loyal Regulars
12380,Belgium,21,11,9676.3,2,5,5,4.0,11,3355,34.93,641,0,0,Loyal Regulars
13069,United Kingdom,0,38,9683.13,1,5,5,3.6666666666666665,38,15404,8.68,543,0,0,Loyal Regulars
13267,United Kingdom,2,36,9758.26,1,5,5,3.6666666666666665,36,4104,22.91,730,0,0,Loyal Regulars
13018,United Kingdom,16,35,9763.16,1,5,5,3.6666666666666665,35,6746,16.19,632,0,0,Loyal Regulars
17306,United Kingdom,10,21,9782.35,1,5,5,3.6666666666666665,21,13747,135.87,393,0,0,Loyal Regulars
14944,United Kingdom,29,19,9784.67,2,5,5,4.0,19,4864,32.29,631,0,0,Loyal Regulars
13735,United Kingdom,24,13,9813.22,2,5,5,4.0,13,4158,14.96,702,0,0,Loyal Regulars
12490,France,5,21,9823.64,1,5,5,3.6666666666666665,21,5906,21.26,733,0,0,Loyal Regulars
14828,United Kingdom,196,13,9839.46,4,5,5,4.666666666666667,13,9718,97.42,536,1,0,Loyal Regulars
12590,Germany,211,2,9864.26,4,2,5,3.6666666666666665,2,4283,145.06,0,1,0,Loyal Regulars
13327,United Kingdom,38,20,9879.48,2,5,5,4.0,20,4479,28.89,683,0,0,Loyal Regulars
18109,United Kingdom,1,38,9893.96,1,5,5,3.6666666666666665,38,4885,14.72,525,0,0,Loyal Regulars
12758,Portugal,116,7,9903.24,3,4,5,4.0,7,6155,31.64,622,1,0,Loyal Regulars
16701,United Kingdom,8,26,9916.73,1,5,5,3.6666666666666665,26,11046,36.06,730,0,0,Loyal Regulars
17230,United Kingdom,264,18,9924.95,4,5,5,4.666666666666667,18,3903,44.51,467,1,0,Loyal Regulars
14329,United Kingdom,17,15,9927.22,1,5,5,3.6666666666666665,15,5921,17.95,706,0,0,Loyal Regulars
17049,United Kingdom,2,19,9947.48,1,5,5,3.6666666666666665,19,4276,17.8,643,0,0,Loyal Regulars
16131,United Kingdom,51,12,9957.42,2,5,5,4.0,12,4768,45.47,686,0,0,Loyal Regulars
14101,United Kingdom,73,13,9961.93,3,5,5,4.333333333333333,13,10542,110.69,548,0,0,Loyal Regulars
18260,United Kingdom,172,23,9962.11,3,5,5,4.333333333333333,23,5247,24.24,552,1,0,Loyal Regulars
16182,United Kingdom,72,9,9971.65,3,5,5,4.333333333333333,9,5887,195.52,568,0,0,Loyal Regulars
14755,United Kingdom,9,25,9972.55,1,5,5,3.6666666666666665,25,4401,20.99,727,0,0,Loyal Regulars
16353,United Kingdom,3,38,9999.46,1,5,5,3.6666666666666665,38,3531,57.47,729,0,0,Loyal Regulars
13985,United Kingdom,4,22,10020.86,1,5,5,3.6666666666666665,22,4936,20.88,664,0,0,Loyal Regulars
12766,Portugal,3,9,10068.28,1,5,5,3.6666666666666665,9,5446,22.13,404,0,0,Loyal Regulars
12839,United Kingdom,2,26,10071.73,1,5,5,3.6666666666666665,26,6849,17.49,730,0,0,Loyal Regulars
14085,United Kingdom,2,33,10104.97,1,5,5,3.6666666666666665,33,6564,9.46,729,0,0,Loyal Regulars
15547,United Kingdom,7,26,10154.39,1,5,5,3.6666666666666665,26,7362,7.48,726,0,0,Loyal Regulars
13599,United Kingdom,1,33,10167.63,1,5,5,3.6666666666666665,33,6494,24.8,737,0,0,Loyal Regulars
15805,United Kingdom,23,30,10189.23,2,5,5,4.0,30,6225,19.19,706,0,0,Loyal Regulars
17160,United Kingdom,31,17,10209.16,2,5,5,4.0,17,8390,15.68,704,0,0,Loyal Regulars
15719,United Kingdom,32,31,10223.06,2,5,5,4.0,31,5368,5.74,706,0,0,Loyal Regulars
14422,United Kingdom,0,19,10271.52,1,5,5,3.6666666666666665,19,6067,18.61,722,0,0,Loyal Regulars
15296,United Kingdom,50,12,10342.83,2,5,5,4.0,12,5464,19.33,637,0,0,Loyal Regulars
14028,United Kingdom,550,3,10396.5,5,3,5,4.333333333333333,3,7170,1155.17,0,1,2,Hibernating
16782,United Kingdom,10,38,10438.41,1,5,5,3.6666666666666665,38,4285,5.54,720,0,0,Loyal Regulars
15290,United Kingdom,4,26,10496.28,1,5,5,3.6666666666666665,26,6567,35.95,649,0,0,Loyal Regulars
13324,United Kingdom,36,18,10513.47,2,5,5,4.0,18,8448,79.65,527,0,0,Loyal Regulars
16168,United Kingdom,10,66,10636.47,1,5,5,3.6666666666666665,66,5099,34.42,726,0,0,Loyal Regulars
16327,United Kingdom,14,16,10731.34,1,5,5,3.6666666666666665,16,8540,11.33,711,0,0,Loyal Regulars
16984,United Kingdom,88,9,10754.8,3,5,5,4.333333333333333,9,5330,9.49,554,0,0,Loyal Regulars
18229,United Kingdom,11,28,10803.71,1,5,5,3.6666666666666665,28,3183,51.2,725,0,0,Loyal Regulars
15694,United Kingdom,0,24,10810.81,1,5,5,3.6666666666666665,24,2658,69.75,732,0,0,Loyal Regulars
16033,United Kingdom,5,27,10836.13,1,5,5,3.6666666666666665,27,4288,7.73,480,0,0,Loyal Regulars
18052,United Kingdom,564,1,10877.18,5,2,5,4.0,1,17766,679.82,0,1,2,Hibernating
14796,United Kingdom,1,27,10889.64,1,5,5,3.6666666666666665,27,7653,7.01,724,0,0,Loyal Regulars
16985,United Kingdom,17,23,10923.16,1,5,5,3.6666666666666665,23,3103,44.95,712,0,0,Loyal Regulars
12918,United Kingdom,626,1,10953.5,5,2,5,4.0,1,1,10953.5,0,1,2,Hibernating
13941,United Kingdom,21,15,11122.3,2,5,5,4.0,15,5426,105.93,702,0,0,Loyal Regulars
14134,United Kingdom,382,15,11123.35,4,5,5,4.666666666666667,15,5814,61.8,347,1,2,Hibernating
12524,Germany,9,17,11126.11,1,5,5,3.6666666666666665,17,7178,46.36,660,0,0,Loyal Regulars
18055,United Kingdom,7,14,11195.57,1,5,5,3.6666666666666665,14,3839,19.17,406,0,0,Loyal Regulars
12539,Spain,22,7,11214.75,2,4,5,3.6666666666666665,7,4535,22.25,694,0,0,Loyal Regulars
15874,United Kingdom,63,21,11284.76,3,5,5,4.333333333333333,21,5102,33.0,638,0,0,Loyal Regulars
14045,United Kingdom,109,16,11313.03,3,5,5,4.333333333333333,16,4587,297.71,591,1,0,Loyal Regulars
17809,United Kingdom,16,20,11337.39,1,5,5,3.6666666666666665,20,3353,101.23,721,0,0,Loyal Regulars
14016,EIRE,161,11,11403.41,3,5,5,4.333333333333333,11,5722,25.45,539,1,0,Loyal Regulars
13680,United Kingdom,1,12,11435.67,1,5,5,3.6666666666666665,12,5252,17.54,734,0,0,Loyal Regulars
12668,Germany,11,10,11444.68,1,5,5,3.6666666666666665,10,5076,21.23,666,0,0,Loyal Regulars
15218,United Kingdom,10,22,11516.57,1,5,5,3.6666666666666665,22,6553,28.72,672,0,0,Loyal Regulars
13576,United Kingdom,10,28,11551.74,1,5,5,3.6666666666666665,28,4614,41.4,721,0,0,Loyal Regulars
13004,United Kingdom,11,36,11650.85,1,5,5,3.6666666666666665,36,8768,14.3,713,0,0,Loyal Regulars
13102,United Kingdom,1,37,11696.92,1,5,5,3.6666666666666665,37,6576,23.77,581,0,0,Loyal Regulars
14426,United Kingdom,23,17,11727.94,2,5,5,4.0,17,7023,19.42,622,0,0,Loyal Regulars
12705,Germany,15,14,11762.1,1,5,5,3.6666666666666665,14,7188,19.64,518,0,0,Loyal Regulars
18226,United Kingdom,44,26,11878.88,2,5,5,4.0,26,7883,22.5,600,0,0,Loyal Regulars
13687,United Kingdom,438,1,11880.84,5,1,5,3.6666666666666665,1,87167,264.02,0,1,2,Hibernating
16523,United Kingdom,1,28,11916.33,1,5,5,3.6666666666666665,28,4979,32.12,683,0,0,Loyal Regulars
16258,United Kingdom,45,15,11942.52,2,5,5,4.0,15,7200,34.72,594,0,0,Loyal Regulars
13458,United Kingdom,7,16,11959.27,1,5,5,3.6666666666666665,16,6760,24.66,381,0,0,Loyal Regulars
17044,United Kingdom,25,12,11962.3,2,5,5,4.0,12,5722,80.28,707,0,0,Loyal Regulars
14505,United Kingdom,17,19,12001.84,1,5,5,3.6666666666666665,19,5383,7.46,713,0,0,Loyal Regulars
17364,United Kingdom,0,28,12070.42,1,5,5,3.6666666666666665,28,7513,13.12,732,0,0,Loyal Regulars
14415,United Kingdom,1,23,12091.6,1,5,5,3.6666666666666665,23,6304,9.59,722,0,0,Loyal Regulars
15555,United Kingdom,12,36,12112.35,1,5,5,3.6666666666666665,36,9037,7.21,721,0,0,Loyal Regulars
17338,United Kingdom,17,17,12142.57,1,5,5,3.6666666666666665,17,5879,8.92,622,0,0,Loyal Regulars
15144,United Kingdom,8,29,12160.31,1,5,5,3.6666666666666665,29,5251,34.84,718,0,0,Loyal Regulars
15023,United Kingdom,3,20,12170.68,1,5,5,3.6666666666666665,20,5052,11.99,671,0,0,Loyal Regulars
13418,United Kingdom,11,31,12233.6,1,5,5,3.6666666666666665,31,7606,21.73,717,0,0,Loyal Regulars
14735,United Kingdom,3,56,12240.16,1,5,5,3.6666666666666665,56,4513,33.44,732,0,0,Loyal Regulars
13854,United Kingdom,8,39,12253.96,1,5,5,3.6666666666666665,39,3710,67.7,692,0,0,Loyal Regulars
14739,United Kingdom,4,25,12287.5,1,5,5,3.6666666666666665,25,10172,48.0,733,0,0,Loyal Regulars
13050,United Kingdom,14,35,12344.53,1,5,5,3.6666666666666665,35,7206,12.23,710,0,0,Loyal Regulars
12481,Germany,22,15,12361.39,2,5,5,4.0,15,7253,31.61,585,0,0,Loyal Regulars
16000,United Kingdom,2,3,12393.7,1,3,5,3.0,3,5110,1377.08,0,0,0,Loyal Regulars
14936,Channel Islands,33,12,12410.81,2,5,5,4.0,12,6274,23.55,550,0,0,Loyal Regulars
12474,Germany,17,31,12424.45,1,5,5,3.6666666666666665,31,7954,17.5,649,0,0,Loyal Regulars
15194,United Kingdom,3,28,12427.69,1,5,5,3.6666666666666665,28,9169,25.26,733,0,0,Loyal Regulars
16814,United Kingdom,14,36,12499.71,1,5,5,3.6666666666666665,36,5066,15.55,593,0,0,Loyal Regulars
12536,France,43,3,12601.83,2,3,5,3.3333333333333335,3,2803,48.28,16,0,0,Loyal Regulars
13013,United Kingdom,1,29,12625.77,1,5,5,3.6666666666666665,29,6463,22.79,724,0,0,Loyal Regulars
14040,United Kingdom,40,35,12645.57,2,5,5,4.0,35,5044,15.93,698,0,0,Loyal Regulars
15465,United Kingdom,19,32,12655.65,2,5,5,4.0,32,2769,48.12,710,0,0,Loyal Regulars
12451,Switzerland,10,8,12669.88,1,5,5,3.6666666666666665,8,9359,24.79,519,0,0,Loyal Regulars
12437,France,1,39,12683.4,1,5,5,3.6666666666666665,39,8000,22.53,736,0,0,Loyal Regulars
12683,France,4,21,12696.78,1,5,5,3.6666666666666665,21,7683,23.47,722,0,0,Loyal Regulars
17858,United Kingdom,5,30,12797.65,1,5,5,3.6666666666666665,30,5483,32.4,728,0,0,Loyal Regulars
13952,United Kingdom,217,14,12823.52,4,5,5,4.666666666666667,14,5947,31.35,506,1,0,Loyal Regulars
16161,United Kingdom,1,43,12831.8,1,5,5,3.6666666666666665,43,6380,11.08,668,0,0,Loyal Regulars
14110,United Kingdom,3,33,12987.95,1,5,5,3.6666666666666665,33,5825,32.55,735,0,0,Loyal Regulars
18225,United Kingdom,3,26,13054.26,1,5,5,3.6666666666666665,26,7304,22.55,732,0,0,Loyal Regulars
13668,United Kingdom,2,35,13089.94,1,5,5,3.6666666666666665,35,6133,17.0,726,0,0,Loyal Regulars
16549,United Kingdom,10,34,13182.19,1,5,5,3.6666666666666665,34,7278,4.06,611,0,0,Loyal Regulars
13316,United Kingdom,37,10,13191.57,2,5,5,4.0,10,21372,75.38,602,0,0,Loyal Regulars
14049,United Kingdom,16,13,13239.03,1,5,5,3.6666666666666665,13,8609,12.25,601,0,0,Loyal Regulars
13969,United Kingdom,7,35,13365.87,1,5,5,3.6666666666666665,35,6817,12.08,617,0,0,Loyal Regulars
13629,United Kingdom,23,19,13370.86,2,5,5,4.0,19,7722,153.69,643,0,0,Loyal Regulars
15738,United Kingdom,18,41,13372.97,1,5,5,3.6666666666666665,41,9285,26.96,711,0,0,Loyal Regulars
16923,United Kingdom,12,32,13378.36,1,5,5,3.6666666666666665,32,6269,11.82,665,0,0,Loyal Regulars
13097,United Kingdom,32,28,13389.22,2,5,5,4.0,28,5396,13.17,706,0,0,Loyal Regulars
13468,United Kingdom,1,72,13390.51,1,5,5,3.6666666666666665,72,5824,18.39,735,0,1,Champions
12989,United Kingdom,3,33,13551.75,1,5,5,3.6666666666666665,33,6935,139.71,726,0,0,Loyal Regulars
12567,France,22,15,13709.86,2,5,5,4.0,15,6086,21.46,644,0,0,Loyal Regulars
15382,United Kingdom,14,12,13733.55,1,5,5,3.6666666666666665,12,9178,21.73,721,0,0,Loyal Regulars
15032,United Kingdom,256,8,13780.65,4,4,5,4.333333333333333,8,8259,110.25,473,1,0,Loyal Regulars
15291,United Kingdom,25,40,13846.56,2,5,5,4.0,40,5017,56.29,711,0,0,Loyal Regulars
16558,United Kingdom,0,38,13873.51,1,5,5,3.6666666666666665,38,8088,17.79,736,0,0,Loyal Regulars
15760,Norway,630,2,13916.34,5,2,5,4.0,2,2,6958.17,0,1,2,Hibernating
12435,Denmark,79,6,13925.93,3,4,5,4.0,6,4958,124.34,658,0,0,Loyal Regulars
15502,United Kingdom,15,14,13993.47,1,5,5,3.6666666666666665,14,5861,38.76,539,0,0,Loyal Regulars
18223,United Kingdom,4,26,14000.85,1,5,5,3.6666666666666665,26,6644,24.31,731,0,0,Loyal Regulars
17589,United Kingdom,60,18,14049.87,3,5,5,4.333333333333333,18,8788,10.46,582,0,0,Loyal Regulars
13178,United Kingdom,26,21,14059.19,2,5,5,4.0,21,8778,20.46,697,0,0,Loyal Regulars
12714,France,9,12,14093.71,1,5,5,3.6666666666666665,12,8774,20.25,726,0,0,Loyal Regulars
13090,United Kingdom,8,24,14103.09,1,5,5,3.6666666666666665,24,3445,49.83,486,0,0,Loyal Regulars
15005,United Kingdom,15,56,14106.2,1,5,5,3.6666666666666665,56,8856,5.75,723,0,0,Loyal Regulars
17017,United Kingdom,2,29,14110.61,1,5,5,3.6666666666666665,29,10591,33.28,734,0,0,Loyal Regulars
12476,Germany,15,23,14115.41,1,5,5,3.6666666666666665,23,5645,27.36,486,0,0,Loyal Regulars
15093,United Kingdom,18,23,14326.11,1,5,5,3.6666666666666665,23,11657,43.15,713,0,0,Loyal Regulars
12583,France,2,27,14447.44,1,5,5,3.6666666666666665,27,8984,31.0,731,0,0,Loyal Regulars
14299,United Kingdom,8,27,14499.49,1,5,5,3.6666666666666665,27,8228,42.65,729,0,0,Loyal Regulars
17448,United Kingdom,497,46,14556.97,5,5,5,5.0,46,11548,13.03,148,1,2,Hibernating
16713,United Kingdom,18,32,14560.69,1,5,5,3.6666666666666665,32,8683,10.9,706,0,0,Loyal Regulars
15482,United Kingdom,15,19,14592.56,1,5,5,3.6666666666666665,19,6532,97.94,722,0,0,Loyal Regulars
16873,United Kingdom,4,12,14617.39,1,5,5,3.6666666666666665,12,8601,28.55,664,0,0,Loyal Regulars
17133,United Kingdom,15,12,14622.33,1,5,5,3.6666666666666665,12,10107,261.11,613,0,0,Loyal Regulars
16126,United Kingdom,29,15,14646.8,2,5,5,4.0,15,6142,38.24,708,0,0,Loyal Regulars
18087,United Kingdom,98,17,14761.52,3,5,5,4.333333333333333,17,7775,167.74,640,1,0,Loyal Regulars
14543,United Kingdom,28,39,14906.77,2,5,5,4.0,39,2697,68.69,710,0,0,Loyal Regulars
15601,United Kingdom,11,30,14960.12,1,5,5,3.6666666666666665,30,11061,17.16,727,0,0,Loyal Regulars
12949,United Kingdom,30,22,15526.7,2,5,5,4.0,22,8233,21.72,706,0,0,Loyal Regulars
13488,United Kingdom,17,23,15587.88,1,5,5,3.6666666666666665,23,7891,21.53,666,0,0,Loyal Regulars
15768,United Kingdom,115,34,15601.09,3,5,5,4.333333333333333,34,4259,12.6,621,1,0,Loyal Regulars
16191,United Kingdom,2,24,15688.02,1,5,5,3.6666666666666665,24,9360,67.33,726,0,0,Loyal Regulars
14849,United Kingdom,21,43,15763.45,2,5,5,4.0,43,12026,20.88,677,0,0,Loyal Regulars
14769,United Kingdom,2,17,15771.88,1,5,5,3.6666666666666665,17,11255,11.06,721,0,0,Loyal Regulars
17716,United Kingdom,22,24,15956.97,2,5,5,4.0,24,8819,26.55,715,0,0,Loyal Regulars
12971,United Kingdom,3,116,15972.79,1,5,5,3.6666666666666665,116,14587,37.58,721,0,1,Champions
17107,United Kingdom,33,10,16075.42,2,5,5,4.0,10,7544,23.85,644,0,0,Loyal Regulars
18092,United Kingdom,2,18,16179.44,1,5,5,3.6666666666666665,18,8830,107.86,733,0,0,Loyal Regulars
14733,United Kingdom,16,15,16184.97,1,5,5,3.6666666666666665,15,6491,46.51,386,0,0,Loyal Regulars
15044,United Kingdom,19,35,16204.33,2,5,5,4.0,35,5279,17.71,704,0,0,Loyal Regulars
12980,United Kingdom,157,21,16245.78,3,5,5,4.333333333333333,21,1910,312.42,580,1,0,Loyal Regulars
16180,United Kingdom,100,13,16249.87,3,5,5,4.333333333333333,13,9813,49.69,434,1,0,Loyal Regulars
13225,United Kingdom,3,16,16260.07,1,5,5,3.6666666666666665,16,7401,130.08,719,0,0,Loyal Regulars
14961,United Kingdom,10,22,16410.15,1,5,5,3.6666666666666665,22,8372,24.49,725,0,0,Loyal Regulars
13199,United Kingdom,3,67,16432.89,1,5,5,3.6666666666666665,67,12019,79.39,731,0,0,Loyal Regulars
16553,United Kingdom,163,33,16644.01,3,5,5,4.333333333333333,33,16475,56.81,503,1,0,Loyal Regulars
12454,Spain,56,5,16679.78,2,4,5,3.6666666666666665,5,7703,416.99,365,0,0,Loyal Regulars
16656,United Kingdom,22,30,16833.17,2,5,5,4.0,30,15433,119.38,713,0,0,Loyal Regulars
15125,United Kingdom,25,24,17024.87,2,5,5,4.0,24,8433,70.94,593,0,0,Loyal Regulars
15358,United Kingdom,4,42,17050.41,1,5,5,3.6666666666666665,42,15378,15.09,728,0,0,Loyal Regulars
14277,France,15,9,17225.81,1,5,5,3.6666666666666665,9,89814,45.09,711,0,0,Loyal Regulars
17735,United Kingdom,2,26,17244.93,1,5,5,3.6666666666666665,26,10901,19.25,495,0,0,Loyal Regulars
13564,United Kingdom,144,37,17249.55,3,5,5,4.333333333333333,37,9251,13.57,593,1,0,Loyal Regulars
17416,United Kingdom,29,22,17298.45,2,5,5,4.0,22,8769,28.98,696,0,0,Loyal Regulars
13027,United Kingdom,113,19,17335.2,3,5,5,4.333333333333333,19,43080,201.57,575,1,0,Loyal Regulars
15523,United Kingdom,84,16,17359.99,3,5,5,4.333333333333333,16,15873,81.12,653,0,0,Loyal Regulars
16019,United Kingdom,46,27,17465.85,2,5,5,4.0,27,6976,43.13,679,0,0,Loyal Regulars
18172,United Kingdom,14,52,17479.84,1,5,5,3.6666666666666665,52,7413,36.72,714,0,0,Loyal Regulars
15189,United Kingdom,1,46,17524.38,1,5,5,3.6666666666666665,46,6902,72.72,508,0,0,Loyal Regulars
16652,United Kingdom,58,16,17550.39,2,5,5,4.0,16,7477,63.82,574,0,0,Loyal Regulars
14952,United Kingdom,59,32,17629.35,3,5,5,4.333333333333333,32,6977,57.42,677,0,0,Loyal Regulars
12901,United Kingdom,8,28,17654.54,1,5,5,3.6666666666666665,28,23075,152.19,262,0,0,Loyal Regulars
15078,United Kingdom,7,53,17761.88,1,5,5,3.6666666666666665,53,8990,22.4,728,0,0,Loyal Regulars
12472,Germany,32,19,17880.59,2,5,5,4.0,19,11350,19.63,693,0,0,Loyal Regulars
12647,Germany,22,36,17924.35,2,5,5,4.0,36,6878,32.59,673,0,0,Loyal Regulars
16746,United Kingdom,4,42,18066.4,1,5,5,3.6666666666666665,42,11906,18.27,731,0,0,Loyal Regulars
12357,Switzerland,33,3,18287.66,2,3,5,3.3333333333333335,3,6587,61.78,355,0,0,Loyal Regulars
17377,United Kingdom,23,78,18319.41,2,5,5,4.0,78,7589,10.31,714,0,1,Champions
15808,United Kingdom,306,21,18409.93,4,5,5,4.666666666666667,21,7229,21.46,432,1,0,Loyal Regulars
13113,United Kingdom,0,37,18625.73,1,5,5,3.6666666666666665,37,4545,47.51,621,0,0,Loyal Regulars
14194,United Kingdom,4,36,18670.59,1,5,5,3.6666666666666665,36,10037,19.61,698,0,0,Loyal Regulars
12557,Spain,16,8,18716.14,1,5,5,3.6666666666666665,8,6782,322.69,706,0,0,Loyal Regulars
17581,United Kingdom,0,43,18757.75,1,5,5,3.6666666666666665,43,9972,22.07,736,0,0,Loyal Regulars
16843,United Kingdom,42,35,19571.43,2,5,5,4.0,35,18502,32.84,687,0,0,Loyal Regulars
17139,United Kingdom,15,25,19584.46,1,5,5,3.6666666666666665,25,9859,24.21,682,0,0,Loyal Regulars
18008,United Kingdom,70,23,19787.13,3,5,5,4.333333333333333,23,7830,193.99,632,0,0,Loyal Regulars
12477,Germany,22,9,20276.37,2,5,5,4.0,9,6119,35.95,601,0,0,Loyal Regulars
15251,United Kingdom,9,21,20324.54,1,5,5,3.6666666666666665,21,12108,88.37,670,0,0,Loyal Regulars
12433,Norway,0,10,20581.26,1,5,5,3.6666666666666665,10,17116,29.15,476,0,0,Loyal Regulars
17706,United Kingdom,4,31,20749.98,1,5,5,3.6666666666666665,31,8049,27.12,685,0,0,Loyal Regulars
14866,United Kingdom,10,19,20850.22,1,5,5,3.6666666666666665,19,9233,152.19,460,0,0,Loyal Regulars
17243,United Kingdom,1,69,20889.86,1,5,5,3.6666666666666665,69,8198,18.42,737,0,1,Champions
15615,United Kingdom,10,47,21373.97,1,5,5,3.6666666666666665,47,12090,23.72,727,0,0,Loyal Regulars
12753,Japan,22,6,21429.39,2,4,5,3.6666666666666665,6,11421,108.78,340,0,0,Loyal Regulars
14667,United Kingdom,10,54,21927.14,1,5,5,3.6666666666666665,54,13010,16.1,727,0,0,Loyal Regulars
13319,United Kingdom,5,58,22082.5,1,5,5,3.6666666666666665,58,9270,23.12,728,0,0,Loyal Regulars
13340,United Kingdom,45,12,22100.56,2,5,5,4.0,12,9636,102.79,610,0,0,Loyal Regulars
15159,United Kingdom,1,34,22116.73,1,5,5,3.6666666666666665,34,13512,27.3,430,0,0,Loyal Regulars
12540,Spain,19,33,22254.49,2,5,5,4.0,33,11019,28.86,713,0,0,Loyal Regulars
16839,United Kingdom,8,44,22310.49,1,5,5,3.6666666666666665,44,11527,62.85,658,0,0,Loyal Regulars
17340,United Kingdom,29,18,22404.82,2,5,5,4.0,18,11210,28.84,634,0,0,Loyal Regulars
14051,United Kingdom,0,37,22434.0,1,5,5,3.6666666666666665,37,5947,67.17,736,0,0,Loyal Regulars
14063,United Kingdom,438,9,22710.2,5,5,5,5.0,9,3850,567.75,293,1,2,Hibernating
16133,United Kingdom,3,56,22992.26,1,5,5,3.6666666666666665,56,13653,42.27,615,0,0,Loyal Regulars
12409,Switzerland,78,7,23419.29,3,4,5,4.0,7,13143,88.71,487,0,0,Loyal Regulars
12482,Sweden,576,29,23691.4,5,5,5,5.0,29,27042,116.13,77,1,2,Hibernating
15640,United Kingdom,4,29,23957.58,1,5,5,3.6666666666666665,29,12390,31.32,721,0,0,Loyal Regulars
12682,France,3,52,24033.91,1,5,5,3.6666666666666665,52,11018,23.13,735,0,0,Loyal Regulars
14607,United Kingdom,15,22,24137.63,1,5,5,3.6666666666666665,22,15585,115.49,709,0,0,Loyal Regulars
13001,United Kingdom,4,33,24172.1,1,5,5,3.6666666666666665,33,13539,23.56,732,0,0,Loyal Regulars
17920,United Kingdom,4,54,24516.46,1,5,5,3.6666666666666665,54,12666,13.6,729,0,0,Loyal Regulars
16525,United Kingdom,2,48,24582.64,1,5,5,3.6666666666666665,48,14630,67.53,735,0,0,Loyal Regulars
12621,Germany,1,35,24775.81,1,5,5,3.6666666666666665,35,13933,32.18,667,0,0,Loyal Regulars
14895,United Kingdom,7,38,25119.54,1,5,5,3.6666666666666665,38,10714,27.91,722,0,0,Loyal Regulars
12939,United Kingdom,64,20,25264.8,3,5,5,4.333333333333333,20,10328,293.78,632,0,0,Loyal Regulars
12744,Singapore,51,11,25317.06,2,5,5,4.0,11,6994,74.68,540,0,0,Loyal Regulars
14062,United Kingdom,9,24,25604.2,1,5,5,3.6666666666666665,24,12799,74.65,720,0,0,Loyal Regulars
12731,France,23,17,25775.71,2,5,5,4.0,17,11641,65.59,624,0,0,Loyal Regulars
15498,United Kingdom,2,44,26039.58,1,5,5,3.6666666666666665,44,12622,26.82,721,0,0,Loyal Regulars
13802,United Kingdom,138,19,26259.11,3,5,5,4.333333333333333,19,14129,58.61,523,1,0,Loyal Regulars
18251,United Kingdom,87,9,26278.86,3,5,5,4.333333333333333,9,39639,243.32,630,0,0,Loyal Regulars
17865,United Kingdom,30,46,26374.39,2,5,5,4.0,46,12985,25.91,708,0,0,Loyal Regulars
16333,United Kingdom,7,22,26626.8,1,5,5,3.6666666666666665,22,32184,591.71,302,0,0,Loyal Regulars
15513,United Kingdom,33,35,27750.55,2,5,5,4.0,35,10831,49.38,662,0,0,Loyal Regulars
14527,United Kingdom,2,122,27792.3,1,5,5,3.6666666666666665,122,6762,10.29,735,0,1,Champions
17857,United Kingdom,4,24,28682.24,1,5,5,3.6666666666666665,24,22060,478.04,637,0,0,Loyal Regulars
13098,United Kingdom,1,28,28882.44,1,5,5,3.6666666666666665,28,15968,50.49,316,0,0,Loyal Regulars
13078,United Kingdom,3,57,29532.45,1,5,5,3.6666666666666665,57,12183,36.87,735,0,0,Loyal Regulars
17940,United Kingdom,49,16,30393.19,2,5,5,4.0,16,85580,844.26,687,0,0,Loyal Regulars
14606,United Kingdom,1,192,30861.06,1,5,5,3.6666666666666665,192,15635,4.7,735,0,1,Champions
12681,France,14,45,30868.28,1,5,5,3.6666666666666665,45,17596,21.07,712,0,0,Loyal Regulars
12709,Germany,15,34,31093.34,1,5,5,3.6666666666666665,34,13983,62.19,715,0,0,Loyal Regulars
17428,United Kingdom,0,45,31819.76,1,5,5,3.6666666666666665,45,17504,43.65,738,0,0,Loyal Regulars
14258,United Kingdom,9,25,32051.34,1,5,5,3.6666666666666665,25,17488,106.84,726,0,0,Loyal Regulars
16779,United Kingdom,2,53,33268.24,1,5,5,3.6666666666666665,53,19626,31.56,734,0,0,Loyal Regulars
13902,Denmark,632,5,34095.26,5,4,5,4.666666666666667,5,220600,541.19,92,1,2,Hibernating
15856,United Kingdom,4,52,34220.34,1,5,5,3.6666666666666665,52,20432,29.47,732,0,0,Loyal Regulars
12678,France,42,21,34281.18,2,5,5,4.0,21,22372,91.17,659,0,0,Loyal Regulars
13767,United Kingdom,2,73,35540.53,1,5,5,3.6666666666666665,73,15235,44.71,736,0,1,Champions
12921,United Kingdom,9,74,35921.04,1,5,5,3.6666666666666665,74,21708,23.42,729,0,1,Champions
17677,United Kingdom,1,54,36692.91,1,5,5,3.6666666666666665,54,21936,51.53,722,0,0,Loyal Regulars
17675,United Kingdom,1,70,38259.6,1,5,5,3.6666666666666665,70,16416,33.92,728,0,1,Champions
16210,United Kingdom,1,35,38489.51,1,5,5,3.6666666666666665,35,14263,136.97,736,0,0,Loyal Regulars
15098,United Kingdom,182,3,39916.5,3,3,5,3.6666666666666665,3,121,13305.5,0,1,0,Loyal Regulars
12471,Germany,2,79,39963.79,1,5,5,3.6666666666666665,79,16882,35.15,730,0,1,Champions
17381,United Kingdom,8,38,40002.37,1,5,5,3.6666666666666665,38,45767,229.9,540,0,0,Loyal Regulars
15039,United Kingdom,9,93,40031.43,1,5,5,3.6666666666666665,93,18183,14.34,720,0,1,Champions
14031,United Kingdom,7,44,40999.17,1,5,5,3.6666666666666665,44,14507,52.5,729,0,0,Loyal Regulars
16705,United Kingdom,0,42,43515.05,1,5,5,3.6666666666666665,42,22302,62.97,730,0,0,Loyal Regulars
15749,United Kingdom,235,3,44534.3,4,3,5,4.0,3,18028,4453.43,97,1,0,Loyal Regulars
13881,United Kingdom,3,43,45179.1,1,5,5,3.6666666666666665,43,29760,98.86,642,0,0,Loyal Regulars
17404,Sweden,4,23,47781.12,1,5,5,3.6666666666666665,23,50679,163.63,697,0,0,Loyal Regulars
13408,United Kingdom,1,106,51733.46,1,5,5,3.6666666666666665,106,29499,61.59,734,0,1,Champions
13093,United Kingdom,275,55,54943.65,4,5,5,4.666666666666667,55,26227,52.33,460,1,1,Champions
13777,United Kingdom,0,61,56478.42,1,5,5,3.6666666666666665,61,26742,144.45,737,0,1,Champions
12748,United Kingdom,0,336,56599.39,1,5,5,3.6666666666666665,336,39108,7.83,735,0,1,Champions
17850,United Kingdom,372,155,56600.08,4,5,5,4.666666666666667,155,22785,20.24,362,1,1,Champions
17389,United Kingdom,0,61,57224.68,1,5,5,3.6666666666666665,61,17882,132.77,735,0,1,Champions
14680,United Kingdom,25,58,57412.77,2,5,5,4.0,58,27364,44.44,710,0,1,Champions
16013,United Kingdom,3,84,57446.44,1,5,5,3.6666666666666665,84,25952,261.12,728,0,1,Champions
13081,United Kingdom,11,28,59205.15,1,5,5,3.6666666666666665,28,41423,25.15,720,0,0,Loyal Regulars
16422,United Kingdom,17,109,63651.47,1,5,5,3.6666666666666665,109,66369,89.4,679,0,1,Champions
14088,United Kingdom,10,16,64036.8,1,5,5,3.6666666666666665,16,15276,93.9,411,0,0,Loyal Regulars
14096,United Kingdom,4,17,65164.79,1,5,5,3.6666666666666665,17,16352,12.75,97,0,0,Loyal Regulars
16754,United Kingdom,372,29,67502.47,4,5,5,4.666666666666667,29,67831,475.37,269,1,0,Loyal Regulars
17841,United Kingdom,1,211,70884.07,1,5,5,3.6666666666666665,211,37558,5.5,736,0,1,Champions
15838,United Kingdom,11,34,74163.0,1,5,5,3.6666666666666665,34,64664,354.85,713,0,1,Champions
13798,United Kingdom,1,110,75836.87,1,5,5,3.6666666666666665,110,48347,105.04,730,0,1,Champions
12346,United Kingdom,325,12,77556.46,4,5,5,4.666666666666667,12,74285,2281.07,400,1,0,Loyal Regulars
15769,United Kingdom,7,46,88704.32,1,5,5,3.6666666666666665,46,49104,396.0,721,0,1,Champions
14298,United Kingdom,8,82,91194.49,1,5,5,3.6666666666666665,82,100272,31.84,720,0,1,Champions
12931,United Kingdom,21,57,92347.34,2,5,5,4.0,57,62906,423.61,717,0,1,Champions
13089,United Kingdom,2,203,116737.86,1,5,5,3.6666666666666665,203,60229,34.72,735,0,1,Champions
15311,United Kingdom,0,208,116771.16,1,5,5,3.6666666666666665,208,71010,26.34,738,0,1,Champions
17949,United Kingdom,1,118,118628.08,1,5,5,3.6666666666666665,118,60658,755.59,736,0,1,Champions
16029,United Kingdom,38,107,122209.14,2,5,5,4.0,107,56486,319.08,693,0,1,Champions
15061,United Kingdom,3,127,137818.52,1,5,5,3.6666666666666665,127,80711,139.63,735,0,1,Champions
12415,Australia,24,28,144458.37,2,5,5,4.0,28,91447,156.0,503,0,1,Champions
16684,United Kingdom,4,55,147142.77,1,5,5,3.6666666666666665,55,104810,204.93,728,0,1,Champions
16446,United Kingdom,0,2,168472.49,1,3,5,3.0,2,80997,56157.5,205,0,1,Champions
17511,United Kingdom,2,60,175603.55,1,5,5,3.6666666666666665,60,119656,91.89,735,0,1,Champions
13694,United Kingdom,3,143,196482.81,1,5,5,3.6666666666666665,143,189205,128.84,732,0,1,Champions
17450,United Kingdom,8,51,246973.09,1,5,5,3.6666666666666665,51,84720,582.48,430,0,1,Champions
14911,EIRE,1,398,295972.63,1,5,5,3.6666666666666665,398,149987,26.32,737,0,3,VIP Whales
14156,EIRE,9,156,313946.37,1,5,5,3.6666666666666665,156,165992,77.56,729,0,3,VIP Whales
14646,Netherlands,1,151,528602.52,1,5,5,3.6666666666666665,151,367193,137.34,736,0,3,VIP Whales
18102,United Kingdom,0,145,608821.65,1,5,5,3.6666666666666665,145,188340,575.45,738,0,3,VIP Whales
